2025/12/24 04:19:38 Config loaded successfully
2025/12/24 04:19:38 GCS_BUCKET_NAME from config: lazervault
2025/12/24 04:19:38 Successfully connected to database lazervault_go_db at localhost on port 5432 with user postgres

2025/12/24 04:19:38 [32m/Users/louislawrence/Music/apps/stack/lazervault-golang/database/migrations.go:148
[0m[33m[2.147ms] [34;1m[rows:0][0m CREATE EXTENSION IF NOT EXISTS "uuid-ossp";

2025/12/24 04:19:38 [32m/Users/louislawrence/Music/apps/stack/lazervault-golang/database/migrations.go:158
[0m[33m[17.579ms] [34;1m[rows:1][0m SELECT count(*) FROM information_schema.tables WHERE table_schema = CURRENT_SCHEMA() AND table_name = 'users' AND table_type = 'BASE TABLE'

2025/12/24 04:19:38 [32m/Users/louislawrence/Music/apps/stack/lazervault-golang/database/migrations.go:158
[0m[33m[0.350ms] [34;1m[rows:1][0m SELECT CURRENT_DATABASE()

2025/12/24 04:19:38 [32m/Users/louislawrence/Music/apps/stack/lazervault-golang/database/migrations.go:158
[0m[33m[18.476ms] [34;1m[rows:-][0m SELECT c.column_name, c.is_nullable = 'YES', c.udt_name, c.character_maximum_length, c.numeric_precision, c.numeric_precision_radix, c.numeric_scale, c.datetime_precision, 8 * typlen, c.column_default, pd.description, c.identity_increment FROM information_schema.columns AS c JOIN pg_type AS pgt ON c.udt_name = pgt.typname LEFT JOIN pg_catalog.pg_description as pd ON pd.objsubid = c.ordinal_position AND pd.objoid = (SELECT oid FROM pg_catalog.pg_class WHERE relname = c.table_name AND relnamespace = (SELECT oid FROM pg_catalog.pg_namespace WHERE nspname = c.table_schema)) where table_catalog = 'postgres' AND table_schema = CURRENT_SCHEMA() AND table_name = 'users'

2025/12/24 04:19:38 [32m/Users/louislawrence/Music/apps/stack/lazervault-golang/database/migrations.go:158
[0m[33m[2.218ms] [34;1m[rows:-][0m SELECT * FROM "users" LIMIT 5

2025/12/24 04:19:38 [32m/Users/louislawrence/Music/apps/stack/lazervault-golang/database/migrations.go:158
[0m[33m[26.533ms] [34;1m[rows:-][0m SELECT constraint_name FROM information_schema.table_constraints tc JOIN information_schema.constraint_column_usage AS ccu USING (constraint_schema, constraint_catalog, table_name, constraint_name) JOIN information_schema.columns AS c ON c.table_schema = tc.constraint_schema AND tc.table_name = c.table_name AND ccu.column_name = c.column_name WHERE constraint_type IN ('PRIMARY KEY', 'UNIQUE') AND c.table_catalog = 'postgres' AND c.table_schema = CURRENT_SCHEMA() AND c.table_name = 'users' AND constraint_type = 'UNIQUE'

2025/12/24 04:19:38 [32m/Users/louislawrence/Music/apps/stack/lazervault-golang/database/migrations.go:158
[0m[33m[23.752ms] [34;1m[rows:-][0m SELECT c.column_name, constraint_name, constraint_type FROM information_schema.table_constraints tc JOIN information_schema.constraint_column_usage AS ccu USING (constraint_schema, constraint_catalog, table_name, constraint_name) JOIN information_schema.columns AS c ON c.table_schema = tc.constraint_schema AND tc.table_name = c.table_name AND ccu.column_name = c.column_name WHERE constraint_type IN ('PRIMARY KEY', 'UNIQUE') AND c.table_catalog = 'postgres' AND c.table_schema = CURRENT_SCHEMA() AND c.table_name = 'users'

2025/12/24 04:19:38 [32m/Users/louislawrence/Music/apps/stack/lazervault-golang/database/migrations.go:158
[0m[33m[1.502ms] [34;1m[rows:-][0m SELECT a.attname as column_name, format_type(a.atttypid, a.atttypmod) AS data_type
		FROM pg_attribute a JOIN pg_class b ON a.attrelid = b.oid AND relnamespace = (SELECT oid FROM pg_catalog.pg_namespace WHERE nspname = CURRENT_SCHEMA())
		WHERE a.attnum > 0 -- hide internal columns
		AND NOT a.attisdropped -- hide deleted columns
		AND b.relname = 'users'

2025/12/24 04:19:38 [32m/Users/louislawrence/Music/apps/stack/lazervault-golang/database/migrations.go:158
[0m[33m[2.002ms] [34;1m[rows:0][0m SELECT description FROM pg_catalog.pg_description WHERE objsubid = (SELECT ordinal_position FROM information_schema.columns WHERE table_schema = CURRENT_SCHEMA() AND table_name = 'users' AND column_name = 'id') AND objoid = (SELECT oid FROM pg_catalog.pg_class WHERE relname = 'users' AND relnamespace = (SELECT oid FROM pg_catalog.pg_namespace WHERE nspname = CURRENT_SCHEMA()))

2025/12/24 04:19:38 [32m/Users/louislawrence/Music/apps/stack/lazervault-golang/database/migrations.go:158
[0m[33m[1.375ms] [34;1m[rows:0][0m SELECT description FROM pg_catalog.pg_description WHERE objsubid = (SELECT ordinal_position FROM information_schema.columns WHERE table_schema = CURRENT_SCHEMA() AND table_name = 'users' AND column_name = 'created_at') AND objoid = (SELECT oid FROM pg_catalog.pg_class WHERE relname = 'users' AND relnamespace = (SELECT oid FROM pg_catalog.pg_namespace WHERE nspname = CURRENT_SCHEMA()))

2025/12/24 04:19:38 [32m/Users/louislawrence/Music/apps/stack/lazervault-golang/database/migrations.go:158
[0m[33m[1.829ms] [34;1m[rows:0][0m SELECT description FROM pg_catalog.pg_description WHERE objsubid = (SELECT ordinal_position FROM information_schema.columns WHERE table_schema = CURRENT_SCHEMA() AND table_name = 'users' AND column_name = 'updated_at') AND objoid = (SELECT oid FROM pg_catalog.pg_class WHERE relname = 'users' AND relnamespace = (SELECT oid FROM pg_catalog.pg_namespace WHERE nspname = CURRENT_SCHEMA()))

2025/12/24 04:19:38 [32m/Users/louislawrence/Music/apps/stack/lazervault-golang/database/migrations.go:158
[0m[33m[1.320ms] [34;1m[rows:0][0m SELECT description FROM pg_catalog.pg_description WHERE objsubid = (SELECT ordinal_position FROM information_schema.columns WHERE table_schema = CURRENT_SCHEMA() AND table_name = 'users' AND column_name = 'deleted_at') AND objoid = (SELECT oid FROM pg_catalog.pg_class WHERE relname = 'users' AND relnamespace = (SELECT oid FROM pg_catalog.pg_namespace WHERE nspname = CURRENT_SCHEMA()))

2025/12/24 04:19:38 [32m/Users/louislawrence/Music/apps/stack/lazervault-golang/database/migrations.go:158
[0m[33m[1.195ms] [34;1m[rows:0][0m SELECT description FROM pg_catalog.pg_description WHERE objsubid = (SELECT ordinal_position FROM information_schema.columns WHERE table_schema = CURRENT_SCHEMA() AND table_name = 'users' AND column_name = 'first_name') AND objoid = (SELECT oid FROM pg_catalog.pg_class WHERE relname = 'users' AND relnamespace = (SELECT oid FROM pg_catalog.pg_namespace WHERE nspname = CURRENT_SCHEMA()))

2025/12/24 04:19:38 [32m/Users/louislawrence/Music/apps/stack/lazervault-golang/database/migrations.go:158
[0m[33m[1.207ms] [34;1m[rows:0][0m SELECT description FROM pg_catalog.pg_description WHERE objsubid = (SELECT ordinal_position FROM information_schema.columns WHERE table_schema = CURRENT_SCHEMA() AND table_name = 'users' AND column_name = 'last_name') AND objoid = (SELECT oid FROM pg_catalog.pg_class WHERE relname = 'users' AND relnamespace = (SELECT oid FROM pg_catalog.pg_namespace WHERE nspname = CURRENT_SCHEMA()))

2025/12/24 04:19:38 [32m/Users/louislawrence/Music/apps/stack/lazervault-golang/database/migrations.go:158
[0m[33m[0.183ms] [34;1m[rows:0][0m SELECT description FROM pg_catalog.pg_description WHERE objsubid = (SELECT ordinal_position FROM information_schema.columns WHERE table_schema = CURRENT_SCHEMA() AND table_name = 'users' AND column_name = 'username') AND objoid = (SELECT oid FROM pg_catalog.pg_class WHERE relname = 'users' AND relnamespace = (SELECT oid FROM pg_catalog.pg_namespace WHERE nspname = CURRENT_SCHEMA()))

2025/12/24 04:19:38 [32m/Users/louislawrence/Music/apps/stack/lazervault-golang/database/migrations.go:158
[0m[33m[0.181ms] [34;1m[rows:0][0m SELECT description FROM pg_catalog.pg_description WHERE objsubid = (SELECT ordinal_position FROM information_schema.columns WHERE table_schema = CURRENT_SCHEMA() AND table_name = 'users' AND column_name = 'email') AND objoid = (SELECT oid FROM pg_catalog.pg_class WHERE relname = 'users' AND relnamespace = (SELECT oid FROM pg_catalog.pg_namespace WHERE nspname = CURRENT_SCHEMA()))

2025/12/24 04:19:38 [32m/Users/louislawrence/Music/apps/stack/lazervault-golang/database/migrations.go:158
[0m[33m[0.180ms] [34;1m[rows:0][0m SELECT description FROM pg_catalog.pg_description WHERE objsubid = (SELECT ordinal_position FROM information_schema.columns WHERE table_schema = CURRENT_SCHEMA() AND table_name = 'users' AND column_name = 'password') AND objoid = (SELECT oid FROM pg_catalog.pg_class WHERE relname = 'users' AND relnamespace = (SELECT oid FROM pg_catalog.pg_namespace WHERE nspname = CURRENT_SCHEMA()))

2025/12/24 04:19:38 [32m/Users/louislawrence/Music/apps/stack/lazervault-golang/database/migrations.go:158
[0m[33m[0.165ms] [34;1m[rows:0][0m SELECT description FROM pg_catalog.pg_description WHERE objsubid = (SELECT ordinal_position FROM information_schema.columns WHERE table_schema = CURRENT_SCHEMA() AND table_name = 'users' AND column_name = 'phone_number') AND objoid = (SELECT oid FROM pg_catalog.pg_class WHERE relname = 'users' AND relnamespace = (SELECT oid FROM pg_catalog.pg_namespace WHERE nspname = CURRENT_SCHEMA()))

2025/12/24 04:19:38 [32m/Users/louislawrence/Music/apps/stack/lazervault-golang/database/migrations.go:158
[0m[33m[0.170ms] [34;1m[rows:0][0m SELECT description FROM pg_catalog.pg_description WHERE objsubid = (SELECT ordinal_position FROM information_schema.columns WHERE table_schema = CURRENT_SCHEMA() AND table_name = 'users' AND column_name = 'user_id') AND objoid = (SELECT oid FROM pg_catalog.pg_class WHERE relname = 'users' AND relnamespace = (SELECT oid FROM pg_catalog.pg_namespace WHERE nspname = CURRENT_SCHEMA()))

2025/12/24 04:19:38 [32m/Users/louislawrence/Music/apps/stack/lazervault-golang/database/migrations.go:158
[0m[33m[0.190ms] [34;1m[rows:0][0m SELECT description FROM pg_catalog.pg_description WHERE objsubid = (SELECT ordinal_position FROM information_schema.columns WHERE table_schema = CURRENT_SCHEMA() AND table_name = 'users' AND column_name = 'role') AND objoid = (SELECT oid FROM pg_catalog.pg_class WHERE relname = 'users' AND relnamespace = (SELECT oid FROM pg_catalog.pg_namespace WHERE nspname = CURRENT_SCHEMA()))

2025/12/24 04:19:38 [32m/Users/louislawrence/Music/apps/stack/lazervault-golang/database/migrations.go:158
[0m[33m[0.190ms] [34;1m[rows:0][0m SELECT description FROM pg_catalog.pg_description WHERE objsubid = (SELECT ordinal_position FROM information_schema.columns WHERE table_schema = CURRENT_SCHEMA() AND table_name = 'users' AND column_name = 'verified') AND objoid = (SELECT oid FROM pg_catalog.pg_class WHERE relname = 'users' AND relnamespace = (SELECT oid FROM pg_catalog.pg_namespace WHERE nspname = CURRENT_SCHEMA()))

2025/12/24 04:19:38 [32m/Users/louislawrence/Music/apps/stack/lazervault-golang/database/migrations.go:158
[0m[33m[0.224ms] [34;1m[rows:0][0m SELECT description FROM pg_catalog.pg_description WHERE objsubid = (SELECT ordinal_position FROM information_schema.columns WHERE table_schema = CURRENT_SCHEMA() AND table_name = 'users' AND column_name = 'verified_at') AND objoid = (SELECT oid FROM pg_catalog.pg_class WHERE relname = 'users' AND relnamespace = (SELECT oid FROM pg_catalog.pg_namespace WHERE nspname = CURRENT_SCHEMA()))

2025/12/24 04:19:38 [32m/Users/louislawrence/Music/apps/stack/lazervault-golang/database/migrations.go:158
[0m[33m[0.178ms] [34;1m[rows:0][0m SELECT description FROM pg_catalog.pg_description WHERE objsubid = (SELECT ordinal_position FROM information_schema.columns WHERE table_schema = CURRENT_SCHEMA() AND table_name = 'users' AND column_name = 'profile_picture') AND objoid = (SELECT oid FROM pg_catalog.pg_class WHERE relname = 'users' AND relnamespace = (SELECT oid FROM pg_catalog.pg_namespace WHERE nspname = CURRENT_SCHEMA()))

2025/12/24 04:19:38 [32m/Users/louislawrence/Music/apps/stack/lazervault-golang/database/migrations.go:158
[0m[33m[0.178ms] [34;1m[rows:0][0m SELECT description FROM pg_catalog.pg_description WHERE objsubid = (SELECT ordinal_position FROM information_schema.columns WHERE table_schema = CURRENT_SCHEMA() AND table_name = 'users' AND column_name = 'is_partial') AND objoid = (SELECT oid FROM pg_catalog.pg_class WHERE relname = 'users' AND relnamespace = (SELECT oid FROM pg_catalog.pg_namespace WHERE nspname = CURRENT_SCHEMA()))

2025/12/24 04:19:38 [32m/Users/louislawrence/Music/apps/stack/lazervault-golang/database/migrations.go:158
[0m[33m[0.185ms] [34;1m[rows:0][0m SELECT description FROM pg_catalog.pg_description WHERE objsubid = (SELECT ordinal_position FROM information_schema.columns WHERE table_schema = CURRENT_SCHEMA() AND table_name = 'users' AND column_name = 'invited_by') AND objoid = (SELECT oid FROM pg_catalog.pg_class WHERE relname = 'users' AND relnamespace = (SELECT oid FROM pg_catalog.pg_namespace WHERE nspname = CURRENT_SCHEMA()))

2025/12/24 04:19:38 [32m/Users/louislawrence/Music/apps/stack/lazervault-golang/database/migrations.go:158
[0m[33m[0.175ms] [34;1m[rows:0][0m SELECT description FROM pg_catalog.pg_description WHERE objsubid = (SELECT ordinal_position FROM information_schema.columns WHERE table_schema = CURRENT_SCHEMA() AND table_name = 'users' AND column_name = 'google_id') AND objoid = (SELECT oid FROM pg_catalog.pg_class WHERE relname = 'users' AND relnamespace = (SELECT oid FROM pg_catalog.pg_namespace WHERE nspname = CURRENT_SCHEMA()))

2025/12/24 04:19:38 [32m/Users/louislawrence/Music/apps/stack/lazervault-golang/database/migrations.go:158
[0m[33m[0.169ms] [34;1m[rows:0][0m SELECT description FROM pg_catalog.pg_description WHERE objsubid = (SELECT ordinal_position FROM information_schema.columns WHERE table_schema = CURRENT_SCHEMA() AND table_name = 'users' AND column_name = 'apple_id') AND objoid = (SELECT oid FROM pg_catalog.pg_class WHERE relname = 'users' AND relnamespace = (SELECT oid FROM pg_catalog.pg_namespace WHERE nspname = CURRENT_SCHEMA()))

2025/12/24 04:19:38 [32m/Users/louislawrence/Music/apps/stack/lazervault-golang/database/migrations.go:158
[0m[33m[0.141ms] [34;1m[rows:0][0m SELECT description FROM pg_catalog.pg_description WHERE objsubid = (SELECT ordinal_position FROM information_schema.columns WHERE table_schema = CURRENT_SCHEMA() AND table_name = 'users' AND column_name = 'reset_password_token') AND objoid = (SELECT oid FROM pg_catalog.pg_class WHERE relname = 'users' AND relnamespace = (SELECT oid FROM pg_catalog.pg_namespace WHERE nspname = CURRENT_SCHEMA()))

2025/12/24 04:19:38 [32m/Users/louislawrence/Music/apps/stack/lazervault-golang/database/migrations.go:158
[0m[33m[0.133ms] [34;1m[rows:0][0m SELECT description FROM pg_catalog.pg_description WHERE objsubid = (SELECT ordinal_position FROM information_schema.columns WHERE table_schema = CURRENT_SCHEMA() AND table_name = 'users' AND column_name = 'reset_password_token_expires_at') AND objoid = (SELECT oid FROM pg_catalog.pg_class WHERE relname = 'users' AND relnamespace = (SELECT oid FROM pg_catalog.pg_namespace WHERE nspname = CURRENT_SCHEMA()))

2025/12/24 04:19:38 [32m/Users/louislawrence/Music/apps/stack/lazervault-golang/database/migrations.go:158
[0m[33m[0.128ms] [34;1m[rows:0][0m SELECT description FROM pg_catalog.pg_description WHERE objsubid = (SELECT ordinal_position FROM information_schema.columns WHERE table_schema = CURRENT_SCHEMA() AND table_name = 'users' AND column_name = 'transaction_pin') AND objoid = (SELECT oid FROM pg_catalog.pg_class WHERE relname = 'users' AND relnamespace = (SELECT oid FROM pg_catalog.pg_namespace WHERE nspname = CURRENT_SCHEMA()))

2025/12/24 04:19:38 [32m/Users/louislawrence/Music/apps/stack/lazervault-golang/database/migrations.go:158
[0m[33m[0.126ms] [34;1m[rows:0][0m SELECT description FROM pg_catalog.pg_description WHERE objsubid = (SELECT ordinal_position FROM information_schema.columns WHERE table_schema = CURRENT_SCHEMA() AND table_name = 'users' AND column_name = 'login_passcode') AND objoid = (SELECT oid FROM pg_catalog.pg_class WHERE relname = 'users' AND relnamespace = (SELECT oid FROM pg_catalog.pg_namespace WHERE nspname = CURRENT_SCHEMA()))

2025/12/24 04:19:38 [32m/Users/louislawrence/Music/apps/stack/lazervault-golang/database/migrations.go:158
[0m[33m[0.127ms] [34;1m[rows:0][0m SELECT description FROM pg_catalog.pg_description WHERE objsubid = (SELECT ordinal_position FROM information_schema.columns WHERE table_schema = CURRENT_SCHEMA() AND table_name = 'users' AND column_name = 'facial_recognition_enabled') AND objoid = (SELECT oid FROM pg_catalog.pg_class WHERE relname = 'users' AND relnamespace = (SELECT oid FROM pg_catalog.pg_namespace WHERE nspname = CURRENT_SCHEMA()))

2025/12/24 04:19:38 [32m/Users/louislawrence/Music/apps/stack/lazervault-golang/database/migrations.go:158
[0m[33m[0.122ms] [34;1m[rows:0][0m SELECT description FROM pg_catalog.pg_description WHERE objsubid = (SELECT ordinal_position FROM information_schema.columns WHERE table_schema = CURRENT_SCHEMA() AND table_name = 'users' AND column_name = 'face_registered_at') AND objoid = (SELECT oid FROM pg_catalog.pg_class WHERE relname = 'users' AND relnamespace = (SELECT oid FROM pg_catalog.pg_namespace WHERE nspname = CURRENT_SCHEMA()))

2025/12/24 04:19:38 [32m/Users/louislawrence/Music/apps/stack/lazervault-golang/database/migrations.go:158
[0m[33m[0.124ms] [34;1m[rows:0][0m SELECT description FROM pg_catalog.pg_description WHERE objsubid = (SELECT ordinal_position FROM information_schema.columns WHERE table_schema = CURRENT_SCHEMA() AND table_name = 'users' AND column_name = 'language') AND objoid = (SELECT oid FROM pg_catalog.pg_class WHERE relname = 'users' AND relnamespace = (SELECT oid FROM pg_catalog.pg_namespace WHERE nspname = CURRENT_SCHEMA()))

2025/12/24 04:19:38 [32m/Users/louislawrence/Music/apps/stack/lazervault-golang/database/migrations.go:158
[0m[33m[0.126ms] [34;1m[rows:0][0m SELECT description FROM pg_catalog.pg_description WHERE objsubid = (SELECT ordinal_position FROM information_schema.columns WHERE table_schema = CURRENT_SCHEMA() AND table_name = 'users' AND column_name = 'currency') AND objoid = (SELECT oid FROM pg_catalog.pg_class WHERE relname = 'users' AND relnamespace = (SELECT oid FROM pg_catalog.pg_namespace WHERE nspname = CURRENT_SCHEMA()))

2025/12/24 04:19:38 [32m/Users/louislawrence/Music/apps/stack/lazervault-golang/database/migrations.go:158
[0m[33m[0.121ms] [34;1m[rows:0][0m SELECT description FROM pg_catalog.pg_description WHERE objsubid = (SELECT ordinal_position FROM information_schema.columns WHERE table_schema = CURRENT_SCHEMA() AND table_name = 'users' AND column_name = 'country') AND objoid = (SELECT oid FROM pg_catalog.pg_class WHERE relname = 'users' AND relnamespace = (SELECT oid FROM pg_catalog.pg_namespace WHERE nspname = CURRENT_SCHEMA()))

2025/12/24 04:19:38 [32m/Users/louislawrence/Music/apps/stack/lazervault-golang/database/migrations.go:158
[0m[33m[2.857ms] [34;1m[rows:1][0m SELECT count(*) FROM pg_indexes WHERE tablename = 'users' AND indexname = 'idx_invited_by' AND schemaname = CURRENT_SCHEMA()

2025/12/24 04:19:38 [32m/Users/louislawrence/Music/apps/stack/lazervault-golang/database/migrations.go:158
[0m[33m[0.501ms] [34;1m[rows:1][0m SELECT count(*) FROM pg_indexes WHERE tablename = 'users' AND indexname = 'idx_google_id' AND schemaname = CURRENT_SCHEMA()

2025/12/24 04:19:38 [32m/Users/louislawrence/Music/apps/stack/lazervault-golang/database/migrations.go:158
[0m[33m[0.780ms] [34;1m[rows:1][0m SELECT count(*) FROM pg_indexes WHERE tablename = 'users' AND indexname = 'idx_apple_id' AND schemaname = CURRENT_SCHEMA()

2025/12/24 04:19:38 [32m/Users/louislawrence/Music/apps/stack/lazervault-golang/database/migrations.go:158
[0m[33m[0.473ms] [34;1m[rows:1][0m SELECT count(*) FROM pg_indexes WHERE tablename = 'users' AND indexname = 'idx_users_reset_password_token' AND schemaname = CURRENT_SCHEMA()

2025/12/24 04:19:38 [32m/Users/louislawrence/Music/apps/stack/lazervault-golang/database/migrations.go:158
[0m[33m[0.414ms] [34;1m[rows:1][0m SELECT count(*) FROM pg_indexes WHERE tablename = 'users' AND indexname = 'idx_users_deleted_at' AND schemaname = CURRENT_SCHEMA()

2025/12/24 04:19:38 [32m/Users/louislawrence/Music/apps/stack/lazervault-golang/database/migrations.go:158
[0m[33m[0.475ms] [34;1m[rows:1][0m SELECT count(*) FROM pg_indexes WHERE tablename = 'users' AND indexname = 'idx_username' AND schemaname = CURRENT_SCHEMA()

2025/12/24 04:19:38 [32m/Users/louislawrence/Music/apps/stack/lazervault-golang/database/migrations.go:158
[0m[33m[0.126ms] [34;1m[rows:1][0m SELECT count(*) FROM pg_indexes WHERE tablename = 'users' AND indexname = 'uni_users_email' AND schemaname = CURRENT_SCHEMA()

2025/12/24 04:19:38 [32m/Users/louislawrence/Music/apps/stack/lazervault-golang/database/migrations.go:158
[0m[33m[0.109ms] [34;1m[rows:1][0m SELECT count(*) FROM pg_indexes WHERE tablename = 'users' AND indexname = 'uni_users_phone_number' AND schemaname = CURRENT_SCHEMA()

2025/12/24 04:19:38 [32m/Users/louislawrence/Music/apps/stack/lazervault-golang/database/migrations.go:164
[0m[33m[0.585ms] [34;1m[rows:1][0m SELECT count(*) FROM information_schema.tables WHERE table_schema = CURRENT_SCHEMA() AND table_name = 'users' AND table_type = 'BASE TABLE'

2025/12/24 04:19:38 [32m/Users/louislawrence/Music/apps/stack/lazervault-golang/database/migrations.go:164
[0m[33m[0.075ms] [34;1m[rows:1][0m SELECT CURRENT_DATABASE()

2025/12/24 04:19:38 [32m/Users/louislawrence/Music/apps/stack/lazervault-golang/database/migrations.go:164
[0m[33m[4.675ms] [34;1m[rows:-][0m SELECT c.column_name, c.is_nullable = 'YES', c.udt_name, c.character_maximum_length, c.numeric_precision, c.numeric_precision_radix, c.numeric_scale, c.datetime_precision, 8 * typlen, c.column_default, pd.description, c.identity_increment FROM information_schema.columns AS c JOIN pg_type AS pgt ON c.udt_name = pgt.typname LEFT JOIN pg_catalog.pg_description as pd ON pd.objsubid = c.ordinal_position AND pd.objoid = (SELECT oid FROM pg_catalog.pg_class WHERE relname = c.table_name AND relnamespace = (SELECT oid FROM pg_catalog.pg_namespace WHERE nspname = c.table_schema)) where table_catalog = 'postgres' AND table_schema = CURRENT_SCHEMA() AND table_name = 'users'

2025/12/24 04:19:38 [32m/Users/louislawrence/Music/apps/stack/lazervault-golang/database/migrations.go:164
[0m[33m[0.248ms] [34;1m[rows:-][0m SELECT * FROM "users" LIMIT 5

2025/12/24 04:19:38 [32m/Users/louislawrence/Music/apps/stack/lazervault-golang/database/migrations.go:164
[0m[33m[23.350ms] [34;1m[rows:-][0m SELECT constraint_name FROM information_schema.table_constraints tc JOIN information_schema.constraint_column_usage AS ccu USING (constraint_schema, constraint_catalog, table_name, constraint_name) JOIN information_schema.columns AS c ON c.table_schema = tc.constraint_schema AND tc.table_name = c.table_name AND ccu.column_name = c.column_name WHERE constraint_type IN ('PRIMARY KEY', 'UNIQUE') AND c.table_catalog = 'postgres' AND c.table_schema = CURRENT_SCHEMA() AND c.table_name = 'users' AND constraint_type = 'UNIQUE'

2025/12/24 04:19:38 [32m/Users/louislawrence/Music/apps/stack/lazervault-golang/database/migrations.go:164
[0m[33m[21.932ms] [34;1m[rows:-][0m SELECT c.column_name, constraint_name, constraint_type FROM information_schema.table_constraints tc JOIN information_schema.constraint_column_usage AS ccu USING (constraint_schema, constraint_catalog, table_name, constraint_name) JOIN information_schema.columns AS c ON c.table_schema = tc.constraint_schema AND tc.table_name = c.table_name AND ccu.column_name = c.column_name WHERE constraint_type IN ('PRIMARY KEY', 'UNIQUE') AND c.table_catalog = 'postgres' AND c.table_schema = CURRENT_SCHEMA() AND c.table_name = 'users'

2025/12/24 04:19:38 [32m/Users/louislawrence/Music/apps/stack/lazervault-golang/database/migrations.go:164
[0m[33m[0.440ms] [34;1m[rows:-][0m SELECT a.attname as column_name, format_type(a.atttypid, a.atttypmod) AS data_type
		FROM pg_attribute a JOIN pg_class b ON a.attrelid = b.oid AND relnamespace = (SELECT oid FROM pg_catalog.pg_namespace WHERE nspname = CURRENT_SCHEMA())
		WHERE a.attnum > 0 -- hide internal columns
		AND NOT a.attisdropped -- hide deleted columns
		AND b.relname = 'users'

2025/12/24 04:19:38 [32m/Users/louislawrence/Music/apps/stack/lazervault-golang/database/migrations.go:164
[0m[33m[0.279ms] [34;1m[rows:0][0m SELECT description FROM pg_catalog.pg_description WHERE objsubid = (SELECT ordinal_position FROM information_schema.columns WHERE table_schema = CURRENT_SCHEMA() AND table_name = 'users' AND column_name = 'id') AND objoid = (SELECT oid FROM pg_catalog.pg_class WHERE relname = 'users' AND relnamespace = (SELECT oid FROM pg_catalog.pg_namespace WHERE nspname = CURRENT_SCHEMA()))

2025/12/24 04:19:38 [32m/Users/louislawrence/Music/apps/stack/lazervault-golang/database/migrations.go:164
[0m[33m[0.199ms] [34;1m[rows:0][0m SELECT description FROM pg_catalog.pg_description WHERE objsubid = (SELECT ordinal_position FROM information_schema.columns WHERE table_schema = CURRENT_SCHEMA() AND table_name = 'users' AND column_name = 'created_at') AND objoid = (SELECT oid FROM pg_catalog.pg_class WHERE relname = 'users' AND relnamespace = (SELECT oid FROM pg_catalog.pg_namespace WHERE nspname = CURRENT_SCHEMA()))

2025/12/24 04:19:38 [32m/Users/louislawrence/Music/apps/stack/lazervault-golang/database/migrations.go:164
[0m[33m[0.171ms] [34;1m[rows:0][0m SELECT description FROM pg_catalog.pg_description WHERE objsubid = (SELECT ordinal_position FROM information_schema.columns WHERE table_schema = CURRENT_SCHEMA() AND table_name = 'users' AND column_name = 'updated_at') AND objoid = (SELECT oid FROM pg_catalog.pg_class WHERE relname = 'users' AND relnamespace = (SELECT oid FROM pg_catalog.pg_namespace WHERE nspname = CURRENT_SCHEMA()))

2025/12/24 04:19:38 [32m/Users/louislawrence/Music/apps/stack/lazervault-golang/database/migrations.go:164
[0m[33m[0.167ms] [34;1m[rows:0][0m SELECT description FROM pg_catalog.pg_description WHERE objsubid = (SELECT ordinal_position FROM information_schema.columns WHERE table_schema = CURRENT_SCHEMA() AND table_name = 'users' AND column_name = 'deleted_at') AND objoid = (SELECT oid FROM pg_catalog.pg_class WHERE relname = 'users' AND relnamespace = (SELECT oid FROM pg_catalog.pg_namespace WHERE nspname = CURRENT_SCHEMA()))

2025/12/24 04:19:38 [32m/Users/louislawrence/Music/apps/stack/lazervault-golang/database/migrations.go:164
[0m[33m[0.157ms] [34;1m[rows:0][0m SELECT description FROM pg_catalog.pg_description WHERE objsubid = (SELECT ordinal_position FROM information_schema.columns WHERE table_schema = CURRENT_SCHEMA() AND table_name = 'users' AND column_name = 'first_name') AND objoid = (SELECT oid FROM pg_catalog.pg_class WHERE relname = 'users' AND relnamespace = (SELECT oid FROM pg_catalog.pg_namespace WHERE nspname = CURRENT_SCHEMA()))

2025/12/24 04:19:38 [32m/Users/louislawrence/Music/apps/stack/lazervault-golang/database/migrations.go:164
[0m[33m[0.160ms] [34;1m[rows:0][0m SELECT description FROM pg_catalog.pg_description WHERE objsubid = (SELECT ordinal_position FROM information_schema.columns WHERE table_schema = CURRENT_SCHEMA() AND table_name = 'users' AND column_name = 'last_name') AND objoid = (SELECT oid FROM pg_catalog.pg_class WHERE relname = 'users' AND relnamespace = (SELECT oid FROM pg_catalog.pg_namespace WHERE nspname = CURRENT_SCHEMA()))

2025/12/24 04:19:38 [32m/Users/louislawrence/Music/apps/stack/lazervault-golang/database/migrations.go:164
[0m[33m[0.155ms] [34;1m[rows:0][0m SELECT description FROM pg_catalog.pg_description WHERE objsubid = (SELECT ordinal_position FROM information_schema.columns WHERE table_schema = CURRENT_SCHEMA() AND table_name = 'users' AND column_name = 'username') AND objoid = (SELECT oid FROM pg_catalog.pg_class WHERE relname = 'users' AND relnamespace = (SELECT oid FROM pg_catalog.pg_namespace WHERE nspname = CURRENT_SCHEMA()))

2025/12/24 04:19:38 [32m/Users/louislawrence/Music/apps/stack/lazervault-golang/database/migrations.go:164
[0m[33m[0.184ms] [34;1m[rows:0][0m SELECT description FROM pg_catalog.pg_description WHERE objsubid = (SELECT ordinal_position FROM information_schema.columns WHERE table_schema = CURRENT_SCHEMA() AND table_name = 'users' AND column_name = 'email') AND objoid = (SELECT oid FROM pg_catalog.pg_class WHERE relname = 'users' AND relnamespace = (SELECT oid FROM pg_catalog.pg_namespace WHERE nspname = CURRENT_SCHEMA()))

2025/12/24 04:19:38 [32m/Users/louislawrence/Music/apps/stack/lazervault-golang/database/migrations.go:164
[0m[33m[0.154ms] [34;1m[rows:0][0m SELECT description FROM pg_catalog.pg_description WHERE objsubid = (SELECT ordinal_position FROM information_schema.columns WHERE table_schema = CURRENT_SCHEMA() AND table_name = 'users' AND column_name = 'password') AND objoid = (SELECT oid FROM pg_catalog.pg_class WHERE relname = 'users' AND relnamespace = (SELECT oid FROM pg_catalog.pg_namespace WHERE nspname = CURRENT_SCHEMA()))

2025/12/24 04:19:38 [32m/Users/louislawrence/Music/apps/stack/lazervault-golang/database/migrations.go:164
[0m[33m[0.163ms] [34;1m[rows:0][0m SELECT description FROM pg_catalog.pg_description WHERE objsubid = (SELECT ordinal_position FROM information_schema.columns WHERE table_schema = CURRENT_SCHEMA() AND table_name = 'users' AND column_name = 'phone_number') AND objoid = (SELECT oid FROM pg_catalog.pg_class WHERE relname = 'users' AND relnamespace = (SELECT oid FROM pg_catalog.pg_namespace WHERE nspname = CURRENT_SCHEMA()))

2025/12/24 04:19:38 [32m/Users/louislawrence/Music/apps/stack/lazervault-golang/database/migrations.go:164
[0m[33m[0.161ms] [34;1m[rows:0][0m SELECT description FROM pg_catalog.pg_description WHERE objsubid = (SELECT ordinal_position FROM information_schema.columns WHERE table_schema = CURRENT_SCHEMA() AND table_name = 'users' AND column_name = 'user_id') AND objoid = (SELECT oid FROM pg_catalog.pg_class WHERE relname = 'users' AND relnamespace = (SELECT oid FROM pg_catalog.pg_namespace WHERE nspname = CURRENT_SCHEMA()))

2025/12/24 04:19:38 [32m/Users/louislawrence/Music/apps/stack/lazervault-golang/database/migrations.go:164
[0m[33m[0.240ms] [34;1m[rows:0][0m SELECT description FROM pg_catalog.pg_description WHERE objsubid = (SELECT ordinal_position FROM information_schema.columns WHERE table_schema = CURRENT_SCHEMA() AND table_name = 'users' AND column_name = 'role') AND objoid = (SELECT oid FROM pg_catalog.pg_class WHERE relname = 'users' AND relnamespace = (SELECT oid FROM pg_catalog.pg_namespace WHERE nspname = CURRENT_SCHEMA()))

2025/12/24 04:19:38 [32m/Users/louislawrence/Music/apps/stack/lazervault-golang/database/migrations.go:164
[0m[33m[0.239ms] [34;1m[rows:0][0m SELECT description FROM pg_catalog.pg_description WHERE objsubid = (SELECT ordinal_position FROM information_schema.columns WHERE table_schema = CURRENT_SCHEMA() AND table_name = 'users' AND column_name = 'verified') AND objoid = (SELECT oid FROM pg_catalog.pg_class WHERE relname = 'users' AND relnamespace = (SELECT oid FROM pg_catalog.pg_namespace WHERE nspname = CURRENT_SCHEMA()))

2025/12/24 04:19:38 [32m/Users/louislawrence/Music/apps/stack/lazervault-golang/database/migrations.go:164
[0m[33m[0.189ms] [34;1m[rows:0][0m SELECT description FROM pg_catalog.pg_description WHERE objsubid = (SELECT ordinal_position FROM information_schema.columns WHERE table_schema = CURRENT_SCHEMA() AND table_name = 'users' AND column_name = 'verified_at') AND objoid = (SELECT oid FROM pg_catalog.pg_class WHERE relname = 'users' AND relnamespace = (SELECT oid FROM pg_catalog.pg_namespace WHERE nspname = CURRENT_SCHEMA()))

2025/12/24 04:19:38 [32m/Users/louislawrence/Music/apps/stack/lazervault-golang/database/migrations.go:164
[0m[33m[0.226ms] [34;1m[rows:0][0m SELECT description FROM pg_catalog.pg_description WHERE objsubid = (SELECT ordinal_position FROM information_schema.columns WHERE table_schema = CURRENT_SCHEMA() AND table_name = 'users' AND column_name = 'profile_picture') AND objoid = (SELECT oid FROM pg_catalog.pg_class WHERE relname = 'users' AND relnamespace = (SELECT oid FROM pg_catalog.pg_namespace WHERE nspname = CURRENT_SCHEMA()))

2025/12/24 04:19:38 [32m/Users/louislawrence/Music/apps/stack/lazervault-golang/database/migrations.go:164
[0m[33m[0.333ms] [34;1m[rows:0][0m SELECT description FROM pg_catalog.pg_description WHERE objsubid = (SELECT ordinal_position FROM information_schema.columns WHERE table_schema = CURRENT_SCHEMA() AND table_name = 'users' AND column_name = 'is_partial') AND objoid = (SELECT oid FROM pg_catalog.pg_class WHERE relname = 'users' AND relnamespace = (SELECT oid FROM pg_catalog.pg_namespace WHERE nspname = CURRENT_SCHEMA()))

2025/12/24 04:19:38 [32m/Users/louislawrence/Music/apps/stack/lazervault-golang/database/migrations.go:164
[0m[33m[0.192ms] [34;1m[rows:0][0m SELECT description FROM pg_catalog.pg_description WHERE objsubid = (SELECT ordinal_position FROM information_schema.columns WHERE table_schema = CURRENT_SCHEMA() AND table_name = 'users' AND column_name = 'invited_by') AND objoid = (SELECT oid FROM pg_catalog.pg_class WHERE relname = 'users' AND relnamespace = (SELECT oid FROM pg_catalog.pg_namespace WHERE nspname = CURRENT_SCHEMA()))

2025/12/24 04:19:38 [32m/Users/louislawrence/Music/apps/stack/lazervault-golang/database/migrations.go:164
[0m[33m[0.178ms] [34;1m[rows:0][0m SELECT description FROM pg_catalog.pg_description WHERE objsubid = (SELECT ordinal_position FROM information_schema.columns WHERE table_schema = CURRENT_SCHEMA() AND table_name = 'users' AND column_name = 'google_id') AND objoid = (SELECT oid FROM pg_catalog.pg_class WHERE relname = 'users' AND relnamespace = (SELECT oid FROM pg_catalog.pg_namespace WHERE nspname = CURRENT_SCHEMA()))

2025/12/24 04:19:38 [32m/Users/louislawrence/Music/apps/stack/lazervault-golang/database/migrations.go:164
[0m[33m[0.199ms] [34;1m[rows:0][0m SELECT description FROM pg_catalog.pg_description WHERE objsubid = (SELECT ordinal_position FROM information_schema.columns WHERE table_schema = CURRENT_SCHEMA() AND table_name = 'users' AND column_name = 'apple_id') AND objoid = (SELECT oid FROM pg_catalog.pg_class WHERE relname = 'users' AND relnamespace = (SELECT oid FROM pg_catalog.pg_namespace WHERE nspname = CURRENT_SCHEMA()))

2025/12/24 04:19:38 [32m/Users/louislawrence/Music/apps/stack/lazervault-golang/database/migrations.go:164
[0m[33m[0.178ms] [34;1m[rows:0][0m SELECT description FROM pg_catalog.pg_description WHERE objsubid = (SELECT ordinal_position FROM information_schema.columns WHERE table_schema = CURRENT_SCHEMA() AND table_name = 'users' AND column_name = 'reset_password_token') AND objoid = (SELECT oid FROM pg_catalog.pg_class WHERE relname = 'users' AND relnamespace = (SELECT oid FROM pg_catalog.pg_namespace WHERE nspname = CURRENT_SCHEMA()))

2025/12/24 04:19:38 [32m/Users/louislawrence/Music/apps/stack/lazervault-golang/database/migrations.go:164
[0m[33m[0.182ms] [34;1m[rows:0][0m SELECT description FROM pg_catalog.pg_description WHERE objsubid = (SELECT ordinal_position FROM information_schema.columns WHERE table_schema = CURRENT_SCHEMA() AND table_name = 'users' AND column_name = 'reset_password_token_expires_at') AND objoid = (SELECT oid FROM pg_catalog.pg_class WHERE relname = 'users' AND relnamespace = (SELECT oid FROM pg_catalog.pg_namespace WHERE nspname = CURRENT_SCHEMA()))

2025/12/24 04:19:38 [32m/Users/louislawrence/Music/apps/stack/lazervault-golang/database/migrations.go:164
[0m[33m[0.165ms] [34;1m[rows:0][0m SELECT description FROM pg_catalog.pg_description WHERE objsubid = (SELECT ordinal_position FROM information_schema.columns WHERE table_schema = CURRENT_SCHEMA() AND table_name = 'users' AND column_name = 'transaction_pin') AND objoid = (SELECT oid FROM pg_catalog.pg_class WHERE relname = 'users' AND relnamespace = (SELECT oid FROM pg_catalog.pg_namespace WHERE nspname = CURRENT_SCHEMA()))

2025/12/24 04:19:38 [32m/Users/louislawrence/Music/apps/stack/lazervault-golang/database/migrations.go:164
[0m[33m[0.163ms] [34;1m[rows:0][0m SELECT description FROM pg_catalog.pg_description WHERE objsubid = (SELECT ordinal_position FROM information_schema.columns WHERE table_schema = CURRENT_SCHEMA() AND table_name = 'users' AND column_name = 'login_passcode') AND objoid = (SELECT oid FROM pg_catalog.pg_class WHERE relname = 'users' AND relnamespace = (SELECT oid FROM pg_catalog.pg_namespace WHERE nspname = CURRENT_SCHEMA()))

2025/12/24 04:19:38 [32m/Users/louislawrence/Music/apps/stack/lazervault-golang/database/migrations.go:164
[0m[33m[0.157ms] [34;1m[rows:0][0m SELECT description FROM pg_catalog.pg_description WHERE objsubid = (SELECT ordinal_position FROM information_schema.columns WHERE table_schema = CURRENT_SCHEMA() AND table_name = 'users' AND column_name = 'facial_recognition_enabled') AND objoid = (SELECT oid FROM pg_catalog.pg_class WHERE relname = 'users' AND relnamespace = (SELECT oid FROM pg_catalog.pg_namespace WHERE nspname = CURRENT_SCHEMA()))

2025/12/24 04:19:38 [32m/Users/louislawrence/Music/apps/stack/lazervault-golang/database/migrations.go:164
[0m[33m[0.147ms] [34;1m[rows:0][0m SELECT description FROM pg_catalog.pg_description WHERE objsubid = (SELECT ordinal_position FROM information_schema.columns WHERE table_schema = CURRENT_SCHEMA() AND table_name = 'users' AND column_name = 'face_registered_at') AND objoid = (SELECT oid FROM pg_catalog.pg_class WHERE relname = 'users' AND relnamespace = (SELECT oid FROM pg_catalog.pg_namespace WHERE nspname = CURRENT_SCHEMA()))

2025/12/24 04:19:38 [32m/Users/louislawrence/Music/apps/stack/lazervault-golang/database/migrations.go:164
[0m[33m[0.168ms] [34;1m[rows:0][0m SELECT description FROM pg_catalog.pg_description WHERE objsubid = (SELECT ordinal_position FROM information_schema.columns WHERE table_schema = CURRENT_SCHEMA() AND table_name = 'users' AND column_name = 'language') AND objoid = (SELECT oid FROM pg_catalog.pg_class WHERE relname = 'users' AND relnamespace = (SELECT oid FROM pg_catalog.pg_namespace WHERE nspname = CURRENT_SCHEMA()))

2025/12/24 04:19:38 [32m/Users/louislawrence/Music/apps/stack/lazervault-golang/database/migrations.go:164
[0m[33m[0.152ms] [34;1m[rows:0][0m SELECT description FROM pg_catalog.pg_description WHERE objsubid = (SELECT ordinal_position FROM information_schema.columns WHERE table_schema = CURRENT_SCHEMA() AND table_name = 'users' AND column_name = 'currency') AND objoid = (SELECT oid FROM pg_catalog.pg_class WHERE relname = 'users' AND relnamespace = (SELECT oid FROM pg_catalog.pg_namespace WHERE nspname = CURRENT_SCHEMA()))

2025/12/24 04:19:38 [32m/Users/louislawrence/Music/apps/stack/lazervault-golang/database/migrations.go:164
[0m[33m[0.157ms] [34;1m[rows:0][0m SELECT description FROM pg_catalog.pg_description WHERE objsubid = (SELECT ordinal_position FROM information_schema.columns WHERE table_schema = CURRENT_SCHEMA() AND table_name = 'users' AND column_name = 'country') AND objoid = (SELECT oid FROM pg_catalog.pg_class WHERE relname = 'users' AND relnamespace = (SELECT oid FROM pg_catalog.pg_namespace WHERE nspname = CURRENT_SCHEMA()))

2025/12/24 04:19:38 [32m/Users/louislawrence/Music/apps/stack/lazervault-golang/database/migrations.go:164
[0m[33m[0.170ms] [34;1m[rows:1][0m SELECT count(*) FROM pg_indexes WHERE tablename = 'users' AND indexname = 'uni_users_email' AND schemaname = CURRENT_SCHEMA()

2025/12/24 04:19:38 [32m/Users/louislawrence/Music/apps/stack/lazervault-golang/database/migrations.go:164
[0m[33m[0.136ms] [34;1m[rows:1][0m SELECT count(*) FROM pg_indexes WHERE tablename = 'users' AND indexname = 'uni_users_phone_number' AND schemaname = CURRENT_SCHEMA()

2025/12/24 04:19:38 [32m/Users/louislawrence/Music/apps/stack/lazervault-golang/database/migrations.go:164
[0m[33m[0.142ms] [34;1m[rows:1][0m SELECT count(*) FROM pg_indexes WHERE tablename = 'users' AND indexname = 'idx_invited_by' AND schemaname = CURRENT_SCHEMA()

2025/12/24 04:19:38 [32m/Users/louislawrence/Music/apps/stack/lazervault-golang/database/migrations.go:164
[0m[33m[0.131ms] [34;1m[rows:1][0m SELECT count(*) FROM pg_indexes WHERE tablename = 'users' AND indexname = 'idx_google_id' AND schemaname = CURRENT_SCHEMA()

2025/12/24 04:19:38 [32m/Users/louislawrence/Music/apps/stack/lazervault-golang/database/migrations.go:164
[0m[33m[0.132ms] [34;1m[rows:1][0m SELECT count(*) FROM pg_indexes WHERE tablename = 'users' AND indexname = 'idx_apple_id' AND schemaname = CURRENT_SCHEMA()

2025/12/24 04:19:38 [32m/Users/louislawrence/Music/apps/stack/lazervault-golang/database/migrations.go:164
[0m[33m[0.121ms] [34;1m[rows:1][0m SELECT count(*) FROM pg_indexes WHERE tablename = 'users' AND indexname = 'idx_users_reset_password_token' AND schemaname = CURRENT_SCHEMA()

2025/12/24 04:19:38 [32m/Users/louislawrence/Music/apps/stack/lazervault-golang/database/migrations.go:164
[0m[33m[0.123ms] [34;1m[rows:1][0m SELECT count(*) FROM pg_indexes WHERE tablename = 'users' AND indexname = 'idx_users_deleted_at' AND schemaname = CURRENT_SCHEMA()

2025/12/24 04:19:38 [32m/Users/louislawrence/Music/apps/stack/lazervault-golang/database/migrations.go:164
[0m[33m[0.115ms] [34;1m[rows:1][0m SELECT count(*) FROM pg_indexes WHERE tablename = 'users' AND indexname = 'idx_username' AND schemaname = CURRENT_SCHEMA()

2025/12/24 04:19:38 [32m/Users/louislawrence/Music/apps/stack/lazervault-golang/database/migrations.go:164
[0m[33m[0.750ms] [34;1m[rows:1][0m SELECT count(*) FROM information_schema.tables WHERE table_schema = CURRENT_SCHEMA() AND table_name = 'accounts' AND table_type = 'BASE TABLE'

2025/12/24 04:19:38 [32m/Users/louislawrence/Music/apps/stack/lazervault-golang/database/migrations.go:164
[0m[33m[0.165ms] [34;1m[rows:1][0m SELECT CURRENT_DATABASE()

2025/12/24 04:19:38 [32m/Users/louislawrence/Music/apps/stack/lazervault-golang/database/migrations.go:164
[0m[33m[4.617ms] [34;1m[rows:-][0m SELECT c.column_name, c.is_nullable = 'YES', c.udt_name, c.character_maximum_length, c.numeric_precision, c.numeric_precision_radix, c.numeric_scale, c.datetime_precision, 8 * typlen, c.column_default, pd.description, c.identity_increment FROM information_schema.columns AS c JOIN pg_type AS pgt ON c.udt_name = pgt.typname LEFT JOIN pg_catalog.pg_description as pd ON pd.objsubid = c.ordinal_position AND pd.objoid = (SELECT oid FROM pg_catalog.pg_class WHERE relname = c.table_name AND relnamespace = (SELECT oid FROM pg_catalog.pg_namespace WHERE nspname = c.table_schema)) where table_catalog = 'postgres' AND table_schema = CURRENT_SCHEMA() AND table_name = 'accounts'

2025/12/24 04:19:38 [32m/Users/louislawrence/Music/apps/stack/lazervault-golang/database/migrations.go:164
[0m[33m[3.007ms] [34;1m[rows:-][0m SELECT * FROM "accounts" LIMIT 5

2025/12/24 04:19:38 [32m/Users/louislawrence/Music/apps/stack/lazervault-golang/database/migrations.go:164
[0m[33m[9.700ms] [34;1m[rows:-][0m SELECT constraint_name FROM information_schema.table_constraints tc JOIN information_schema.constraint_column_usage AS ccu USING (constraint_schema, constraint_catalog, table_name, constraint_name) JOIN information_schema.columns AS c ON c.table_schema = tc.constraint_schema AND tc.table_name = c.table_name AND ccu.column_name = c.column_name WHERE constraint_type IN ('PRIMARY KEY', 'UNIQUE') AND c.table_catalog = 'postgres' AND c.table_schema = CURRENT_SCHEMA() AND c.table_name = 'accounts' AND constraint_type = 'UNIQUE'

2025/12/24 04:19:38 [32m/Users/louislawrence/Music/apps/stack/lazervault-golang/database/migrations.go:164
[0m[33m[9.522ms] [34;1m[rows:-][0m SELECT c.column_name, constraint_name, constraint_type FROM information_schema.table_constraints tc JOIN information_schema.constraint_column_usage AS ccu USING (constraint_schema, constraint_catalog, table_name, constraint_name) JOIN information_schema.columns AS c ON c.table_schema = tc.constraint_schema AND tc.table_name = c.table_name AND ccu.column_name = c.column_name WHERE constraint_type IN ('PRIMARY KEY', 'UNIQUE') AND c.table_catalog = 'postgres' AND c.table_schema = CURRENT_SCHEMA() AND c.table_name = 'accounts'

2025/12/24 04:19:38 [32m/Users/louislawrence/Music/apps/stack/lazervault-golang/database/migrations.go:164
[0m[33m[0.333ms] [34;1m[rows:-][0m SELECT a.attname as column_name, format_type(a.atttypid, a.atttypmod) AS data_type
		FROM pg_attribute a JOIN pg_class b ON a.attrelid = b.oid AND relnamespace = (SELECT oid FROM pg_catalog.pg_namespace WHERE nspname = CURRENT_SCHEMA())
		WHERE a.attnum > 0 -- hide internal columns
		AND NOT a.attisdropped -- hide deleted columns
		AND b.relname = 'accounts'

2025/12/24 04:19:38 [32m/Users/louislawrence/Music/apps/stack/lazervault-golang/database/migrations.go:164
[0m[33m[0.214ms] [34;1m[rows:0][0m SELECT description FROM pg_catalog.pg_description WHERE objsubid = (SELECT ordinal_position FROM information_schema.columns WHERE table_schema = CURRENT_SCHEMA() AND table_name = 'accounts' AND column_name = 'id') AND objoid = (SELECT oid FROM pg_catalog.pg_class WHERE relname = 'accounts' AND relnamespace = (SELECT oid FROM pg_catalog.pg_namespace WHERE nspname = CURRENT_SCHEMA()))

2025/12/24 04:19:38 [32m/Users/louislawrence/Music/apps/stack/lazervault-golang/database/migrations.go:164
[0m[33m[0.176ms] [34;1m[rows:0][0m SELECT description FROM pg_catalog.pg_description WHERE objsubid = (SELECT ordinal_position FROM information_schema.columns WHERE table_schema = CURRENT_SCHEMA() AND table_name = 'accounts' AND column_name = 'created_at') AND objoid = (SELECT oid FROM pg_catalog.pg_class WHERE relname = 'accounts' AND relnamespace = (SELECT oid FROM pg_catalog.pg_namespace WHERE nspname = CURRENT_SCHEMA()))

2025/12/24 04:19:38 [32m/Users/louislawrence/Music/apps/stack/lazervault-golang/database/migrations.go:164
[0m[33m[0.160ms] [34;1m[rows:0][0m SELECT description FROM pg_catalog.pg_description WHERE objsubid = (SELECT ordinal_position FROM information_schema.columns WHERE table_schema = CURRENT_SCHEMA() AND table_name = 'accounts' AND column_name = 'updated_at') AND objoid = (SELECT oid FROM pg_catalog.pg_class WHERE relname = 'accounts' AND relnamespace = (SELECT oid FROM pg_catalog.pg_namespace WHERE nspname = CURRENT_SCHEMA()))

2025/12/24 04:19:38 [32m/Users/louislawrence/Music/apps/stack/lazervault-golang/database/migrations.go:164
[0m[33m[0.159ms] [34;1m[rows:0][0m SELECT description FROM pg_catalog.pg_description WHERE objsubid = (SELECT ordinal_position FROM information_schema.columns WHERE table_schema = CURRENT_SCHEMA() AND table_name = 'accounts' AND column_name = 'deleted_at') AND objoid = (SELECT oid FROM pg_catalog.pg_class WHERE relname = 'accounts' AND relnamespace = (SELECT oid FROM pg_catalog.pg_namespace WHERE nspname = CURRENT_SCHEMA()))

2025/12/24 04:19:38 [32m/Users/louislawrence/Music/apps/stack/lazervault-golang/database/migrations.go:164
[0m[33m[0.231ms] [34;1m[rows:0][0m SELECT description FROM pg_catalog.pg_description WHERE objsubid = (SELECT ordinal_position FROM information_schema.columns WHERE table_schema = CURRENT_SCHEMA() AND table_name = 'accounts' AND column_name = 'owner_user_id') AND objoid = (SELECT oid FROM pg_catalog.pg_class WHERE relname = 'accounts' AND relnamespace = (SELECT oid FROM pg_catalog.pg_namespace WHERE nspname = CURRENT_SCHEMA()))

2025/12/24 04:19:38 [32m/Users/louislawrence/Music/apps/stack/lazervault-golang/database/migrations.go:164
[0m[33m[0.149ms] [34;1m[rows:0][0m SELECT description FROM pg_catalog.pg_description WHERE objsubid = (SELECT ordinal_position FROM information_schema.columns WHERE table_schema = CURRENT_SCHEMA() AND table_name = 'accounts' AND column_name = 'account_number') AND objoid = (SELECT oid FROM pg_catalog.pg_class WHERE relname = 'accounts' AND relnamespace = (SELECT oid FROM pg_catalog.pg_namespace WHERE nspname = CURRENT_SCHEMA()))

2025/12/24 04:19:38 [32m/Users/louislawrence/Music/apps/stack/lazervault-golang/database/migrations.go:164
[0m[33m[0.181ms] [34;1m[rows:0][0m SELECT description FROM pg_catalog.pg_description WHERE objsubid = (SELECT ordinal_position FROM information_schema.columns WHERE table_schema = CURRENT_SCHEMA() AND table_name = 'accounts' AND column_name = 'account_type') AND objoid = (SELECT oid FROM pg_catalog.pg_class WHERE relname = 'accounts' AND relnamespace = (SELECT oid FROM pg_catalog.pg_namespace WHERE nspname = CURRENT_SCHEMA()))

2025/12/24 04:19:38 [32m/Users/louislawrence/Music/apps/stack/lazervault-golang/database/migrations.go:164
[0m[33m[0.148ms] [34;1m[rows:0][0m SELECT description FROM pg_catalog.pg_description WHERE objsubid = (SELECT ordinal_position FROM information_schema.columns WHERE table_schema = CURRENT_SCHEMA() AND table_name = 'accounts' AND column_name = 'currency') AND objoid = (SELECT oid FROM pg_catalog.pg_class WHERE relname = 'accounts' AND relnamespace = (SELECT oid FROM pg_catalog.pg_namespace WHERE nspname = CURRENT_SCHEMA()))

2025/12/24 04:19:38 [32m/Users/louislawrence/Music/apps/stack/lazervault-golang/database/migrations.go:164
[0m[33m[0.196ms] [34;1m[rows:0][0m SELECT description FROM pg_catalog.pg_description WHERE objsubid = (SELECT ordinal_position FROM information_schema.columns WHERE table_schema = CURRENT_SCHEMA() AND table_name = 'accounts' AND column_name = 'country') AND objoid = (SELECT oid FROM pg_catalog.pg_class WHERE relname = 'accounts' AND relnamespace = (SELECT oid FROM pg_catalog.pg_namespace WHERE nspname = CURRENT_SCHEMA()))

2025/12/24 04:19:38 [32m/Users/louislawrence/Music/apps/stack/lazervault-golang/database/migrations.go:164
[0m[33m[0.190ms] [34;1m[rows:0][0m SELECT description FROM pg_catalog.pg_description WHERE objsubid = (SELECT ordinal_position FROM information_schema.columns WHERE table_schema = CURRENT_SCHEMA() AND table_name = 'accounts' AND column_name = 'balance') AND objoid = (SELECT oid FROM pg_catalog.pg_class WHERE relname = 'accounts' AND relnamespace = (SELECT oid FROM pg_catalog.pg_namespace WHERE nspname = CURRENT_SCHEMA()))

2025/12/24 04:19:38 [32m/Users/louislawrence/Music/apps/stack/lazervault-golang/database/migrations.go:164
[0m[33m[0.174ms] [34;1m[rows:0][0m SELECT description FROM pg_catalog.pg_description WHERE objsubid = (SELECT ordinal_position FROM information_schema.columns WHERE table_schema = CURRENT_SCHEMA() AND table_name = 'accounts' AND column_name = 'is_active') AND objoid = (SELECT oid FROM pg_catalog.pg_class WHERE relname = 'accounts' AND relnamespace = (SELECT oid FROM pg_catalog.pg_namespace WHERE nspname = CURRENT_SCHEMA()))

2025/12/24 04:19:38 [32m/Users/louislawrence/Music/apps/stack/lazervault-golang/database/migrations.go:164
[0m[33m[0.170ms] [34;1m[rows:0][0m SELECT description FROM pg_catalog.pg_description WHERE objsubid = (SELECT ordinal_position FROM information_schema.columns WHERE table_schema = CURRENT_SCHEMA() AND table_name = 'accounts' AND column_name = 'status') AND objoid = (SELECT oid FROM pg_catalog.pg_class WHERE relname = 'accounts' AND relnamespace = (SELECT oid FROM pg_catalog.pg_namespace WHERE nspname = CURRENT_SCHEMA()))

2025/12/24 04:19:38 [32m/Users/louislawrence/Music/apps/stack/lazervault-golang/database/migrations.go:164
[0m[33m[0.161ms] [34;1m[rows:0][0m SELECT description FROM pg_catalog.pg_description WHERE objsubid = (SELECT ordinal_position FROM information_schema.columns WHERE table_schema = CURRENT_SCHEMA() AND table_name = 'accounts' AND column_name = 'card_holder_name') AND objoid = (SELECT oid FROM pg_catalog.pg_class WHERE relname = 'accounts' AND relnamespace = (SELECT oid FROM pg_catalog.pg_namespace WHERE nspname = CURRENT_SCHEMA()))

2025/12/24 04:19:38 [32m/Users/louislawrence/Music/apps/stack/lazervault-golang/database/migrations.go:164
[0m[33m[0.163ms] [34;1m[rows:0][0m SELECT description FROM pg_catalog.pg_description WHERE objsubid = (SELECT ordinal_position FROM information_schema.columns WHERE table_schema = CURRENT_SCHEMA() AND table_name = 'accounts' AND column_name = 'card_type') AND objoid = (SELECT oid FROM pg_catalog.pg_class WHERE relname = 'accounts' AND relnamespace = (SELECT oid FROM pg_catalog.pg_namespace WHERE nspname = CURRENT_SCHEMA()))

2025/12/24 04:19:38 [32m/Users/louislawrence/Music/apps/stack/lazervault-golang/database/migrations.go:164
[0m[33m[0.170ms] [34;1m[rows:0][0m SELECT description FROM pg_catalog.pg_description WHERE objsubid = (SELECT ordinal_position FROM information_schema.columns WHERE table_schema = CURRENT_SCHEMA() AND table_name = 'accounts' AND column_name = 'expiry_date') AND objoid = (SELECT oid FROM pg_catalog.pg_class WHERE relname = 'accounts' AND relnamespace = (SELECT oid FROM pg_catalog.pg_namespace WHERE nspname = CURRENT_SCHEMA()))

2025/12/24 04:19:38 [32m/Users/louislawrence/Music/apps/stack/lazervault-golang/database/migrations.go:164
[0m[33m[0.156ms] [34;1m[rows:0][0m SELECT description FROM pg_catalog.pg_description WHERE objsubid = (SELECT ordinal_position FROM information_schema.columns WHERE table_schema = CURRENT_SCHEMA() AND table_name = 'accounts' AND column_name = 'iban') AND objoid = (SELECT oid FROM pg_catalog.pg_class WHERE relname = 'accounts' AND relnamespace = (SELECT oid FROM pg_catalog.pg_namespace WHERE nspname = CURRENT_SCHEMA()))

2025/12/24 04:19:38 [32m/Users/louislawrence/Music/apps/stack/lazervault-golang/database/migrations.go:164
[0m[33m[0.160ms] [34;1m[rows:0][0m SELECT description FROM pg_catalog.pg_description WHERE objsubid = (SELECT ordinal_position FROM information_schema.columns WHERE table_schema = CURRENT_SCHEMA() AND table_name = 'accounts' AND column_name = 'bic_swift') AND objoid = (SELECT oid FROM pg_catalog.pg_class WHERE relname = 'accounts' AND relnamespace = (SELECT oid FROM pg_catalog.pg_namespace WHERE nspname = CURRENT_SCHEMA()))

2025/12/24 04:19:38 [32m/Users/louislawrence/Music/apps/stack/lazervault-golang/database/migrations.go:164
[0m[33m[0.170ms] [34;1m[rows:0][0m SELECT description FROM pg_catalog.pg_description WHERE objsubid = (SELECT ordinal_position FROM information_schema.columns WHERE table_schema = CURRENT_SCHEMA() AND table_name = 'accounts' AND column_name = 'daily_limit') AND objoid = (SELECT oid FROM pg_catalog.pg_class WHERE relname = 'accounts' AND relnamespace = (SELECT oid FROM pg_catalog.pg_namespace WHERE nspname = CURRENT_SCHEMA()))

2025/12/24 04:19:38 [32m/Users/louislawrence/Music/apps/stack/lazervault-golang/database/migrations.go:164
[0m[33m[0.166ms] [34;1m[rows:0][0m SELECT description FROM pg_catalog.pg_description WHERE objsubid = (SELECT ordinal_position FROM information_schema.columns WHERE table_schema = CURRENT_SCHEMA() AND table_name = 'accounts' AND column_name = 'monthly_limit') AND objoid = (SELECT oid FROM pg_catalog.pg_class WHERE relname = 'accounts' AND relnamespace = (SELECT oid FROM pg_catalog.pg_namespace WHERE nspname = CURRENT_SCHEMA()))

2025/12/24 04:19:38 [32m/Users/louislawrence/Music/apps/stack/lazervault-golang/database/migrations.go:164
[0m[33m[0.165ms] [34;1m[rows:0][0m SELECT description FROM pg_catalog.pg_description WHERE objsubid = (SELECT ordinal_position FROM information_schema.columns WHERE table_schema = CURRENT_SCHEMA() AND table_name = 'accounts' AND column_name = 'enable3_d_secure') AND objoid = (SELECT oid FROM pg_catalog.pg_class WHERE relname = 'accounts' AND relnamespace = (SELECT oid FROM pg_catalog.pg_namespace WHERE nspname = CURRENT_SCHEMA()))

2025/12/24 04:19:38 [32m/Users/louislawrence/Music/apps/stack/lazervault-golang/database/migrations.go:164
[0m[33m[0.167ms] [34;1m[rows:0][0m SELECT description FROM pg_catalog.pg_description WHERE objsubid = (SELECT ordinal_position FROM information_schema.columns WHERE table_schema = CURRENT_SCHEMA() AND table_name = 'accounts' AND column_name = 'enable_contactless') AND objoid = (SELECT oid FROM pg_catalog.pg_class WHERE relname = 'accounts' AND relnamespace = (SELECT oid FROM pg_catalog.pg_namespace WHERE nspname = CURRENT_SCHEMA()))

2025/12/24 04:19:38 [32m/Users/louislawrence/Music/apps/stack/lazervault-golang/database/migrations.go:164
[0m[33m[0.167ms] [34;1m[rows:0][0m SELECT description FROM pg_catalog.pg_description WHERE objsubid = (SELECT ordinal_position FROM information_schema.columns WHERE table_schema = CURRENT_SCHEMA() AND table_name = 'accounts' AND column_name = 'enable_online_payments') AND objoid = (SELECT oid FROM pg_catalog.pg_class WHERE relname = 'accounts' AND relnamespace = (SELECT oid FROM pg_catalog.pg_namespace WHERE nspname = CURRENT_SCHEMA()))

2025/12/24 04:19:38 [32m/Users/louislawrence/Music/apps/stack/lazervault-golang/database/migrations.go:164
[0m[33m[0.176ms] [34;1m[rows:0][0m SELECT description FROM pg_catalog.pg_description WHERE objsubid = (SELECT ordinal_position FROM information_schema.columns WHERE table_schema = CURRENT_SCHEMA() AND table_name = 'accounts' AND column_name = 'pin_hash') AND objoid = (SELECT oid FROM pg_catalog.pg_class WHERE relname = 'accounts' AND relnamespace = (SELECT oid FROM pg_catalog.pg_namespace WHERE nspname = CURRENT_SCHEMA()))

2025/12/24 04:19:38 [32m/Users/louislawrence/Music/apps/stack/lazervault-golang/database/migrations.go:164
[0m[33m[1.361ms] [34;1m[rows:1][0m SELECT count(*) FROM INFORMATION_SCHEMA.table_constraints WHERE table_schema = CURRENT_SCHEMA() AND table_name = 'accounts' AND constraint_name = 'fk_accounts_owner'

2025/12/24 04:19:38 [32m/Users/louislawrence/Music/apps/stack/lazervault-golang/database/migrations.go:164
[0m[33m[0.164ms] [34;1m[rows:1][0m SELECT count(*) FROM pg_indexes WHERE tablename = 'accounts' AND indexname = 'idx_accounts_account_number' AND schemaname = CURRENT_SCHEMA()

2025/12/24 04:19:38 [32m/Users/louislawrence/Music/apps/stack/lazervault-golang/database/migrations.go:164
[0m[33m[0.162ms] [34;1m[rows:1][0m SELECT count(*) FROM pg_indexes WHERE tablename = 'accounts' AND indexname = 'idx_accounts_country' AND schemaname = CURRENT_SCHEMA()

2025/12/24 04:19:38 [32m/Users/louislawrence/Music/apps/stack/lazervault-golang/database/migrations.go:164
[0m[33m[0.150ms] [34;1m[rows:1][0m SELECT count(*) FROM pg_indexes WHERE tablename = 'accounts' AND indexname = 'idx_accounts_iban' AND schemaname = CURRENT_SCHEMA()

2025/12/24 04:19:38 [32m/Users/louislawrence/Music/apps/stack/lazervault-golang/database/migrations.go:164
[0m[33m[0.153ms] [34;1m[rows:1][0m SELECT count(*) FROM pg_indexes WHERE tablename = 'accounts' AND indexname = 'idx_accounts_deleted_at' AND schemaname = CURRENT_SCHEMA()

2025/12/24 04:19:38 [32m/Users/louislawrence/Music/apps/stack/lazervault-golang/database/migrations.go:164
[0m[33m[0.149ms] [34;1m[rows:1][0m SELECT count(*) FROM pg_indexes WHERE tablename = 'accounts' AND indexname = 'idx_accounts_owner_user_id' AND schemaname = CURRENT_SCHEMA()

2025/12/24 04:19:38 [32m/Users/louislawrence/Music/apps/stack/lazervault-golang/database/migrations.go:164
[0m[33m[0.399ms] [34;1m[rows:1][0m SELECT count(*) FROM information_schema.tables WHERE table_schema = CURRENT_SCHEMA() AND table_name = 'sessions' AND table_type = 'BASE TABLE'

2025/12/24 04:19:38 [32m/Users/louislawrence/Music/apps/stack/lazervault-golang/database/migrations.go:164
[0m[33m[0.144ms] [34;1m[rows:1][0m SELECT CURRENT_DATABASE()

2025/12/24 04:19:38 [32m/Users/louislawrence/Music/apps/stack/lazervault-golang/database/migrations.go:164
[0m[33m[4.770ms] [34;1m[rows:-][0m SELECT c.column_name, c.is_nullable = 'YES', c.udt_name, c.character_maximum_length, c.numeric_precision, c.numeric_precision_radix, c.numeric_scale, c.datetime_precision, 8 * typlen, c.column_default, pd.description, c.identity_increment FROM information_schema.columns AS c JOIN pg_type AS pgt ON c.udt_name = pgt.typname LEFT JOIN pg_catalog.pg_description as pd ON pd.objsubid = c.ordinal_position AND pd.objoid = (SELECT oid FROM pg_catalog.pg_class WHERE relname = c.table_name AND relnamespace = (SELECT oid FROM pg_catalog.pg_namespace WHERE nspname = c.table_schema)) where table_catalog = 'postgres' AND table_schema = CURRENT_SCHEMA() AND table_name = 'sessions'

2025/12/24 04:19:38 [32m/Users/louislawrence/Music/apps/stack/lazervault-golang/database/migrations.go:164
[0m[33m[1.097ms] [34;1m[rows:-][0m SELECT * FROM "sessions" LIMIT 5

2025/12/24 04:19:38 [32m/Users/louislawrence/Music/apps/stack/lazervault-golang/database/migrations.go:164
[0m[33m[5.986ms] [34;1m[rows:-][0m SELECT constraint_name FROM information_schema.table_constraints tc JOIN information_schema.constraint_column_usage AS ccu USING (constraint_schema, constraint_catalog, table_name, constraint_name) JOIN information_schema.columns AS c ON c.table_schema = tc.constraint_schema AND tc.table_name = c.table_name AND ccu.column_name = c.column_name WHERE constraint_type IN ('PRIMARY KEY', 'UNIQUE') AND c.table_catalog = 'postgres' AND c.table_schema = CURRENT_SCHEMA() AND c.table_name = 'sessions' AND constraint_type = 'UNIQUE'

2025/12/24 04:19:38 [32m/Users/louislawrence/Music/apps/stack/lazervault-golang/database/migrations.go:164
[0m[33m[6.817ms] [34;1m[rows:-][0m SELECT c.column_name, constraint_name, constraint_type FROM information_schema.table_constraints tc JOIN information_schema.constraint_column_usage AS ccu USING (constraint_schema, constraint_catalog, table_name, constraint_name) JOIN information_schema.columns AS c ON c.table_schema = tc.constraint_schema AND tc.table_name = c.table_name AND ccu.column_name = c.column_name WHERE constraint_type IN ('PRIMARY KEY', 'UNIQUE') AND c.table_catalog = 'postgres' AND c.table_schema = CURRENT_SCHEMA() AND c.table_name = 'sessions'

2025/12/24 04:19:38 [32m/Users/louislawrence/Music/apps/stack/lazervault-golang/database/migrations.go:164
[0m[33m[0.351ms] [34;1m[rows:-][0m SELECT a.attname as column_name, format_type(a.atttypid, a.atttypmod) AS data_type
		FROM pg_attribute a JOIN pg_class b ON a.attrelid = b.oid AND relnamespace = (SELECT oid FROM pg_catalog.pg_namespace WHERE nspname = CURRENT_SCHEMA())
		WHERE a.attnum > 0 -- hide internal columns
		AND NOT a.attisdropped -- hide deleted columns
		AND b.relname = 'sessions'

2025/12/24 04:19:38 [32m/Users/louislawrence/Music/apps/stack/lazervault-golang/database/migrations.go:164
[0m[33m[0.233ms] [34;1m[rows:0][0m SELECT description FROM pg_catalog.pg_description WHERE objsubid = (SELECT ordinal_position FROM information_schema.columns WHERE table_schema = CURRENT_SCHEMA() AND table_name = 'sessions' AND column_name = 'id') AND objoid = (SELECT oid FROM pg_catalog.pg_class WHERE relname = 'sessions' AND relnamespace = (SELECT oid FROM pg_catalog.pg_namespace WHERE nspname = CURRENT_SCHEMA()))

2025/12/24 04:19:38 [32m/Users/louislawrence/Music/apps/stack/lazervault-golang/database/migrations.go:164
[0m[33m[0.192ms] [34;1m[rows:0][0m SELECT description FROM pg_catalog.pg_description WHERE objsubid = (SELECT ordinal_position FROM information_schema.columns WHERE table_schema = CURRENT_SCHEMA() AND table_name = 'sessions' AND column_name = 'user_id') AND objoid = (SELECT oid FROM pg_catalog.pg_class WHERE relname = 'sessions' AND relnamespace = (SELECT oid FROM pg_catalog.pg_namespace WHERE nspname = CURRENT_SCHEMA()))

2025/12/24 04:19:38 [32m/Users/louislawrence/Music/apps/stack/lazervault-golang/database/migrations.go:164
[0m[33m[0.173ms] [34;1m[rows:0][0m SELECT description FROM pg_catalog.pg_description WHERE objsubid = (SELECT ordinal_position FROM information_schema.columns WHERE table_schema = CURRENT_SCHEMA() AND table_name = 'sessions' AND column_name = 'access_token') AND objoid = (SELECT oid FROM pg_catalog.pg_class WHERE relname = 'sessions' AND relnamespace = (SELECT oid FROM pg_catalog.pg_namespace WHERE nspname = CURRENT_SCHEMA()))

2025/12/24 04:19:38 [32m/Users/louislawrence/Music/apps/stack/lazervault-golang/database/migrations.go:164
[0m[33m[0.172ms] [34;1m[rows:0][0m SELECT description FROM pg_catalog.pg_description WHERE objsubid = (SELECT ordinal_position FROM information_schema.columns WHERE table_schema = CURRENT_SCHEMA() AND table_name = 'sessions' AND column_name = 'refresh_token') AND objoid = (SELECT oid FROM pg_catalog.pg_class WHERE relname = 'sessions' AND relnamespace = (SELECT oid FROM pg_catalog.pg_namespace WHERE nspname = CURRENT_SCHEMA()))

2025/12/24 04:19:38 [32m/Users/louislawrence/Music/apps/stack/lazervault-golang/database/migrations.go:164
[0m[33m[0.161ms] [34;1m[rows:0][0m SELECT description FROM pg_catalog.pg_description WHERE objsubid = (SELECT ordinal_position FROM information_schema.columns WHERE table_schema = CURRENT_SCHEMA() AND table_name = 'sessions' AND column_name = 'user_agent') AND objoid = (SELECT oid FROM pg_catalog.pg_class WHERE relname = 'sessions' AND relnamespace = (SELECT oid FROM pg_catalog.pg_namespace WHERE nspname = CURRENT_SCHEMA()))

2025/12/24 04:19:38 [32m/Users/louislawrence/Music/apps/stack/lazervault-golang/database/migrations.go:164
[0m[33m[0.151ms] [34;1m[rows:0][0m SELECT description FROM pg_catalog.pg_description WHERE objsubid = (SELECT ordinal_position FROM information_schema.columns WHERE table_schema = CURRENT_SCHEMA() AND table_name = 'sessions' AND column_name = 'client_ip') AND objoid = (SELECT oid FROM pg_catalog.pg_class WHERE relname = 'sessions' AND relnamespace = (SELECT oid FROM pg_catalog.pg_namespace WHERE nspname = CURRENT_SCHEMA()))

2025/12/24 04:19:38 [32m/Users/louislawrence/Music/apps/stack/lazervault-golang/database/migrations.go:164
[0m[33m[0.176ms] [34;1m[rows:0][0m SELECT description FROM pg_catalog.pg_description WHERE objsubid = (SELECT ordinal_position FROM information_schema.columns WHERE table_schema = CURRENT_SCHEMA() AND table_name = 'sessions' AND column_name = 'is_blocked') AND objoid = (SELECT oid FROM pg_catalog.pg_class WHERE relname = 'sessions' AND relnamespace = (SELECT oid FROM pg_catalog.pg_namespace WHERE nspname = CURRENT_SCHEMA()))

2025/12/24 04:19:38 [32m/Users/louislawrence/Music/apps/stack/lazervault-golang/database/migrations.go:164
[0m[33m[0.165ms] [34;1m[rows:0][0m SELECT description FROM pg_catalog.pg_description WHERE objsubid = (SELECT ordinal_position FROM information_schema.columns WHERE table_schema = CURRENT_SCHEMA() AND table_name = 'sessions' AND column_name = 'expires_at') AND objoid = (SELECT oid FROM pg_catalog.pg_class WHERE relname = 'sessions' AND relnamespace = (SELECT oid FROM pg_catalog.pg_namespace WHERE nspname = CURRENT_SCHEMA()))

2025/12/24 04:19:38 [32m/Users/louislawrence/Music/apps/stack/lazervault-golang/database/migrations.go:164
[0m[33m[0.163ms] [34;1m[rows:0][0m SELECT description FROM pg_catalog.pg_description WHERE objsubid = (SELECT ordinal_position FROM information_schema.columns WHERE table_schema = CURRENT_SCHEMA() AND table_name = 'sessions' AND column_name = 'created_at') AND objoid = (SELECT oid FROM pg_catalog.pg_class WHERE relname = 'sessions' AND relnamespace = (SELECT oid FROM pg_catalog.pg_namespace WHERE nspname = CURRENT_SCHEMA()))

2025/12/24 04:19:38 [32m/Users/louislawrence/Music/apps/stack/lazervault-golang/database/migrations.go:164
[0m[33m[0.157ms] [34;1m[rows:0][0m SELECT description FROM pg_catalog.pg_description WHERE objsubid = (SELECT ordinal_position FROM information_schema.columns WHERE table_schema = CURRENT_SCHEMA() AND table_name = 'sessions' AND column_name = 'updated_at') AND objoid = (SELECT oid FROM pg_catalog.pg_class WHERE relname = 'sessions' AND relnamespace = (SELECT oid FROM pg_catalog.pg_namespace WHERE nspname = CURRENT_SCHEMA()))

2025/12/24 04:19:38 [32m/Users/louislawrence/Music/apps/stack/lazervault-golang/database/migrations.go:164
[0m[33m[0.718ms] [34;1m[rows:1][0m SELECT count(*) FROM INFORMATION_SCHEMA.table_constraints WHERE table_schema = CURRENT_SCHEMA() AND table_name = 'sessions' AND constraint_name = 'fk_sessions_user'

2025/12/24 04:19:38 [32m/Users/louislawrence/Music/apps/stack/lazervault-golang/database/migrations.go:164
[0m[33m[0.397ms] [34;1m[rows:1][0m SELECT count(*) FROM information_schema.tables WHERE table_schema = CURRENT_SCHEMA() AND table_name = 'recipients' AND table_type = 'BASE TABLE'

2025/12/24 04:19:38 [32m/Users/louislawrence/Music/apps/stack/lazervault-golang/database/migrations.go:164
[0m[33m[0.099ms] [34;1m[rows:1][0m SELECT CURRENT_DATABASE()

2025/12/24 04:19:38 [32m/Users/louislawrence/Music/apps/stack/lazervault-golang/database/migrations.go:164
[0m[33m[3.996ms] [34;1m[rows:-][0m SELECT c.column_name, c.is_nullable = 'YES', c.udt_name, c.character_maximum_length, c.numeric_precision, c.numeric_precision_radix, c.numeric_scale, c.datetime_precision, 8 * typlen, c.column_default, pd.description, c.identity_increment FROM information_schema.columns AS c JOIN pg_type AS pgt ON c.udt_name = pgt.typname LEFT JOIN pg_catalog.pg_description as pd ON pd.objsubid = c.ordinal_position AND pd.objoid = (SELECT oid FROM pg_catalog.pg_class WHERE relname = c.table_name AND relnamespace = (SELECT oid FROM pg_catalog.pg_namespace WHERE nspname = c.table_schema)) where table_catalog = 'postgres' AND table_schema = CURRENT_SCHEMA() AND table_name = 'recipients'

2025/12/24 04:19:38 [32m/Users/louislawrence/Music/apps/stack/lazervault-golang/database/migrations.go:164
[0m[33m[1.290ms] [34;1m[rows:-][0m SELECT * FROM "recipients" LIMIT 5

2025/12/24 04:19:38 [32m/Users/louislawrence/Music/apps/stack/lazervault-golang/database/migrations.go:164
[0m[33m[7.870ms] [34;1m[rows:-][0m SELECT constraint_name FROM information_schema.table_constraints tc JOIN information_schema.constraint_column_usage AS ccu USING (constraint_schema, constraint_catalog, table_name, constraint_name) JOIN information_schema.columns AS c ON c.table_schema = tc.constraint_schema AND tc.table_name = c.table_name AND ccu.column_name = c.column_name WHERE constraint_type IN ('PRIMARY KEY', 'UNIQUE') AND c.table_catalog = 'postgres' AND c.table_schema = CURRENT_SCHEMA() AND c.table_name = 'recipients' AND constraint_type = 'UNIQUE'

2025/12/24 04:19:38 [32m/Users/louislawrence/Music/apps/stack/lazervault-golang/database/migrations.go:164
[0m[33m[7.072ms] [34;1m[rows:-][0m SELECT c.column_name, constraint_name, constraint_type FROM information_schema.table_constraints tc JOIN information_schema.constraint_column_usage AS ccu USING (constraint_schema, constraint_catalog, table_name, constraint_name) JOIN information_schema.columns AS c ON c.table_schema = tc.constraint_schema AND tc.table_name = c.table_name AND ccu.column_name = c.column_name WHERE constraint_type IN ('PRIMARY KEY', 'UNIQUE') AND c.table_catalog = 'postgres' AND c.table_schema = CURRENT_SCHEMA() AND c.table_name = 'recipients'

2025/12/24 04:19:38 [32m/Users/louislawrence/Music/apps/stack/lazervault-golang/database/migrations.go:164
[0m[33m[0.319ms] [34;1m[rows:-][0m SELECT a.attname as column_name, format_type(a.atttypid, a.atttypmod) AS data_type
		FROM pg_attribute a JOIN pg_class b ON a.attrelid = b.oid AND relnamespace = (SELECT oid FROM pg_catalog.pg_namespace WHERE nspname = CURRENT_SCHEMA())
		WHERE a.attnum > 0 -- hide internal columns
		AND NOT a.attisdropped -- hide deleted columns
		AND b.relname = 'recipients'

2025/12/24 04:19:38 [32m/Users/louislawrence/Music/apps/stack/lazervault-golang/database/migrations.go:164
[0m[33m[0.205ms] [34;1m[rows:0][0m SELECT description FROM pg_catalog.pg_description WHERE objsubid = (SELECT ordinal_position FROM information_schema.columns WHERE table_schema = CURRENT_SCHEMA() AND table_name = 'recipients' AND column_name = 'id') AND objoid = (SELECT oid FROM pg_catalog.pg_class WHERE relname = 'recipients' AND relnamespace = (SELECT oid FROM pg_catalog.pg_namespace WHERE nspname = CURRENT_SCHEMA()))

2025/12/24 04:19:38 [32m/Users/louislawrence/Music/apps/stack/lazervault-golang/database/migrations.go:164
[0m[33m[0.172ms] [34;1m[rows:0][0m SELECT description FROM pg_catalog.pg_description WHERE objsubid = (SELECT ordinal_position FROM information_schema.columns WHERE table_schema = CURRENT_SCHEMA() AND table_name = 'recipients' AND column_name = 'created_at') AND objoid = (SELECT oid FROM pg_catalog.pg_class WHERE relname = 'recipients' AND relnamespace = (SELECT oid FROM pg_catalog.pg_namespace WHERE nspname = CURRENT_SCHEMA()))

2025/12/24 04:19:38 [32m/Users/louislawrence/Music/apps/stack/lazervault-golang/database/migrations.go:164
[0m[33m[0.160ms] [34;1m[rows:0][0m SELECT description FROM pg_catalog.pg_description WHERE objsubid = (SELECT ordinal_position FROM information_schema.columns WHERE table_schema = CURRENT_SCHEMA() AND table_name = 'recipients' AND column_name = 'updated_at') AND objoid = (SELECT oid FROM pg_catalog.pg_class WHERE relname = 'recipients' AND relnamespace = (SELECT oid FROM pg_catalog.pg_namespace WHERE nspname = CURRENT_SCHEMA()))

2025/12/24 04:19:38 [32m/Users/louislawrence/Music/apps/stack/lazervault-golang/database/migrations.go:164
[0m[33m[0.199ms] [34;1m[rows:0][0m SELECT description FROM pg_catalog.pg_description WHERE objsubid = (SELECT ordinal_position FROM information_schema.columns WHERE table_schema = CURRENT_SCHEMA() AND table_name = 'recipients' AND column_name = 'deleted_at') AND objoid = (SELECT oid FROM pg_catalog.pg_class WHERE relname = 'recipients' AND relnamespace = (SELECT oid FROM pg_catalog.pg_namespace WHERE nspname = CURRENT_SCHEMA()))

2025/12/24 04:19:38 [32m/Users/louislawrence/Music/apps/stack/lazervault-golang/database/migrations.go:164
[0m[33m[0.173ms] [34;1m[rows:0][0m SELECT description FROM pg_catalog.pg_description WHERE objsubid = (SELECT ordinal_position FROM information_schema.columns WHERE table_schema = CURRENT_SCHEMA() AND table_name = 'recipients' AND column_name = 'owner_user_id') AND objoid = (SELECT oid FROM pg_catalog.pg_class WHERE relname = 'recipients' AND relnamespace = (SELECT oid FROM pg_catalog.pg_namespace WHERE nspname = CURRENT_SCHEMA()))

2025/12/24 04:19:38 [32m/Users/louislawrence/Music/apps/stack/lazervault-golang/database/migrations.go:164
[0m[33m[0.166ms] [34;1m[rows:0][0m SELECT description FROM pg_catalog.pg_description WHERE objsubid = (SELECT ordinal_position FROM information_schema.columns WHERE table_schema = CURRENT_SCHEMA() AND table_name = 'recipients' AND column_name = 'name') AND objoid = (SELECT oid FROM pg_catalog.pg_class WHERE relname = 'recipients' AND relnamespace = (SELECT oid FROM pg_catalog.pg_namespace WHERE nspname = CURRENT_SCHEMA()))

2025/12/24 04:19:38 [32m/Users/louislawrence/Music/apps/stack/lazervault-golang/database/migrations.go:164
[0m[33m[0.158ms] [34;1m[rows:0][0m SELECT description FROM pg_catalog.pg_description WHERE objsubid = (SELECT ordinal_position FROM information_schema.columns WHERE table_schema = CURRENT_SCHEMA() AND table_name = 'recipients' AND column_name = 'is_favorite') AND objoid = (SELECT oid FROM pg_catalog.pg_class WHERE relname = 'recipients' AND relnamespace = (SELECT oid FROM pg_catalog.pg_namespace WHERE nspname = CURRENT_SCHEMA()))

2025/12/24 04:19:38 [32m/Users/louislawrence/Music/apps/stack/lazervault-golang/database/migrations.go:164
[0m[33m[0.160ms] [34;1m[rows:0][0m SELECT description FROM pg_catalog.pg_description WHERE objsubid = (SELECT ordinal_position FROM information_schema.columns WHERE table_schema = CURRENT_SCHEMA() AND table_name = 'recipients' AND column_name = 'type') AND objoid = (SELECT oid FROM pg_catalog.pg_class WHERE relname = 'recipients' AND relnamespace = (SELECT oid FROM pg_catalog.pg_namespace WHERE nspname = CURRENT_SCHEMA()))

2025/12/24 04:19:38 [32m/Users/louislawrence/Music/apps/stack/lazervault-golang/database/migrations.go:164
[0m[33m[0.164ms] [34;1m[rows:0][0m SELECT description FROM pg_catalog.pg_description WHERE objsubid = (SELECT ordinal_position FROM information_schema.columns WHERE table_schema = CURRENT_SCHEMA() AND table_name = 'recipients' AND column_name = 'internal_account_id') AND objoid = (SELECT oid FROM pg_catalog.pg_class WHERE relname = 'recipients' AND relnamespace = (SELECT oid FROM pg_catalog.pg_namespace WHERE nspname = CURRENT_SCHEMA()))

2025/12/24 04:19:38 [32m/Users/louislawrence/Music/apps/stack/lazervault-golang/database/migrations.go:164
[0m[33m[0.160ms] [34;1m[rows:0][0m SELECT description FROM pg_catalog.pg_description WHERE objsubid = (SELECT ordinal_position FROM information_schema.columns WHERE table_schema = CURRENT_SCHEMA() AND table_name = 'recipients' AND column_name = 'internal_user_id') AND objoid = (SELECT oid FROM pg_catalog.pg_class WHERE relname = 'recipients' AND relnamespace = (SELECT oid FROM pg_catalog.pg_namespace WHERE nspname = CURRENT_SCHEMA()))

2025/12/24 04:19:38 [32m/Users/louislawrence/Music/apps/stack/lazervault-golang/database/migrations.go:164
[0m[33m[0.150ms] [34;1m[rows:0][0m SELECT description FROM pg_catalog.pg_description WHERE objsubid = (SELECT ordinal_position FROM information_schema.columns WHERE table_schema = CURRENT_SCHEMA() AND table_name = 'recipients' AND column_name = 'account_number') AND objoid = (SELECT oid FROM pg_catalog.pg_class WHERE relname = 'recipients' AND relnamespace = (SELECT oid FROM pg_catalog.pg_namespace WHERE nspname = CURRENT_SCHEMA()))

2025/12/24 04:19:38 [32m/Users/louislawrence/Music/apps/stack/lazervault-golang/database/migrations.go:164
[0m[33m[0.153ms] [34;1m[rows:0][0m SELECT description FROM pg_catalog.pg_description WHERE objsubid = (SELECT ordinal_position FROM information_schema.columns WHERE table_schema = CURRENT_SCHEMA() AND table_name = 'recipients' AND column_name = 'sort_code') AND objoid = (SELECT oid FROM pg_catalog.pg_class WHERE relname = 'recipients' AND relnamespace = (SELECT oid FROM pg_catalog.pg_namespace WHERE nspname = CURRENT_SCHEMA()))

2025/12/24 04:19:38 [32m/Users/louislawrence/Music/apps/stack/lazervault-golang/database/migrations.go:164
[0m[33m[0.150ms] [34;1m[rows:0][0m SELECT description FROM pg_catalog.pg_description WHERE objsubid = (SELECT ordinal_position FROM information_schema.columns WHERE table_schema = CURRENT_SCHEMA() AND table_name = 'recipients' AND column_name = 'bank_name') AND objoid = (SELECT oid FROM pg_catalog.pg_class WHERE relname = 'recipients' AND relnamespace = (SELECT oid FROM pg_catalog.pg_namespace WHERE nspname = CURRENT_SCHEMA()))

2025/12/24 04:19:38 [32m/Users/louislawrence/Music/apps/stack/lazervault-golang/database/migrations.go:164
[0m[33m[0.149ms] [34;1m[rows:0][0m SELECT description FROM pg_catalog.pg_description WHERE objsubid = (SELECT ordinal_position FROM information_schema.columns WHERE table_schema = CURRENT_SCHEMA() AND table_name = 'recipients' AND column_name = 'country_code') AND objoid = (SELECT oid FROM pg_catalog.pg_class WHERE relname = 'recipients' AND relnamespace = (SELECT oid FROM pg_catalog.pg_namespace WHERE nspname = CURRENT_SCHEMA()))

2025/12/24 04:19:38 [32m/Users/louislawrence/Music/apps/stack/lazervault-golang/database/migrations.go:164
[0m[33m[0.148ms] [34;1m[rows:0][0m SELECT description FROM pg_catalog.pg_description WHERE objsubid = (SELECT ordinal_position FROM information_schema.columns WHERE table_schema = CURRENT_SCHEMA() AND table_name = 'recipients' AND column_name = 'email') AND objoid = (SELECT oid FROM pg_catalog.pg_class WHERE relname = 'recipients' AND relnamespace = (SELECT oid FROM pg_catalog.pg_namespace WHERE nspname = CURRENT_SCHEMA()))

2025/12/24 04:19:38 [32m/Users/louislawrence/Music/apps/stack/lazervault-golang/database/migrations.go:164
[0m[33m[0.159ms] [34;1m[rows:0][0m SELECT description FROM pg_catalog.pg_description WHERE objsubid = (SELECT ordinal_position FROM information_schema.columns WHERE table_schema = CURRENT_SCHEMA() AND table_name = 'recipients' AND column_name = 'phone_number') AND objoid = (SELECT oid FROM pg_catalog.pg_class WHERE relname = 'recipients' AND relnamespace = (SELECT oid FROM pg_catalog.pg_namespace WHERE nspname = CURRENT_SCHEMA()))

2025/12/24 04:19:38 [32m/Users/louislawrence/Music/apps/stack/lazervault-golang/database/migrations.go:164
[0m[33m[0.155ms] [34;1m[rows:0][0m SELECT description FROM pg_catalog.pg_description WHERE objsubid = (SELECT ordinal_position FROM information_schema.columns WHERE table_schema = CURRENT_SCHEMA() AND table_name = 'recipients' AND column_name = 'currency') AND objoid = (SELECT oid FROM pg_catalog.pg_class WHERE relname = 'recipients' AND relnamespace = (SELECT oid FROM pg_catalog.pg_namespace WHERE nspname = CURRENT_SCHEMA()))

2025/12/24 04:19:38 [32m/Users/louislawrence/Music/apps/stack/lazervault-golang/database/migrations.go:164
[0m[33m[0.205ms] [34;1m[rows:0][0m SELECT description FROM pg_catalog.pg_description WHERE objsubid = (SELECT ordinal_position FROM information_schema.columns WHERE table_schema = CURRENT_SCHEMA() AND table_name = 'recipients' AND column_name = 'swift_code') AND objoid = (SELECT oid FROM pg_catalog.pg_class WHERE relname = 'recipients' AND relnamespace = (SELECT oid FROM pg_catalog.pg_namespace WHERE nspname = CURRENT_SCHEMA()))

2025/12/24 04:19:38 [32m/Users/louislawrence/Music/apps/stack/lazervault-golang/database/migrations.go:164
[0m[33m[0.169ms] [34;1m[rows:0][0m SELECT description FROM pg_catalog.pg_description WHERE objsubid = (SELECT ordinal_position FROM information_schema.columns WHERE table_schema = CURRENT_SCHEMA() AND table_name = 'recipients' AND column_name = 'iban') AND objoid = (SELECT oid FROM pg_catalog.pg_class WHERE relname = 'recipients' AND relnamespace = (SELECT oid FROM pg_catalog.pg_namespace WHERE nspname = CURRENT_SCHEMA()))

2025/12/24 04:19:38 [32m/Users/louislawrence/Music/apps/stack/lazervault-golang/database/migrations.go:164
[0m[33m[0.725ms] [34;1m[rows:1][0m SELECT count(*) FROM INFORMATION_SCHEMA.table_constraints WHERE table_schema = CURRENT_SCHEMA() AND table_name = 'recipients' AND constraint_name = 'fk_recipients_owner'

2025/12/24 04:19:38 [32m/Users/louislawrence/Music/apps/stack/lazervault-golang/database/migrations.go:164
[0m[33m[0.887ms] [34;1m[rows:1][0m SELECT count(*) FROM INFORMATION_SCHEMA.table_constraints WHERE table_schema = CURRENT_SCHEMA() AND table_name = 'recipients' AND constraint_name = 'fk_recipients_internal_account'

2025/12/24 04:19:38 [32m/Users/louislawrence/Music/apps/stack/lazervault-golang/database/migrations.go:164
[0m[33m[0.233ms] [34;1m[rows:1][0m SELECT count(*) FROM pg_indexes WHERE tablename = 'recipients' AND indexname = 'idx_recipients_deleted_at' AND schemaname = CURRENT_SCHEMA()

2025/12/24 04:19:38 [32m/Users/louislawrence/Music/apps/stack/lazervault-golang/database/migrations.go:164
[0m[33m[0.168ms] [34;1m[rows:1][0m SELECT count(*) FROM pg_indexes WHERE tablename = 'recipients' AND indexname = 'idx_recipients_owner_user_id' AND schemaname = CURRENT_SCHEMA()

2025/12/24 04:19:38 [32m/Users/louislawrence/Music/apps/stack/lazervault-golang/database/migrations.go:164
[0m[33m[0.146ms] [34;1m[rows:1][0m SELECT count(*) FROM pg_indexes WHERE tablename = 'recipients' AND indexname = 'idx_recipients_type' AND schemaname = CURRENT_SCHEMA()

2025/12/24 04:19:38 [32m/Users/louislawrence/Music/apps/stack/lazervault-golang/database/migrations.go:164
[0m[33m[0.162ms] [34;1m[rows:1][0m SELECT count(*) FROM pg_indexes WHERE tablename = 'recipients' AND indexname = 'idx_recipients_internal_account_id' AND schemaname = CURRENT_SCHEMA()

2025/12/24 04:19:38 [32m/Users/louislawrence/Music/apps/stack/lazervault-golang/database/migrations.go:164
[0m[33m[0.358ms] [34;1m[rows:1][0m SELECT count(*) FROM pg_indexes WHERE tablename = 'recipients' AND indexname = 'idx_recipients_internal_user_id' AND schemaname = CURRENT_SCHEMA()

2025/12/24 04:19:38 [32m/Users/louislawrence/Music/apps/stack/lazervault-golang/database/migrations.go:164
[0m[33m[0.494ms] [34;1m[rows:1][0m SELECT count(*) FROM information_schema.tables WHERE table_schema = CURRENT_SCHEMA() AND table_name = 'transfers' AND table_type = 'BASE TABLE'

2025/12/24 04:19:38 [32m/Users/louislawrence/Music/apps/stack/lazervault-golang/database/migrations.go:164
[0m[33m[0.080ms] [34;1m[rows:1][0m SELECT CURRENT_DATABASE()

2025/12/24 04:19:38 [32m/Users/louislawrence/Music/apps/stack/lazervault-golang/database/migrations.go:164
[0m[33m[4.399ms] [34;1m[rows:-][0m SELECT c.column_name, c.is_nullable = 'YES', c.udt_name, c.character_maximum_length, c.numeric_precision, c.numeric_precision_radix, c.numeric_scale, c.datetime_precision, 8 * typlen, c.column_default, pd.description, c.identity_increment FROM information_schema.columns AS c JOIN pg_type AS pgt ON c.udt_name = pgt.typname LEFT JOIN pg_catalog.pg_description as pd ON pd.objsubid = c.ordinal_position AND pd.objoid = (SELECT oid FROM pg_catalog.pg_class WHERE relname = c.table_name AND relnamespace = (SELECT oid FROM pg_catalog.pg_namespace WHERE nspname = c.table_schema)) where table_catalog = 'postgres' AND table_schema = CURRENT_SCHEMA() AND table_name = 'transfers'

2025/12/24 04:19:38 [32m/Users/louislawrence/Music/apps/stack/lazervault-golang/database/migrations.go:164
[0m[33m[1.046ms] [34;1m[rows:-][0m SELECT * FROM "transfers" LIMIT 5

2025/12/24 04:19:38 [32m/Users/louislawrence/Music/apps/stack/lazervault-golang/database/migrations.go:164
[0m[33m[6.849ms] [34;1m[rows:-][0m SELECT constraint_name FROM information_schema.table_constraints tc JOIN information_schema.constraint_column_usage AS ccu USING (constraint_schema, constraint_catalog, table_name, constraint_name) JOIN information_schema.columns AS c ON c.table_schema = tc.constraint_schema AND tc.table_name = c.table_name AND ccu.column_name = c.column_name WHERE constraint_type IN ('PRIMARY KEY', 'UNIQUE') AND c.table_catalog = 'postgres' AND c.table_schema = CURRENT_SCHEMA() AND c.table_name = 'transfers' AND constraint_type = 'UNIQUE'

2025/12/24 04:19:38 [32m/Users/louislawrence/Music/apps/stack/lazervault-golang/database/migrations.go:164
[0m[33m[8.217ms] [34;1m[rows:-][0m SELECT c.column_name, constraint_name, constraint_type FROM information_schema.table_constraints tc JOIN information_schema.constraint_column_usage AS ccu USING (constraint_schema, constraint_catalog, table_name, constraint_name) JOIN information_schema.columns AS c ON c.table_schema = tc.constraint_schema AND tc.table_name = c.table_name AND ccu.column_name = c.column_name WHERE constraint_type IN ('PRIMARY KEY', 'UNIQUE') AND c.table_catalog = 'postgres' AND c.table_schema = CURRENT_SCHEMA() AND c.table_name = 'transfers'

2025/12/24 04:19:38 [32m/Users/louislawrence/Music/apps/stack/lazervault-golang/database/migrations.go:164
[0m[33m[0.289ms] [34;1m[rows:-][0m SELECT a.attname as column_name, format_type(a.atttypid, a.atttypmod) AS data_type
		FROM pg_attribute a JOIN pg_class b ON a.attrelid = b.oid AND relnamespace = (SELECT oid FROM pg_catalog.pg_namespace WHERE nspname = CURRENT_SCHEMA())
		WHERE a.attnum > 0 -- hide internal columns
		AND NOT a.attisdropped -- hide deleted columns
		AND b.relname = 'transfers'

2025/12/24 04:19:38 [32m/Users/louislawrence/Music/apps/stack/lazervault-golang/database/migrations.go:164
[0m[33m[0.187ms] [34;1m[rows:0][0m SELECT description FROM pg_catalog.pg_description WHERE objsubid = (SELECT ordinal_position FROM information_schema.columns WHERE table_schema = CURRENT_SCHEMA() AND table_name = 'transfers' AND column_name = 'id') AND objoid = (SELECT oid FROM pg_catalog.pg_class WHERE relname = 'transfers' AND relnamespace = (SELECT oid FROM pg_catalog.pg_namespace WHERE nspname = CURRENT_SCHEMA()))

2025/12/24 04:19:38 [32m/Users/louislawrence/Music/apps/stack/lazervault-golang/database/migrations.go:164
[0m[33m[0.232ms] [34;1m[rows:0][0m SELECT description FROM pg_catalog.pg_description WHERE objsubid = (SELECT ordinal_position FROM information_schema.columns WHERE table_schema = CURRENT_SCHEMA() AND table_name = 'transfers' AND column_name = 'created_at') AND objoid = (SELECT oid FROM pg_catalog.pg_class WHERE relname = 'transfers' AND relnamespace = (SELECT oid FROM pg_catalog.pg_namespace WHERE nspname = CURRENT_SCHEMA()))

2025/12/24 04:19:38 [32m/Users/louislawrence/Music/apps/stack/lazervault-golang/database/migrations.go:164
[0m[33m[0.268ms] [34;1m[rows:0][0m SELECT description FROM pg_catalog.pg_description WHERE objsubid = (SELECT ordinal_position FROM information_schema.columns WHERE table_schema = CURRENT_SCHEMA() AND table_name = 'transfers' AND column_name = 'updated_at') AND objoid = (SELECT oid FROM pg_catalog.pg_class WHERE relname = 'transfers' AND relnamespace = (SELECT oid FROM pg_catalog.pg_namespace WHERE nspname = CURRENT_SCHEMA()))

2025/12/24 04:19:38 [32m/Users/louislawrence/Music/apps/stack/lazervault-golang/database/migrations.go:164
[0m[33m[0.178ms] [34;1m[rows:0][0m SELECT description FROM pg_catalog.pg_description WHERE objsubid = (SELECT ordinal_position FROM information_schema.columns WHERE table_schema = CURRENT_SCHEMA() AND table_name = 'transfers' AND column_name = 'deleted_at') AND objoid = (SELECT oid FROM pg_catalog.pg_class WHERE relname = 'transfers' AND relnamespace = (SELECT oid FROM pg_catalog.pg_namespace WHERE nspname = CURRENT_SCHEMA()))

2025/12/24 04:19:38 [32m/Users/louislawrence/Music/apps/stack/lazervault-golang/database/migrations.go:164
[0m[33m[0.170ms] [34;1m[rows:0][0m SELECT description FROM pg_catalog.pg_description WHERE objsubid = (SELECT ordinal_position FROM information_schema.columns WHERE table_schema = CURRENT_SCHEMA() AND table_name = 'transfers' AND column_name = 'from_user_id') AND objoid = (SELECT oid FROM pg_catalog.pg_class WHERE relname = 'transfers' AND relnamespace = (SELECT oid FROM pg_catalog.pg_namespace WHERE nspname = CURRENT_SCHEMA()))

2025/12/24 04:19:38 [32m/Users/louislawrence/Music/apps/stack/lazervault-golang/database/migrations.go:164
[0m[33m[0.160ms] [34;1m[rows:0][0m SELECT description FROM pg_catalog.pg_description WHERE objsubid = (SELECT ordinal_position FROM information_schema.columns WHERE table_schema = CURRENT_SCHEMA() AND table_name = 'transfers' AND column_name = 'from_account_id') AND objoid = (SELECT oid FROM pg_catalog.pg_class WHERE relname = 'transfers' AND relnamespace = (SELECT oid FROM pg_catalog.pg_namespace WHERE nspname = CURRENT_SCHEMA()))

2025/12/24 04:19:38 [32m/Users/louislawrence/Music/apps/stack/lazervault-golang/database/migrations.go:164
[0m[33m[0.165ms] [34;1m[rows:0][0m SELECT description FROM pg_catalog.pg_description WHERE objsubid = (SELECT ordinal_position FROM information_schema.columns WHERE table_schema = CURRENT_SCHEMA() AND table_name = 'transfers' AND column_name = 'to_user_id') AND objoid = (SELECT oid FROM pg_catalog.pg_class WHERE relname = 'transfers' AND relnamespace = (SELECT oid FROM pg_catalog.pg_namespace WHERE nspname = CURRENT_SCHEMA()))

2025/12/24 04:19:38 [32m/Users/louislawrence/Music/apps/stack/lazervault-golang/database/migrations.go:164
[0m[33m[0.158ms] [34;1m[rows:0][0m SELECT description FROM pg_catalog.pg_description WHERE objsubid = (SELECT ordinal_position FROM information_schema.columns WHERE table_schema = CURRENT_SCHEMA() AND table_name = 'transfers' AND column_name = 'to_account_id') AND objoid = (SELECT oid FROM pg_catalog.pg_class WHERE relname = 'transfers' AND relnamespace = (SELECT oid FROM pg_catalog.pg_namespace WHERE nspname = CURRENT_SCHEMA()))

2025/12/24 04:19:38 [32m/Users/louislawrence/Music/apps/stack/lazervault-golang/database/migrations.go:164
[0m[33m[0.155ms] [34;1m[rows:0][0m SELECT description FROM pg_catalog.pg_description WHERE objsubid = (SELECT ordinal_position FROM information_schema.columns WHERE table_schema = CURRENT_SCHEMA() AND table_name = 'transfers' AND column_name = 'recipient_id') AND objoid = (SELECT oid FROM pg_catalog.pg_class WHERE relname = 'transfers' AND relnamespace = (SELECT oid FROM pg_catalog.pg_namespace WHERE nspname = CURRENT_SCHEMA()))

2025/12/24 04:19:38 [32m/Users/louislawrence/Music/apps/stack/lazervault-golang/database/migrations.go:164
[0m[33m[0.165ms] [34;1m[rows:0][0m SELECT description FROM pg_catalog.pg_description WHERE objsubid = (SELECT ordinal_position FROM information_schema.columns WHERE table_schema = CURRENT_SCHEMA() AND table_name = 'transfers' AND column_name = 'amount') AND objoid = (SELECT oid FROM pg_catalog.pg_class WHERE relname = 'transfers' AND relnamespace = (SELECT oid FROM pg_catalog.pg_namespace WHERE nspname = CURRENT_SCHEMA()))

2025/12/24 04:19:38 [32m/Users/louislawrence/Music/apps/stack/lazervault-golang/database/migrations.go:164
[0m[33m[0.157ms] [34;1m[rows:0][0m SELECT description FROM pg_catalog.pg_description WHERE objsubid = (SELECT ordinal_position FROM information_schema.columns WHERE table_schema = CURRENT_SCHEMA() AND table_name = 'transfers' AND column_name = 'fee') AND objoid = (SELECT oid FROM pg_catalog.pg_class WHERE relname = 'transfers' AND relnamespace = (SELECT oid FROM pg_catalog.pg_namespace WHERE nspname = CURRENT_SCHEMA()))

2025/12/24 04:19:38 [32m/Users/louislawrence/Music/apps/stack/lazervault-golang/database/migrations.go:164
[0m[33m[0.168ms] [34;1m[rows:0][0m SELECT description FROM pg_catalog.pg_description WHERE objsubid = (SELECT ordinal_position FROM information_schema.columns WHERE table_schema = CURRENT_SCHEMA() AND table_name = 'transfers' AND column_name = 'total_amount') AND objoid = (SELECT oid FROM pg_catalog.pg_class WHERE relname = 'transfers' AND relnamespace = (SELECT oid FROM pg_catalog.pg_namespace WHERE nspname = CURRENT_SCHEMA()))

2025/12/24 04:19:38 [32m/Users/louislawrence/Music/apps/stack/lazervault-golang/database/migrations.go:164
[0m[33m[0.169ms] [34;1m[rows:0][0m SELECT description FROM pg_catalog.pg_description WHERE objsubid = (SELECT ordinal_position FROM information_schema.columns WHERE table_schema = CURRENT_SCHEMA() AND table_name = 'transfers' AND column_name = 'status') AND objoid = (SELECT oid FROM pg_catalog.pg_class WHERE relname = 'transfers' AND relnamespace = (SELECT oid FROM pg_catalog.pg_namespace WHERE nspname = CURRENT_SCHEMA()))

2025/12/24 04:19:38 [32m/Users/louislawrence/Music/apps/stack/lazervault-golang/database/migrations.go:164
[0m[33m[0.158ms] [34;1m[rows:0][0m SELECT description FROM pg_catalog.pg_description WHERE objsubid = (SELECT ordinal_position FROM information_schema.columns WHERE table_schema = CURRENT_SCHEMA() AND table_name = 'transfers' AND column_name = 'reference') AND objoid = (SELECT oid FROM pg_catalog.pg_class WHERE relname = 'transfers' AND relnamespace = (SELECT oid FROM pg_catalog.pg_namespace WHERE nspname = CURRENT_SCHEMA()))

2025/12/24 04:19:38 [32m/Users/louislawrence/Music/apps/stack/lazervault-golang/database/migrations.go:164
[0m[33m[0.179ms] [34;1m[rows:0][0m SELECT description FROM pg_catalog.pg_description WHERE objsubid = (SELECT ordinal_position FROM information_schema.columns WHERE table_schema = CURRENT_SCHEMA() AND table_name = 'transfers' AND column_name = 'category') AND objoid = (SELECT oid FROM pg_catalog.pg_class WHERE relname = 'transfers' AND relnamespace = (SELECT oid FROM pg_catalog.pg_namespace WHERE nspname = CURRENT_SCHEMA()))

2025/12/24 04:19:38 [32m/Users/louislawrence/Music/apps/stack/lazervault-golang/database/migrations.go:164
[0m[33m[0.149ms] [34;1m[rows:0][0m SELECT description FROM pg_catalog.pg_description WHERE objsubid = (SELECT ordinal_position FROM information_schema.columns WHERE table_schema = CURRENT_SCHEMA() AND table_name = 'transfers' AND column_name = 'scheduled_at') AND objoid = (SELECT oid FROM pg_catalog.pg_class WHERE relname = 'transfers' AND relnamespace = (SELECT oid FROM pg_catalog.pg_namespace WHERE nspname = CURRENT_SCHEMA()))

2025/12/24 04:19:38 [32m/Users/louislawrence/Music/apps/stack/lazervault-golang/database/migrations.go:164
[0m[33m[0.162ms] [34;1m[rows:0][0m SELECT description FROM pg_catalog.pg_description WHERE objsubid = (SELECT ordinal_position FROM information_schema.columns WHERE table_schema = CURRENT_SCHEMA() AND table_name = 'transfers' AND column_name = 'idempotency_key') AND objoid = (SELECT oid FROM pg_catalog.pg_class WHERE relname = 'transfers' AND relnamespace = (SELECT oid FROM pg_catalog.pg_namespace WHERE nspname = CURRENT_SCHEMA()))

2025/12/24 04:19:38 [32m/Users/louislawrence/Music/apps/stack/lazervault-golang/database/migrations.go:164
[0m[33m[0.167ms] [34;1m[rows:0][0m SELECT description FROM pg_catalog.pg_description WHERE objsubid = (SELECT ordinal_position FROM information_schema.columns WHERE table_schema = CURRENT_SCHEMA() AND table_name = 'transfers' AND column_name = 'batch_id') AND objoid = (SELECT oid FROM pg_catalog.pg_class WHERE relname = 'transfers' AND relnamespace = (SELECT oid FROM pg_catalog.pg_namespace WHERE nspname = CURRENT_SCHEMA()))

2025/12/24 04:19:38 [32m/Users/louislawrence/Music/apps/stack/lazervault-golang/database/migrations.go:164
[0m[33m[0.218ms] [34;1m[rows:0][0m SELECT description FROM pg_catalog.pg_description WHERE objsubid = (SELECT ordinal_position FROM information_schema.columns WHERE table_schema = CURRENT_SCHEMA() AND table_name = 'transfers' AND column_name = 'completed_at') AND objoid = (SELECT oid FROM pg_catalog.pg_class WHERE relname = 'transfers' AND relnamespace = (SELECT oid FROM pg_catalog.pg_namespace WHERE nspname = CURRENT_SCHEMA()))

2025/12/24 04:19:38 [32m/Users/louislawrence/Music/apps/stack/lazervault-golang/database/migrations.go:164
[0m[33m[0.265ms] [34;1m[rows:0][0m SELECT description FROM pg_catalog.pg_description WHERE objsubid = (SELECT ordinal_position FROM information_schema.columns WHERE table_schema = CURRENT_SCHEMA() AND table_name = 'transfers' AND column_name = 'failed_at') AND objoid = (SELECT oid FROM pg_catalog.pg_class WHERE relname = 'transfers' AND relnamespace = (SELECT oid FROM pg_catalog.pg_namespace WHERE nspname = CURRENT_SCHEMA()))

2025/12/24 04:19:38 [32m/Users/louislawrence/Music/apps/stack/lazervault-golang/database/migrations.go:164
[0m[33m[0.384ms] [34;1m[rows:0][0m SELECT description FROM pg_catalog.pg_description WHERE objsubid = (SELECT ordinal_position FROM information_schema.columns WHERE table_schema = CURRENT_SCHEMA() AND table_name = 'transfers' AND column_name = 'failure_reason') AND objoid = (SELECT oid FROM pg_catalog.pg_class WHERE relname = 'transfers' AND relnamespace = (SELECT oid FROM pg_catalog.pg_namespace WHERE nspname = CURRENT_SCHEMA()))

2025/12/24 04:19:38 [32m/Users/louislawrence/Music/apps/stack/lazervault-golang/database/migrations.go:164
[0m[33m[1.489ms] [34;1m[rows:1][0m SELECT count(*) FROM INFORMATION_SCHEMA.table_constraints WHERE table_schema = CURRENT_SCHEMA() AND table_name = 'transfers' AND constraint_name = 'fk_transfers_to_user'

2025/12/24 04:19:38 [32m/Users/louislawrence/Music/apps/stack/lazervault-golang/database/migrations.go:164
[0m[33m[1.024ms] [34;1m[rows:1][0m SELECT count(*) FROM INFORMATION_SCHEMA.table_constraints WHERE table_schema = CURRENT_SCHEMA() AND table_name = 'transfers' AND constraint_name = 'fk_transfers_from_account'

2025/12/24 04:19:38 [32m/Users/louislawrence/Music/apps/stack/lazervault-golang/database/migrations.go:164
[0m[33m[0.307ms] [34;1m[rows:1][0m SELECT count(*) FROM INFORMATION_SCHEMA.table_constraints WHERE table_schema = CURRENT_SCHEMA() AND table_name = 'transfers' AND constraint_name = 'fk_transfers_to_account'

2025/12/24 04:19:38 [32m/Users/louislawrence/Music/apps/stack/lazervault-golang/database/migrations.go:164
[0m[33m[0.196ms] [34;1m[rows:1][0m SELECT count(*) FROM INFORMATION_SCHEMA.table_constraints WHERE table_schema = CURRENT_SCHEMA() AND table_name = 'transfers' AND constraint_name = 'fk_transfers_recipient'

2025/12/24 04:19:38 [32m/Users/louislawrence/Music/apps/stack/lazervault-golang/database/migrations.go:164
[0m[33m[0.231ms] [34;1m[rows:1][0m SELECT count(*) FROM INFORMATION_SCHEMA.table_constraints WHERE table_schema = CURRENT_SCHEMA() AND table_name = 'transfers' AND constraint_name = 'fk_transfers_from_user'

2025/12/24 04:19:38 [32m/Users/louislawrence/Music/apps/stack/lazervault-golang/database/migrations.go:164
[0m[33m[0.178ms] [34;1m[rows:1][0m SELECT count(*) FROM pg_indexes WHERE tablename = 'transfers' AND indexname = 'idx_transfers_from_account_id' AND schemaname = CURRENT_SCHEMA()

2025/12/24 04:19:38 [32m/Users/louislawrence/Music/apps/stack/lazervault-golang/database/migrations.go:164
[0m[33m[0.209ms] [34;1m[rows:1][0m SELECT count(*) FROM pg_indexes WHERE tablename = 'transfers' AND indexname = 'idx_transfers_to_account_id' AND schemaname = CURRENT_SCHEMA()

2025/12/24 04:19:38 [32m/Users/louislawrence/Music/apps/stack/lazervault-golang/database/migrations.go:164
[0m[33m[0.206ms] [34;1m[rows:1][0m SELECT count(*) FROM pg_indexes WHERE tablename = 'transfers' AND indexname = 'idx_transfers_recipient_id' AND schemaname = CURRENT_SCHEMA()

2025/12/24 04:19:38 [32m/Users/louislawrence/Music/apps/stack/lazervault-golang/database/migrations.go:164
[0m[33m[0.202ms] [34;1m[rows:1][0m SELECT count(*) FROM pg_indexes WHERE tablename = 'transfers' AND indexname = 'idx_transfers_idempotency_key' AND schemaname = CURRENT_SCHEMA()

2025/12/24 04:19:38 [32m/Users/louislawrence/Music/apps/stack/lazervault-golang/database/migrations.go:164
[0m[33m[0.219ms] [34;1m[rows:1][0m SELECT count(*) FROM pg_indexes WHERE tablename = 'transfers' AND indexname = 'idx_transfers_batch_id' AND schemaname = CURRENT_SCHEMA()

2025/12/24 04:19:38 [32m/Users/louislawrence/Music/apps/stack/lazervault-golang/database/migrations.go:164
[0m[33m[0.431ms] [34;1m[rows:1][0m SELECT count(*) FROM pg_indexes WHERE tablename = 'transfers' AND indexname = 'idx_transfers_deleted_at' AND schemaname = CURRENT_SCHEMA()

2025/12/24 04:19:38 [32m/Users/louislawrence/Music/apps/stack/lazervault-golang/database/migrations.go:164
[0m[33m[0.311ms] [34;1m[rows:1][0m SELECT count(*) FROM information_schema.tables WHERE table_schema = CURRENT_SCHEMA() AND table_name = 'deposits' AND table_type = 'BASE TABLE'

2025/12/24 04:19:38 [32m/Users/louislawrence/Music/apps/stack/lazervault-golang/database/migrations.go:164
[0m[33m[0.234ms] [34;1m[rows:1][0m SELECT CURRENT_DATABASE()

2025/12/24 04:19:38 [32m/Users/louislawrence/Music/apps/stack/lazervault-golang/database/migrations.go:164
[0m[33m[1.858ms] [34;1m[rows:-][0m SELECT c.column_name, c.is_nullable = 'YES', c.udt_name, c.character_maximum_length, c.numeric_precision, c.numeric_precision_radix, c.numeric_scale, c.datetime_precision, 8 * typlen, c.column_default, pd.description, c.identity_increment FROM information_schema.columns AS c JOIN pg_type AS pgt ON c.udt_name = pgt.typname LEFT JOIN pg_catalog.pg_description as pd ON pd.objsubid = c.ordinal_position AND pd.objoid = (SELECT oid FROM pg_catalog.pg_class WHERE relname = c.table_name AND relnamespace = (SELECT oid FROM pg_catalog.pg_namespace WHERE nspname = c.table_schema)) where table_catalog = 'postgres' AND table_schema = CURRENT_SCHEMA() AND table_name = 'deposits'

2025/12/24 04:19:38 [32m/Users/louislawrence/Music/apps/stack/lazervault-golang/database/migrations.go:164
[0m[33m[1.369ms] [34;1m[rows:-][0m SELECT * FROM "deposits" LIMIT 5

2025/12/24 04:19:38 [32m/Users/louislawrence/Music/apps/stack/lazervault-golang/database/migrations.go:164
[0m[33m[2.999ms] [34;1m[rows:-][0m SELECT constraint_name FROM information_schema.table_constraints tc JOIN information_schema.constraint_column_usage AS ccu USING (constraint_schema, constraint_catalog, table_name, constraint_name) JOIN information_schema.columns AS c ON c.table_schema = tc.constraint_schema AND tc.table_name = c.table_name AND ccu.column_name = c.column_name WHERE constraint_type IN ('PRIMARY KEY', 'UNIQUE') AND c.table_catalog = 'postgres' AND c.table_schema = CURRENT_SCHEMA() AND c.table_name = 'deposits' AND constraint_type = 'UNIQUE'

2025/12/24 04:19:38 [32m/Users/louislawrence/Music/apps/stack/lazervault-golang/database/migrations.go:164
[0m[33m[2.609ms] [34;1m[rows:-][0m SELECT c.column_name, constraint_name, constraint_type FROM information_schema.table_constraints tc JOIN information_schema.constraint_column_usage AS ccu USING (constraint_schema, constraint_catalog, table_name, constraint_name) JOIN information_schema.columns AS c ON c.table_schema = tc.constraint_schema AND tc.table_name = c.table_name AND ccu.column_name = c.column_name WHERE constraint_type IN ('PRIMARY KEY', 'UNIQUE') AND c.table_catalog = 'postgres' AND c.table_schema = CURRENT_SCHEMA() AND c.table_name = 'deposits'

2025/12/24 04:19:38 [32m/Users/louislawrence/Music/apps/stack/lazervault-golang/database/migrations.go:164
[0m[33m[0.264ms] [34;1m[rows:-][0m SELECT a.attname as column_name, format_type(a.atttypid, a.atttypmod) AS data_type
		FROM pg_attribute a JOIN pg_class b ON a.attrelid = b.oid AND relnamespace = (SELECT oid FROM pg_catalog.pg_namespace WHERE nspname = CURRENT_SCHEMA())
		WHERE a.attnum > 0 -- hide internal columns
		AND NOT a.attisdropped -- hide deleted columns
		AND b.relname = 'deposits'

2025/12/24 04:19:38 [32m/Users/louislawrence/Music/apps/stack/lazervault-golang/database/migrations.go:164
[0m[33m[0.336ms] [34;1m[rows:0][0m SELECT description FROM pg_catalog.pg_description WHERE objsubid = (SELECT ordinal_position FROM information_schema.columns WHERE table_schema = CURRENT_SCHEMA() AND table_name = 'deposits' AND column_name = 'id') AND objoid = (SELECT oid FROM pg_catalog.pg_class WHERE relname = 'deposits' AND relnamespace = (SELECT oid FROM pg_catalog.pg_namespace WHERE nspname = CURRENT_SCHEMA()))

2025/12/24 04:19:38 [32m/Users/louislawrence/Music/apps/stack/lazervault-golang/database/migrations.go:164
[0m[33m[0.308ms] [34;1m[rows:0][0m SELECT description FROM pg_catalog.pg_description WHERE objsubid = (SELECT ordinal_position FROM information_schema.columns WHERE table_schema = CURRENT_SCHEMA() AND table_name = 'deposits' AND column_name = 'user_id') AND objoid = (SELECT oid FROM pg_catalog.pg_class WHERE relname = 'deposits' AND relnamespace = (SELECT oid FROM pg_catalog.pg_namespace WHERE nspname = CURRENT_SCHEMA()))

2025/12/24 04:19:38 [32m/Users/louislawrence/Music/apps/stack/lazervault-golang/database/migrations.go:164
[0m[33m[0.206ms] [34;1m[rows:0][0m SELECT description FROM pg_catalog.pg_description WHERE objsubid = (SELECT ordinal_position FROM information_schema.columns WHERE table_schema = CURRENT_SCHEMA() AND table_name = 'deposits' AND column_name = 'target_account_id') AND objoid = (SELECT oid FROM pg_catalog.pg_class WHERE relname = 'deposits' AND relnamespace = (SELECT oid FROM pg_catalog.pg_namespace WHERE nspname = CURRENT_SCHEMA()))

2025/12/24 04:19:38 [32m/Users/louislawrence/Music/apps/stack/lazervault-golang/database/migrations.go:164
[0m[33m[0.199ms] [34;1m[rows:0][0m SELECT description FROM pg_catalog.pg_description WHERE objsubid = (SELECT ordinal_position FROM information_schema.columns WHERE table_schema = CURRENT_SCHEMA() AND table_name = 'deposits' AND column_name = 'amount') AND objoid = (SELECT oid FROM pg_catalog.pg_class WHERE relname = 'deposits' AND relnamespace = (SELECT oid FROM pg_catalog.pg_namespace WHERE nspname = CURRENT_SCHEMA()))

2025/12/24 04:19:38 [32m/Users/louislawrence/Music/apps/stack/lazervault-golang/database/migrations.go:164
[0m[33m[0.242ms] [34;1m[rows:0][0m SELECT description FROM pg_catalog.pg_description WHERE objsubid = (SELECT ordinal_position FROM information_schema.columns WHERE table_schema = CURRENT_SCHEMA() AND table_name = 'deposits' AND column_name = 'currency') AND objoid = (SELECT oid FROM pg_catalog.pg_class WHERE relname = 'deposits' AND relnamespace = (SELECT oid FROM pg_catalog.pg_namespace WHERE nspname = CURRENT_SCHEMA()))

2025/12/24 04:19:38 [32m/Users/louislawrence/Music/apps/stack/lazervault-golang/database/migrations.go:164
[0m[33m[0.264ms] [34;1m[rows:0][0m SELECT description FROM pg_catalog.pg_description WHERE objsubid = (SELECT ordinal_position FROM information_schema.columns WHERE table_schema = CURRENT_SCHEMA() AND table_name = 'deposits' AND column_name = 'source_bank_name') AND objoid = (SELECT oid FROM pg_catalog.pg_class WHERE relname = 'deposits' AND relnamespace = (SELECT oid FROM pg_catalog.pg_namespace WHERE nspname = CURRENT_SCHEMA()))

2025/12/24 04:19:38 [32m/Users/louislawrence/Music/apps/stack/lazervault-golang/database/migrations.go:164
[0m[33m[0.312ms] [34;1m[rows:0][0m SELECT description FROM pg_catalog.pg_description WHERE objsubid = (SELECT ordinal_position FROM information_schema.columns WHERE table_schema = CURRENT_SCHEMA() AND table_name = 'deposits' AND column_name = 'status') AND objoid = (SELECT oid FROM pg_catalog.pg_class WHERE relname = 'deposits' AND relnamespace = (SELECT oid FROM pg_catalog.pg_namespace WHERE nspname = CURRENT_SCHEMA()))

2025/12/24 04:19:38 [32m/Users/louislawrence/Music/apps/stack/lazervault-golang/database/migrations.go:164
[0m[33m[0.181ms] [34;1m[rows:0][0m SELECT description FROM pg_catalog.pg_description WHERE objsubid = (SELECT ordinal_position FROM information_schema.columns WHERE table_schema = CURRENT_SCHEMA() AND table_name = 'deposits' AND column_name = 'external_transaction_id') AND objoid = (SELECT oid FROM pg_catalog.pg_class WHERE relname = 'deposits' AND relnamespace = (SELECT oid FROM pg_catalog.pg_namespace WHERE nspname = CURRENT_SCHEMA()))

2025/12/24 04:19:38 [32m/Users/louislawrence/Music/apps/stack/lazervault-golang/database/migrations.go:164
[0m[33m[0.159ms] [34;1m[rows:0][0m SELECT description FROM pg_catalog.pg_description WHERE objsubid = (SELECT ordinal_position FROM information_schema.columns WHERE table_schema = CURRENT_SCHEMA() AND table_name = 'deposits' AND column_name = 'failure_reason') AND objoid = (SELECT oid FROM pg_catalog.pg_class WHERE relname = 'deposits' AND relnamespace = (SELECT oid FROM pg_catalog.pg_namespace WHERE nspname = CURRENT_SCHEMA()))

2025/12/24 04:19:38 [32m/Users/louislawrence/Music/apps/stack/lazervault-golang/database/migrations.go:164
[0m[33m[0.140ms] [34;1m[rows:0][0m SELECT description FROM pg_catalog.pg_description WHERE objsubid = (SELECT ordinal_position FROM information_schema.columns WHERE table_schema = CURRENT_SCHEMA() AND table_name = 'deposits' AND column_name = 'created_at') AND objoid = (SELECT oid FROM pg_catalog.pg_class WHERE relname = 'deposits' AND relnamespace = (SELECT oid FROM pg_catalog.pg_namespace WHERE nspname = CURRENT_SCHEMA()))

2025/12/24 04:19:38 [32m/Users/louislawrence/Music/apps/stack/lazervault-golang/database/migrations.go:164
[0m[33m[0.137ms] [34;1m[rows:0][0m SELECT description FROM pg_catalog.pg_description WHERE objsubid = (SELECT ordinal_position FROM information_schema.columns WHERE table_schema = CURRENT_SCHEMA() AND table_name = 'deposits' AND column_name = 'processing_at') AND objoid = (SELECT oid FROM pg_catalog.pg_class WHERE relname = 'deposits' AND relnamespace = (SELECT oid FROM pg_catalog.pg_namespace WHERE nspname = CURRENT_SCHEMA()))

2025/12/24 04:19:38 [32m/Users/louislawrence/Music/apps/stack/lazervault-golang/database/migrations.go:164
[0m[33m[0.134ms] [34;1m[rows:0][0m SELECT description FROM pg_catalog.pg_description WHERE objsubid = (SELECT ordinal_position FROM information_schema.columns WHERE table_schema = CURRENT_SCHEMA() AND table_name = 'deposits' AND column_name = 'completed_at') AND objoid = (SELECT oid FROM pg_catalog.pg_class WHERE relname = 'deposits' AND relnamespace = (SELECT oid FROM pg_catalog.pg_namespace WHERE nspname = CURRENT_SCHEMA()))

2025/12/24 04:19:38 [32m/Users/louislawrence/Music/apps/stack/lazervault-golang/database/migrations.go:164
[0m[33m[0.127ms] [34;1m[rows:0][0m SELECT description FROM pg_catalog.pg_description WHERE objsubid = (SELECT ordinal_position FROM information_schema.columns WHERE table_schema = CURRENT_SCHEMA() AND table_name = 'deposits' AND column_name = 'failed_at') AND objoid = (SELECT oid FROM pg_catalog.pg_class WHERE relname = 'deposits' AND relnamespace = (SELECT oid FROM pg_catalog.pg_namespace WHERE nspname = CURRENT_SCHEMA()))

2025/12/24 04:19:38 [32m/Users/louislawrence/Music/apps/stack/lazervault-golang/database/migrations.go:164
[0m[33m[0.125ms] [34;1m[rows:0][0m SELECT description FROM pg_catalog.pg_description WHERE objsubid = (SELECT ordinal_position FROM information_schema.columns WHERE table_schema = CURRENT_SCHEMA() AND table_name = 'deposits' AND column_name = 'updated_at') AND objoid = (SELECT oid FROM pg_catalog.pg_class WHERE relname = 'deposits' AND relnamespace = (SELECT oid FROM pg_catalog.pg_namespace WHERE nspname = CURRENT_SCHEMA()))

2025/12/24 04:19:38 [32m/Users/louislawrence/Music/apps/stack/lazervault-golang/database/migrations.go:164
[0m[33m[0.162ms] [34;1m[rows:1][0m SELECT count(*) FROM INFORMATION_SCHEMA.table_constraints WHERE table_schema = CURRENT_SCHEMA() AND table_name = 'deposits' AND constraint_name = 'fk_deposits_account'

2025/12/24 04:19:38 [32m/Users/louislawrence/Music/apps/stack/lazervault-golang/database/migrations.go:164
[0m[33m[0.112ms] [34;1m[rows:1][0m SELECT count(*) FROM pg_indexes WHERE tablename = 'deposits' AND indexname = 'idx_deposits_user_id' AND schemaname = CURRENT_SCHEMA()

2025/12/24 04:19:38 [32m/Users/louislawrence/Music/apps/stack/lazervault-golang/database/migrations.go:164
[0m[33m[0.100ms] [34;1m[rows:1][0m SELECT count(*) FROM pg_indexes WHERE tablename = 'deposits' AND indexname = 'idx_deposits_target_account_id' AND schemaname = CURRENT_SCHEMA()

2025/12/24 04:19:38 [32m/Users/louislawrence/Music/apps/stack/lazervault-golang/database/migrations.go:164
[0m[33m[0.099ms] [34;1m[rows:1][0m SELECT count(*) FROM pg_indexes WHERE tablename = 'deposits' AND indexname = 'idx_deposits_status' AND schemaname = CURRENT_SCHEMA()

2025/12/24 04:19:38 [32m/Users/louislawrence/Music/apps/stack/lazervault-golang/database/migrations.go:164
[0m[33m[0.095ms] [34;1m[rows:1][0m SELECT count(*) FROM pg_indexes WHERE tablename = 'deposits' AND indexname = 'idx_deposits_external_transaction_id' AND schemaname = CURRENT_SCHEMA()

2025/12/24 04:19:38 [32m/Users/louislawrence/Music/apps/stack/lazervault-golang/database/migrations.go:164
[0m[33m[0.101ms] [34;1m[rows:1][0m SELECT count(*) FROM pg_indexes WHERE tablename = 'deposits' AND indexname = 'idx_deposits_created_at' AND schemaname = CURRENT_SCHEMA()

2025/12/24 04:19:38 [32m/Users/louislawrence/Music/apps/stack/lazervault-golang/database/migrations.go:164
[0m[33m[0.098ms] [34;1m[rows:1][0m SELECT count(*) FROM pg_indexes WHERE tablename = 'deposits' AND indexname = 'idx_deposits_completed_at' AND schemaname = CURRENT_SCHEMA()

2025/12/24 04:19:38 [32m/Users/louislawrence/Music/apps/stack/lazervault-golang/database/migrations.go:164
[0m[33m[0.106ms] [34;1m[rows:1][0m SELECT count(*) FROM information_schema.tables WHERE table_schema = CURRENT_SCHEMA() AND table_name = 'withdrawals' AND table_type = 'BASE TABLE'

2025/12/24 04:19:38 [32m/Users/louislawrence/Music/apps/stack/lazervault-golang/database/migrations.go:164
[0m[33m[0.075ms] [34;1m[rows:1][0m SELECT CURRENT_DATABASE()

2025/12/24 04:19:38 [32m/Users/louislawrence/Music/apps/stack/lazervault-golang/database/migrations.go:164
[0m[33m[1.784ms] [34;1m[rows:-][0m SELECT c.column_name, c.is_nullable = 'YES', c.udt_name, c.character_maximum_length, c.numeric_precision, c.numeric_precision_radix, c.numeric_scale, c.datetime_precision, 8 * typlen, c.column_default, pd.description, c.identity_increment FROM information_schema.columns AS c JOIN pg_type AS pgt ON c.udt_name = pgt.typname LEFT JOIN pg_catalog.pg_description as pd ON pd.objsubid = c.ordinal_position AND pd.objoid = (SELECT oid FROM pg_catalog.pg_class WHERE relname = c.table_name AND relnamespace = (SELECT oid FROM pg_catalog.pg_namespace WHERE nspname = c.table_schema)) where table_catalog = 'postgres' AND table_schema = CURRENT_SCHEMA() AND table_name = 'withdrawals'

2025/12/24 04:19:38 [32m/Users/louislawrence/Music/apps/stack/lazervault-golang/database/migrations.go:164
[0m[33m[1.580ms] [34;1m[rows:-][0m SELECT * FROM "withdrawals" LIMIT 5

2025/12/24 04:19:38 [32m/Users/louislawrence/Music/apps/stack/lazervault-golang/database/migrations.go:164
[0m[33m[2.361ms] [34;1m[rows:-][0m SELECT constraint_name FROM information_schema.table_constraints tc JOIN information_schema.constraint_column_usage AS ccu USING (constraint_schema, constraint_catalog, table_name, constraint_name) JOIN information_schema.columns AS c ON c.table_schema = tc.constraint_schema AND tc.table_name = c.table_name AND ccu.column_name = c.column_name WHERE constraint_type IN ('PRIMARY KEY', 'UNIQUE') AND c.table_catalog = 'postgres' AND c.table_schema = CURRENT_SCHEMA() AND c.table_name = 'withdrawals' AND constraint_type = 'UNIQUE'

2025/12/24 04:19:38 [32m/Users/louislawrence/Music/apps/stack/lazervault-golang/database/migrations.go:164
[0m[33m[2.914ms] [34;1m[rows:-][0m SELECT c.column_name, constraint_name, constraint_type FROM information_schema.table_constraints tc JOIN information_schema.constraint_column_usage AS ccu USING (constraint_schema, constraint_catalog, table_name, constraint_name) JOIN information_schema.columns AS c ON c.table_schema = tc.constraint_schema AND tc.table_name = c.table_name AND ccu.column_name = c.column_name WHERE constraint_type IN ('PRIMARY KEY', 'UNIQUE') AND c.table_catalog = 'postgres' AND c.table_schema = CURRENT_SCHEMA() AND c.table_name = 'withdrawals'

2025/12/24 04:19:38 [32m/Users/louislawrence/Music/apps/stack/lazervault-golang/database/migrations.go:164
[0m[33m[0.194ms] [34;1m[rows:-][0m SELECT a.attname as column_name, format_type(a.atttypid, a.atttypmod) AS data_type
		FROM pg_attribute a JOIN pg_class b ON a.attrelid = b.oid AND relnamespace = (SELECT oid FROM pg_catalog.pg_namespace WHERE nspname = CURRENT_SCHEMA())
		WHERE a.attnum > 0 -- hide internal columns
		AND NOT a.attisdropped -- hide deleted columns
		AND b.relname = 'withdrawals'

2025/12/24 04:19:38 [32m/Users/louislawrence/Music/apps/stack/lazervault-golang/database/migrations.go:164
[0m[33m[0.462ms] [34;1m[rows:0][0m SELECT description FROM pg_catalog.pg_description WHERE objsubid = (SELECT ordinal_position FROM information_schema.columns WHERE table_schema = CURRENT_SCHEMA() AND table_name = 'withdrawals' AND column_name = 'id') AND objoid = (SELECT oid FROM pg_catalog.pg_class WHERE relname = 'withdrawals' AND relnamespace = (SELECT oid FROM pg_catalog.pg_namespace WHERE nspname = CURRENT_SCHEMA()))

2025/12/24 04:19:38 [32m/Users/louislawrence/Music/apps/stack/lazervault-golang/database/migrations.go:164
[0m[33m[0.182ms] [34;1m[rows:0][0m SELECT description FROM pg_catalog.pg_description WHERE objsubid = (SELECT ordinal_position FROM information_schema.columns WHERE table_schema = CURRENT_SCHEMA() AND table_name = 'withdrawals' AND column_name = 'user_id') AND objoid = (SELECT oid FROM pg_catalog.pg_class WHERE relname = 'withdrawals' AND relnamespace = (SELECT oid FROM pg_catalog.pg_namespace WHERE nspname = CURRENT_SCHEMA()))

2025/12/24 04:19:38 [32m/Users/louislawrence/Music/apps/stack/lazervault-golang/database/migrations.go:164
[0m[33m[0.156ms] [34;1m[rows:0][0m SELECT description FROM pg_catalog.pg_description WHERE objsubid = (SELECT ordinal_position FROM information_schema.columns WHERE table_schema = CURRENT_SCHEMA() AND table_name = 'withdrawals' AND column_name = 'source_account_id') AND objoid = (SELECT oid FROM pg_catalog.pg_class WHERE relname = 'withdrawals' AND relnamespace = (SELECT oid FROM pg_catalog.pg_namespace WHERE nspname = CURRENT_SCHEMA()))

2025/12/24 04:19:38 [32m/Users/louislawrence/Music/apps/stack/lazervault-golang/database/migrations.go:164
[0m[33m[0.133ms] [34;1m[rows:0][0m SELECT description FROM pg_catalog.pg_description WHERE objsubid = (SELECT ordinal_position FROM information_schema.columns WHERE table_schema = CURRENT_SCHEMA() AND table_name = 'withdrawals' AND column_name = 'amount') AND objoid = (SELECT oid FROM pg_catalog.pg_class WHERE relname = 'withdrawals' AND relnamespace = (SELECT oid FROM pg_catalog.pg_namespace WHERE nspname = CURRENT_SCHEMA()))

2025/12/24 04:19:38 [32m/Users/louislawrence/Music/apps/stack/lazervault-golang/database/migrations.go:164
[0m[33m[0.161ms] [34;1m[rows:0][0m SELECT description FROM pg_catalog.pg_description WHERE objsubid = (SELECT ordinal_position FROM information_schema.columns WHERE table_schema = CURRENT_SCHEMA() AND table_name = 'withdrawals' AND column_name = 'currency') AND objoid = (SELECT oid FROM pg_catalog.pg_class WHERE relname = 'withdrawals' AND relnamespace = (SELECT oid FROM pg_catalog.pg_namespace WHERE nspname = CURRENT_SCHEMA()))

2025/12/24 04:19:38 [32m/Users/louislawrence/Music/apps/stack/lazervault-golang/database/migrations.go:164
[0m[33m[0.131ms] [34;1m[rows:0][0m SELECT description FROM pg_catalog.pg_description WHERE objsubid = (SELECT ordinal_position FROM information_schema.columns WHERE table_schema = CURRENT_SCHEMA() AND table_name = 'withdrawals' AND column_name = 'target_bank_name') AND objoid = (SELECT oid FROM pg_catalog.pg_class WHERE relname = 'withdrawals' AND relnamespace = (SELECT oid FROM pg_catalog.pg_namespace WHERE nspname = CURRENT_SCHEMA()))

2025/12/24 04:19:38 [32m/Users/louislawrence/Music/apps/stack/lazervault-golang/database/migrations.go:164
[0m[33m[0.144ms] [34;1m[rows:0][0m SELECT description FROM pg_catalog.pg_description WHERE objsubid = (SELECT ordinal_position FROM information_schema.columns WHERE table_schema = CURRENT_SCHEMA() AND table_name = 'withdrawals' AND column_name = 'target_account_number') AND objoid = (SELECT oid FROM pg_catalog.pg_class WHERE relname = 'withdrawals' AND relnamespace = (SELECT oid FROM pg_catalog.pg_namespace WHERE nspname = CURRENT_SCHEMA()))

2025/12/24 04:19:38 [32m/Users/louislawrence/Music/apps/stack/lazervault-golang/database/migrations.go:164
[0m[33m[0.149ms] [34;1m[rows:0][0m SELECT description FROM pg_catalog.pg_description WHERE objsubid = (SELECT ordinal_position FROM information_schema.columns WHERE table_schema = CURRENT_SCHEMA() AND table_name = 'withdrawals' AND column_name = 'target_sort_code') AND objoid = (SELECT oid FROM pg_catalog.pg_class WHERE relname = 'withdrawals' AND relnamespace = (SELECT oid FROM pg_catalog.pg_namespace WHERE nspname = CURRENT_SCHEMA()))

2025/12/24 04:19:38 [32m/Users/louislawrence/Music/apps/stack/lazervault-golang/database/migrations.go:164
[0m[33m[0.130ms] [34;1m[rows:0][0m SELECT description FROM pg_catalog.pg_description WHERE objsubid = (SELECT ordinal_position FROM information_schema.columns WHERE table_schema = CURRENT_SCHEMA() AND table_name = 'withdrawals' AND column_name = 'status') AND objoid = (SELECT oid FROM pg_catalog.pg_class WHERE relname = 'withdrawals' AND relnamespace = (SELECT oid FROM pg_catalog.pg_namespace WHERE nspname = CURRENT_SCHEMA()))

2025/12/24 04:19:38 [32m/Users/louislawrence/Music/apps/stack/lazervault-golang/database/migrations.go:164
[0m[33m[0.131ms] [34;1m[rows:0][0m SELECT description FROM pg_catalog.pg_description WHERE objsubid = (SELECT ordinal_position FROM information_schema.columns WHERE table_schema = CURRENT_SCHEMA() AND table_name = 'withdrawals' AND column_name = 'external_transaction_id') AND objoid = (SELECT oid FROM pg_catalog.pg_class WHERE relname = 'withdrawals' AND relnamespace = (SELECT oid FROM pg_catalog.pg_namespace WHERE nspname = CURRENT_SCHEMA()))

2025/12/24 04:19:38 [32m/Users/louislawrence/Music/apps/stack/lazervault-golang/database/migrations.go:164
[0m[33m[0.128ms] [34;1m[rows:0][0m SELECT description FROM pg_catalog.pg_description WHERE objsubid = (SELECT ordinal_position FROM information_schema.columns WHERE table_schema = CURRENT_SCHEMA() AND table_name = 'withdrawals' AND column_name = 'transaction_reference') AND objoid = (SELECT oid FROM pg_catalog.pg_class WHERE relname = 'withdrawals' AND relnamespace = (SELECT oid FROM pg_catalog.pg_namespace WHERE nspname = CURRENT_SCHEMA()))

2025/12/24 04:19:38 [32m/Users/louislawrence/Music/apps/stack/lazervault-golang/database/migrations.go:164
[0m[33m[0.126ms] [34;1m[rows:0][0m SELECT description FROM pg_catalog.pg_description WHERE objsubid = (SELECT ordinal_position FROM information_schema.columns WHERE table_schema = CURRENT_SCHEMA() AND table_name = 'withdrawals' AND column_name = 'failure_reason') AND objoid = (SELECT oid FROM pg_catalog.pg_class WHERE relname = 'withdrawals' AND relnamespace = (SELECT oid FROM pg_catalog.pg_namespace WHERE nspname = CURRENT_SCHEMA()))

2025/12/24 04:19:38 [32m/Users/louislawrence/Music/apps/stack/lazervault-golang/database/migrations.go:164
[0m[33m[0.129ms] [34;1m[rows:0][0m SELECT description FROM pg_catalog.pg_description WHERE objsubid = (SELECT ordinal_position FROM information_schema.columns WHERE table_schema = CURRENT_SCHEMA() AND table_name = 'withdrawals' AND column_name = 'created_at') AND objoid = (SELECT oid FROM pg_catalog.pg_class WHERE relname = 'withdrawals' AND relnamespace = (SELECT oid FROM pg_catalog.pg_namespace WHERE nspname = CURRENT_SCHEMA()))

2025/12/24 04:19:38 [32m/Users/louislawrence/Music/apps/stack/lazervault-golang/database/migrations.go:164
[0m[33m[0.124ms] [34;1m[rows:0][0m SELECT description FROM pg_catalog.pg_description WHERE objsubid = (SELECT ordinal_position FROM information_schema.columns WHERE table_schema = CURRENT_SCHEMA() AND table_name = 'withdrawals' AND column_name = 'processing_at') AND objoid = (SELECT oid FROM pg_catalog.pg_class WHERE relname = 'withdrawals' AND relnamespace = (SELECT oid FROM pg_catalog.pg_namespace WHERE nspname = CURRENT_SCHEMA()))

2025/12/24 04:19:38 [32m/Users/louislawrence/Music/apps/stack/lazervault-golang/database/migrations.go:164
[0m[33m[0.123ms] [34;1m[rows:0][0m SELECT description FROM pg_catalog.pg_description WHERE objsubid = (SELECT ordinal_position FROM information_schema.columns WHERE table_schema = CURRENT_SCHEMA() AND table_name = 'withdrawals' AND column_name = 'completed_at') AND objoid = (SELECT oid FROM pg_catalog.pg_class WHERE relname = 'withdrawals' AND relnamespace = (SELECT oid FROM pg_catalog.pg_namespace WHERE nspname = CURRENT_SCHEMA()))

2025/12/24 04:19:38 [32m/Users/louislawrence/Music/apps/stack/lazervault-golang/database/migrations.go:164
[0m[33m[0.123ms] [34;1m[rows:0][0m SELECT description FROM pg_catalog.pg_description WHERE objsubid = (SELECT ordinal_position FROM information_schema.columns WHERE table_schema = CURRENT_SCHEMA() AND table_name = 'withdrawals' AND column_name = 'failed_at') AND objoid = (SELECT oid FROM pg_catalog.pg_class WHERE relname = 'withdrawals' AND relnamespace = (SELECT oid FROM pg_catalog.pg_namespace WHERE nspname = CURRENT_SCHEMA()))

2025/12/24 04:19:38 [32m/Users/louislawrence/Music/apps/stack/lazervault-golang/database/migrations.go:164
[0m[33m[0.125ms] [34;1m[rows:0][0m SELECT description FROM pg_catalog.pg_description WHERE objsubid = (SELECT ordinal_position FROM information_schema.columns WHERE table_schema = CURRENT_SCHEMA() AND table_name = 'withdrawals' AND column_name = 'updated_at') AND objoid = (SELECT oid FROM pg_catalog.pg_class WHERE relname = 'withdrawals' AND relnamespace = (SELECT oid FROM pg_catalog.pg_namespace WHERE nspname = CURRENT_SCHEMA()))

2025/12/24 04:19:38 [32m/Users/louislawrence/Music/apps/stack/lazervault-golang/database/migrations.go:164
[0m[33m[0.151ms] [34;1m[rows:1][0m SELECT count(*) FROM INFORMATION_SCHEMA.table_constraints WHERE table_schema = CURRENT_SCHEMA() AND table_name = 'withdrawals' AND constraint_name = 'fk_withdrawals_user'

2025/12/24 04:19:38 [32m/Users/louislawrence/Music/apps/stack/lazervault-golang/database/migrations.go:164
[0m[33m[0.129ms] [34;1m[rows:1][0m SELECT count(*) FROM INFORMATION_SCHEMA.table_constraints WHERE table_schema = CURRENT_SCHEMA() AND table_name = 'withdrawals' AND constraint_name = 'fk_withdrawals_account'

2025/12/24 04:19:38 [32m/Users/louislawrence/Music/apps/stack/lazervault-golang/database/migrations.go:164
[0m[33m[0.106ms] [34;1m[rows:1][0m SELECT count(*) FROM pg_indexes WHERE tablename = 'withdrawals' AND indexname = 'idx_withdrawals_user_id' AND schemaname = CURRENT_SCHEMA()

2025/12/24 04:19:38 [32m/Users/louislawrence/Music/apps/stack/lazervault-golang/database/migrations.go:164
[0m[33m[0.102ms] [34;1m[rows:1][0m SELECT count(*) FROM pg_indexes WHERE tablename = 'withdrawals' AND indexname = 'idx_withdrawals_source_account_id' AND schemaname = CURRENT_SCHEMA()

2025/12/24 04:19:38 [32m/Users/louislawrence/Music/apps/stack/lazervault-golang/database/migrations.go:164
[0m[33m[0.097ms] [34;1m[rows:1][0m SELECT count(*) FROM pg_indexes WHERE tablename = 'withdrawals' AND indexname = 'idx_withdrawals_status' AND schemaname = CURRENT_SCHEMA()

2025/12/24 04:19:38 [32m/Users/louislawrence/Music/apps/stack/lazervault-golang/database/migrations.go:164
[0m[33m[0.093ms] [34;1m[rows:1][0m SELECT count(*) FROM pg_indexes WHERE tablename = 'withdrawals' AND indexname = 'idx_withdrawals_external_transaction_id' AND schemaname = CURRENT_SCHEMA()

2025/12/24 04:19:38 [32m/Users/louislawrence/Music/apps/stack/lazervault-golang/database/migrations.go:164
[0m[33m[0.094ms] [34;1m[rows:1][0m SELECT count(*) FROM pg_indexes WHERE tablename = 'withdrawals' AND indexname = 'idx_withdrawals_transaction_reference' AND schemaname = CURRENT_SCHEMA()

2025/12/24 04:19:38 [32m/Users/louislawrence/Music/apps/stack/lazervault-golang/database/migrations.go:164
[0m[33m[0.093ms] [34;1m[rows:1][0m SELECT count(*) FROM pg_indexes WHERE tablename = 'withdrawals' AND indexname = 'idx_withdrawals_completed_at' AND schemaname = CURRENT_SCHEMA()

2025/12/24 04:19:38 [32m/Users/louislawrence/Music/apps/stack/lazervault-golang/database/migrations.go:164
[0m[33m[0.101ms] [34;1m[rows:1][0m SELECT count(*) FROM information_schema.tables WHERE table_schema = CURRENT_SCHEMA() AND table_name = 'exchange_transactions' AND table_type = 'BASE TABLE'

2025/12/24 04:19:38 [32m/Users/louislawrence/Music/apps/stack/lazervault-golang/database/migrations.go:164
[0m[33m[0.078ms] [34;1m[rows:1][0m SELECT CURRENT_DATABASE()

2025/12/24 04:19:38 [32m/Users/louislawrence/Music/apps/stack/lazervault-golang/database/migrations.go:164
[0m[33m[1.756ms] [34;1m[rows:-][0m SELECT c.column_name, c.is_nullable = 'YES', c.udt_name, c.character_maximum_length, c.numeric_precision, c.numeric_precision_radix, c.numeric_scale, c.datetime_precision, 8 * typlen, c.column_default, pd.description, c.identity_increment FROM information_schema.columns AS c JOIN pg_type AS pgt ON c.udt_name = pgt.typname LEFT JOIN pg_catalog.pg_description as pd ON pd.objsubid = c.ordinal_position AND pd.objoid = (SELECT oid FROM pg_catalog.pg_class WHERE relname = c.table_name AND relnamespace = (SELECT oid FROM pg_catalog.pg_namespace WHERE nspname = c.table_schema)) where table_catalog = 'postgres' AND table_schema = CURRENT_SCHEMA() AND table_name = 'exchange_transactions'

2025/12/24 04:19:38 [32m/Users/louislawrence/Music/apps/stack/lazervault-golang/database/migrations.go:164
[0m[33m[0.847ms] [34;1m[rows:-][0m SELECT * FROM "exchange_transactions" LIMIT 5

2025/12/24 04:19:38 [32m/Users/louislawrence/Music/apps/stack/lazervault-golang/database/migrations.go:164
[0m[33m[2.454ms] [34;1m[rows:-][0m SELECT constraint_name FROM information_schema.table_constraints tc JOIN information_schema.constraint_column_usage AS ccu USING (constraint_schema, constraint_catalog, table_name, constraint_name) JOIN information_schema.columns AS c ON c.table_schema = tc.constraint_schema AND tc.table_name = c.table_name AND ccu.column_name = c.column_name WHERE constraint_type IN ('PRIMARY KEY', 'UNIQUE') AND c.table_catalog = 'postgres' AND c.table_schema = CURRENT_SCHEMA() AND c.table_name = 'exchange_transactions' AND constraint_type = 'UNIQUE'

2025/12/24 04:19:38 [32m/Users/louislawrence/Music/apps/stack/lazervault-golang/database/migrations.go:164
[0m[33m[2.005ms] [34;1m[rows:-][0m SELECT c.column_name, constraint_name, constraint_type FROM information_schema.table_constraints tc JOIN information_schema.constraint_column_usage AS ccu USING (constraint_schema, constraint_catalog, table_name, constraint_name) JOIN information_schema.columns AS c ON c.table_schema = tc.constraint_schema AND tc.table_name = c.table_name AND ccu.column_name = c.column_name WHERE constraint_type IN ('PRIMARY KEY', 'UNIQUE') AND c.table_catalog = 'postgres' AND c.table_schema = CURRENT_SCHEMA() AND c.table_name = 'exchange_transactions'

2025/12/24 04:19:38 [32m/Users/louislawrence/Music/apps/stack/lazervault-golang/database/migrations.go:164
[0m[33m[0.129ms] [34;1m[rows:-][0m SELECT a.attname as column_name, format_type(a.atttypid, a.atttypmod) AS data_type
		FROM pg_attribute a JOIN pg_class b ON a.attrelid = b.oid AND relnamespace = (SELECT oid FROM pg_catalog.pg_namespace WHERE nspname = CURRENT_SCHEMA())
		WHERE a.attnum > 0 -- hide internal columns
		AND NOT a.attisdropped -- hide deleted columns
		AND b.relname = 'exchange_transactions'

2025/12/24 04:19:38 [32m/Users/louislawrence/Music/apps/stack/lazervault-golang/database/migrations.go:164
[0m[33m[0.394ms] [34;1m[rows:0][0m SELECT description FROM pg_catalog.pg_description WHERE objsubid = (SELECT ordinal_position FROM information_schema.columns WHERE table_schema = CURRENT_SCHEMA() AND table_name = 'exchange_transactions' AND column_name = 'id') AND objoid = (SELECT oid FROM pg_catalog.pg_class WHERE relname = 'exchange_transactions' AND relnamespace = (SELECT oid FROM pg_catalog.pg_namespace WHERE nspname = CURRENT_SCHEMA()))

2025/12/24 04:19:38 [32m/Users/louislawrence/Music/apps/stack/lazervault-golang/database/migrations.go:164
[0m[33m[0.176ms] [34;1m[rows:0][0m SELECT description FROM pg_catalog.pg_description WHERE objsubid = (SELECT ordinal_position FROM information_schema.columns WHERE table_schema = CURRENT_SCHEMA() AND table_name = 'exchange_transactions' AND column_name = 'user_id') AND objoid = (SELECT oid FROM pg_catalog.pg_class WHERE relname = 'exchange_transactions' AND relnamespace = (SELECT oid FROM pg_catalog.pg_namespace WHERE nspname = CURRENT_SCHEMA()))

2025/12/24 04:19:38 [32m/Users/louislawrence/Music/apps/stack/lazervault-golang/database/migrations.go:164
[0m[33m[0.163ms] [34;1m[rows:0][0m SELECT description FROM pg_catalog.pg_description WHERE objsubid = (SELECT ordinal_position FROM information_schema.columns WHERE table_schema = CURRENT_SCHEMA() AND table_name = 'exchange_transactions' AND column_name = 'from_currency') AND objoid = (SELECT oid FROM pg_catalog.pg_class WHERE relname = 'exchange_transactions' AND relnamespace = (SELECT oid FROM pg_catalog.pg_namespace WHERE nspname = CURRENT_SCHEMA()))

2025/12/24 04:19:38 [32m/Users/louislawrence/Music/apps/stack/lazervault-golang/database/migrations.go:164
[0m[33m[0.267ms] [34;1m[rows:0][0m SELECT description FROM pg_catalog.pg_description WHERE objsubid = (SELECT ordinal_position FROM information_schema.columns WHERE table_schema = CURRENT_SCHEMA() AND table_name = 'exchange_transactions' AND column_name = 'to_currency') AND objoid = (SELECT oid FROM pg_catalog.pg_class WHERE relname = 'exchange_transactions' AND relnamespace = (SELECT oid FROM pg_catalog.pg_namespace WHERE nspname = CURRENT_SCHEMA()))

2025/12/24 04:19:38 [32m/Users/louislawrence/Music/apps/stack/lazervault-golang/database/migrations.go:164
[0m[33m[0.167ms] [34;1m[rows:0][0m SELECT description FROM pg_catalog.pg_description WHERE objsubid = (SELECT ordinal_position FROM information_schema.columns WHERE table_schema = CURRENT_SCHEMA() AND table_name = 'exchange_transactions' AND column_name = 'amount_from') AND objoid = (SELECT oid FROM pg_catalog.pg_class WHERE relname = 'exchange_transactions' AND relnamespace = (SELECT oid FROM pg_catalog.pg_namespace WHERE nspname = CURRENT_SCHEMA()))

2025/12/24 04:19:38 [32m/Users/louislawrence/Music/apps/stack/lazervault-golang/database/migrations.go:164
[0m[33m[0.147ms] [34;1m[rows:0][0m SELECT description FROM pg_catalog.pg_description WHERE objsubid = (SELECT ordinal_position FROM information_schema.columns WHERE table_schema = CURRENT_SCHEMA() AND table_name = 'exchange_transactions' AND column_name = 'amount_to') AND objoid = (SELECT oid FROM pg_catalog.pg_class WHERE relname = 'exchange_transactions' AND relnamespace = (SELECT oid FROM pg_catalog.pg_namespace WHERE nspname = CURRENT_SCHEMA()))

2025/12/24 04:19:38 [32m/Users/louislawrence/Music/apps/stack/lazervault-golang/database/migrations.go:164
[0m[33m[0.127ms] [34;1m[rows:0][0m SELECT description FROM pg_catalog.pg_description WHERE objsubid = (SELECT ordinal_position FROM information_schema.columns WHERE table_schema = CURRENT_SCHEMA() AND table_name = 'exchange_transactions' AND column_name = 'exchange_rate') AND objoid = (SELECT oid FROM pg_catalog.pg_class WHERE relname = 'exchange_transactions' AND relnamespace = (SELECT oid FROM pg_catalog.pg_namespace WHERE nspname = CURRENT_SCHEMA()))

2025/12/24 04:19:38 [32m
[0m[33m[0.076ms] [34;1m[rows:1][0m SELECT CURRENT_DATABASE()

2025/12/24 04:19:38 [32m
[0m[33m[1.238ms] [34;1m[rows:-][0m SELECT c.column_name, c.is_nullable = 'YES', c.udt_name, c.character_maximum_length, c.numeric_precision, c.numeric_precision_radix, c.numeric_scale, c.datetime_precision, 8 * typlen, c.column_default, pd.description, c.identity_increment FROM information_schema.columns AS c JOIN pg_type AS pgt ON c.udt_name = pgt.typname LEFT JOIN pg_catalog.pg_description as pd ON pd.objsubid = c.ordinal_position AND pd.objoid = (SELECT oid FROM pg_catalog.pg_class WHERE relname = c.table_name AND relnamespace = (SELECT oid FROM pg_catalog.pg_namespace WHERE nspname = c.table_schema)) where table_catalog = 'postgres' AND table_schema = CURRENT_SCHEMA() AND table_name = 'exchange_transactions'

2025/12/24 04:19:38 [32m
[0m[33m[0.147ms] [34;1m[rows:-][0m SELECT * FROM "exchange_transactions" LIMIT 5

2025/12/24 04:19:38 [32m
[0m[33m[1.804ms] [34;1m[rows:-][0m SELECT constraint_name FROM information_schema.table_constraints tc JOIN information_schema.constraint_column_usage AS ccu USING (constraint_schema, constraint_catalog, table_name, constraint_name) JOIN information_schema.columns AS c ON c.table_schema = tc.constraint_schema AND tc.table_name = c.table_name AND ccu.column_name = c.column_name WHERE constraint_type IN ('PRIMARY KEY', 'UNIQUE') AND c.table_catalog = 'postgres' AND c.table_schema = CURRENT_SCHEMA() AND c.table_name = 'exchange_transactions' AND constraint_type = 'UNIQUE'

2025/12/24 04:19:38 [32m
[0m[33m[1.695ms] [34;1m[rows:-][0m SELECT c.column_name, constraint_name, constraint_type FROM information_schema.table_constraints tc JOIN information_schema.constraint_column_usage AS ccu USING (constraint_schema, constraint_catalog, table_name, constraint_name) JOIN information_schema.columns AS c ON c.table_schema = tc.constraint_schema AND tc.table_name = c.table_name AND ccu.column_name = c.column_name WHERE constraint_type IN ('PRIMARY KEY', 'UNIQUE') AND c.table_catalog = 'postgres' AND c.table_schema = CURRENT_SCHEMA() AND c.table_name = 'exchange_transactions'

2025/12/24 04:19:38 [32m
[0m[33m[0.102ms] [34;1m[rows:-][0m SELECT a.attname as column_name, format_type(a.atttypid, a.atttypmod) AS data_type
		FROM pg_attribute a JOIN pg_class b ON a.attrelid = b.oid AND relnamespace = (SELECT oid FROM pg_catalog.pg_namespace WHERE nspname = CURRENT_SCHEMA())
		WHERE a.attnum > 0 -- hide internal columns
		AND NOT a.attisdropped -- hide deleted columns
		AND b.relname = 'exchange_transactions'

2025/12/24 04:19:38 [32m/Users/louislawrence/Music/apps/stack/lazervault-golang/database/migrations.go:164
[0m[33m[5.588ms] [34;1m[rows:0][0m ALTER TABLE "exchange_transactions" ALTER COLUMN "fees" SET DEFAULT 0

2025/12/24 04:19:38 [32m/Users/louislawrence/Music/apps/stack/lazervault-golang/database/migrations.go:164
[0m[33m[0.503ms] [34;1m[rows:0][0m SELECT description FROM pg_catalog.pg_description WHERE objsubid = (SELECT ordinal_position FROM information_schema.columns WHERE table_schema = CURRENT_SCHEMA() AND table_name = 'exchange_transactions' AND column_name = 'fees') AND objoid = (SELECT oid FROM pg_catalog.pg_class WHERE relname = 'exchange_transactions' AND relnamespace = (SELECT oid FROM pg_catalog.pg_namespace WHERE nspname = CURRENT_SCHEMA()))

2025/12/24 04:19:38 [32m/Users/louislawrence/Music/apps/stack/lazervault-golang/database/migrations.go:164
[0m[33m[0.194ms] [34;1m[rows:0][0m SELECT description FROM pg_catalog.pg_description WHERE objsubid = (SELECT ordinal_position FROM information_schema.columns WHERE table_schema = CURRENT_SCHEMA() AND table_name = 'exchange_transactions' AND column_name = 'receiver_details') AND objoid = (SELECT oid FROM pg_catalog.pg_class WHERE relname = 'exchange_transactions' AND relnamespace = (SELECT oid FROM pg_catalog.pg_namespace WHERE nspname = CURRENT_SCHEMA()))

2025/12/24 04:19:38 [32m/Users/louislawrence/Music/apps/stack/lazervault-golang/database/migrations.go:164
[0m[33m[0.153ms] [34;1m[rows:0][0m SELECT description FROM pg_catalog.pg_description WHERE objsubid = (SELECT ordinal_position FROM information_schema.columns WHERE table_schema = CURRENT_SCHEMA() AND table_name = 'exchange_transactions' AND column_name = 'status') AND objoid = (SELECT oid FROM pg_catalog.pg_class WHERE relname = 'exchange_transactions' AND relnamespace = (SELECT oid FROM pg_catalog.pg_namespace WHERE nspname = CURRENT_SCHEMA()))

2025/12/24 04:19:38 [32m/Users/louislawrence/Music/apps/stack/lazervault-golang/database/migrations.go:164
[0m[33m[0.212ms] [34;1m[rows:0][0m SELECT description FROM pg_catalog.pg_description WHERE objsubid = (SELECT ordinal_position FROM information_schema.columns WHERE table_schema = CURRENT_SCHEMA() AND table_name = 'exchange_transactions' AND column_name = 'created_at') AND objoid = (SELECT oid FROM pg_catalog.pg_class WHERE relname = 'exchange_transactions' AND relnamespace = (SELECT oid FROM pg_catalog.pg_namespace WHERE nspname = CURRENT_SCHEMA()))

2025/12/24 04:19:38 [32m/Users/louislawrence/Music/apps/stack/lazervault-golang/database/migrations.go:164
[0m[33m[0.168ms] [34;1m[rows:0][0m SELECT description FROM pg_catalog.pg_description WHERE objsubid = (SELECT ordinal_position FROM information_schema.columns WHERE table_schema = CURRENT_SCHEMA() AND table_name = 'exchange_transactions' AND column_name = 'updated_at') AND objoid = (SELECT oid FROM pg_catalog.pg_class WHERE relname = 'exchange_transactions' AND relnamespace = (SELECT oid FROM pg_catalog.pg_namespace WHERE nspname = CURRENT_SCHEMA()))

2025/12/24 04:19:38 [32m/Users/louislawrence/Music/apps/stack/lazervault-golang/database/migrations.go:164
[0m[33m[0.153ms] [34;1m[rows:0][0m SELECT description FROM pg_catalog.pg_description WHERE objsubid = (SELECT ordinal_position FROM information_schema.columns WHERE table_schema = CURRENT_SCHEMA() AND table_name = 'exchange_transactions' AND column_name = 'deleted_at') AND objoid = (SELECT oid FROM pg_catalog.pg_class WHERE relname = 'exchange_transactions' AND relnamespace = (SELECT oid FROM pg_catalog.pg_namespace WHERE nspname = CURRENT_SCHEMA()))

2025/12/24 04:19:38 [32m/Users/louislawrence/Music/apps/stack/lazervault-golang/database/migrations.go:164
[0m[33m[0.156ms] [34;1m[rows:1][0m SELECT count(*) FROM pg_indexes WHERE tablename = 'exchange_transactions' AND indexname = 'idx_exchange_transactions_user_id' AND schemaname = CURRENT_SCHEMA()

2025/12/24 04:19:38 [32m/Users/louislawrence/Music/apps/stack/lazervault-golang/database/migrations.go:164
[0m[33m[0.113ms] [34;1m[rows:1][0m SELECT count(*) FROM pg_indexes WHERE tablename = 'exchange_transactions' AND indexname = 'idx_exchange_transactions_status' AND schemaname = CURRENT_SCHEMA()

2025/12/24 04:19:38 [32m/Users/louislawrence/Music/apps/stack/lazervault-golang/database/migrations.go:164
[0m[33m[0.118ms] [34;1m[rows:1][0m SELECT count(*) FROM pg_indexes WHERE tablename = 'exchange_transactions' AND indexname = 'idx_exchange_transactions_created_at' AND schemaname = CURRENT_SCHEMA()

2025/12/24 04:19:38 [32m/Users/louislawrence/Music/apps/stack/lazervault-golang/database/migrations.go:164
[0m[33m[0.115ms] [34;1m[rows:1][0m SELECT count(*) FROM pg_indexes WHERE tablename = 'exchange_transactions' AND indexname = 'idx_exchange_transactions_deleted_at' AND schemaname = CURRENT_SCHEMA()

2025/12/24 04:19:38 [32m/Users/louislawrence/Music/apps/stack/lazervault-golang/database/migrations.go:164
[0m[33m[0.108ms] [34;1m[rows:1][0m SELECT count(*) FROM information_schema.tables WHERE table_schema = CURRENT_SCHEMA() AND table_name = 'user_transaction_files' AND table_type = 'BASE TABLE'

2025/12/24 04:19:38 [32m/Users/louislawrence/Music/apps/stack/lazervault-golang/database/migrations.go:164
[0m[33m[0.078ms] [34;1m[rows:1][0m SELECT CURRENT_DATABASE()

2025/12/24 04:19:38 [32m/Users/louislawrence/Music/apps/stack/lazervault-golang/database/migrations.go:164
[0m[33m[0.842ms] [34;1m[rows:-][0m SELECT c.column_name, c.is_nullable = 'YES', c.udt_name, c.character_maximum_length, c.numeric_precision, c.numeric_precision_radix, c.numeric_scale, c.datetime_precision, 8 * typlen, c.column_default, pd.description, c.identity_increment FROM information_schema.columns AS c JOIN pg_type AS pgt ON c.udt_name = pgt.typname LEFT JOIN pg_catalog.pg_description as pd ON pd.objsubid = c.ordinal_position AND pd.objoid = (SELECT oid FROM pg_catalog.pg_class WHERE relname = c.table_name AND relnamespace = (SELECT oid FROM pg_catalog.pg_namespace WHERE nspname = c.table_schema)) where table_catalog = 'postgres' AND table_schema = CURRENT_SCHEMA() AND table_name = 'user_transaction_files'

2025/12/24 04:19:38 [32m/Users/louislawrence/Music/apps/stack/lazervault-golang/database/migrations.go:164
[0m[33m[1.010ms] [34;1m[rows:-][0m SELECT * FROM "user_transaction_files" LIMIT 5

2025/12/24 04:19:38 [32m/Users/louislawrence/Music/apps/stack/lazervault-golang/database/migrations.go:164
[0m[33m[1.033ms] [34;1m[rows:-][0m SELECT constraint_name FROM information_schema.table_constraints tc JOIN information_schema.constraint_column_usage AS ccu USING (constraint_schema, constraint_catalog, table_name, constraint_name) JOIN information_schema.columns AS c ON c.table_schema = tc.constraint_schema AND tc.table_name = c.table_name AND ccu.column_name = c.column_name WHERE constraint_type IN ('PRIMARY KEY', 'UNIQUE') AND c.table_catalog = 'postgres' AND c.table_schema = CURRENT_SCHEMA() AND c.table_name = 'user_transaction_files' AND constraint_type = 'UNIQUE'

2025/12/24 04:19:38 [32m/Users/louislawrence/Music/apps/stack/lazervault-golang/database/migrations.go:164
[0m[33m[0.909ms] [34;1m[rows:-][0m SELECT c.column_name, constraint_name, constraint_type FROM information_schema.table_constraints tc JOIN information_schema.constraint_column_usage AS ccu USING (constraint_schema, constraint_catalog, table_name, constraint_name) JOIN information_schema.columns AS c ON c.table_schema = tc.constraint_schema AND tc.table_name = c.table_name AND ccu.column_name = c.column_name WHERE constraint_type IN ('PRIMARY KEY', 'UNIQUE') AND c.table_catalog = 'postgres' AND c.table_schema = CURRENT_SCHEMA() AND c.table_name = 'user_transaction_files'

2025/12/24 04:19:38 [32m/Users/louislawrence/Music/apps/stack/lazervault-golang/database/migrations.go:164
[0m[33m[0.113ms] [34;1m[rows:-][0m SELECT a.attname as column_name, format_type(a.atttypid, a.atttypmod) AS data_type
		FROM pg_attribute a JOIN pg_class b ON a.attrelid = b.oid AND relnamespace = (SELECT oid FROM pg_catalog.pg_namespace WHERE nspname = CURRENT_SCHEMA())
		WHERE a.attnum > 0 -- hide internal columns
		AND NOT a.attisdropped -- hide deleted columns
		AND b.relname = 'user_transaction_files'

2025/12/24 04:19:38 [32m/Users/louislawrence/Music/apps/stack/lazervault-golang/database/migrations.go:164
[0m[33m[0.161ms] [34;1m[rows:0][0m SELECT description FROM pg_catalog.pg_description WHERE objsubid = (SELECT ordinal_position FROM information_schema.columns WHERE table_schema = CURRENT_SCHEMA() AND table_name = 'user_transaction_files' AND column_name = 'id') AND objoid = (SELECT oid FROM pg_catalog.pg_class WHERE relname = 'user_transaction_files' AND relnamespace = (SELECT oid FROM pg_catalog.pg_namespace WHERE nspname = CURRENT_SCHEMA()))

2025/12/24 04:19:38 [32m/Users/louislawrence/Music/apps/stack/lazervault-golang/database/migrations.go:164
[0m[33m[0.136ms] [34;1m[rows:0][0m SELECT description FROM pg_catalog.pg_description WHERE objsubid = (SELECT ordinal_position FROM information_schema.columns WHERE table_schema = CURRENT_SCHEMA() AND table_name = 'user_transaction_files' AND column_name = 'user_id') AND objoid = (SELECT oid FROM pg_catalog.pg_class WHERE relname = 'user_transaction_files' AND relnamespace = (SELECT oid FROM pg_catalog.pg_namespace WHERE nspname = CURRENT_SCHEMA()))

2025/12/24 04:19:38 [32m/Users/louislawrence/Music/apps/stack/lazervault-golang/database/migrations.go:164
[0m[33m[0.124ms] [34;1m[rows:0][0m SELECT description FROM pg_catalog.pg_description WHERE objsubid = (SELECT ordinal_position FROM information_schema.columns WHERE table_schema = CURRENT_SCHEMA() AND table_name = 'user_transaction_files' AND column_name = 'file_path') AND objoid = (SELECT oid FROM pg_catalog.pg_class WHERE relname = 'user_transaction_files' AND relnamespace = (SELECT oid FROM pg_catalog.pg_namespace WHERE nspname = CURRENT_SCHEMA()))

2025/12/24 04:19:38 [32m/Users/louislawrence/Music/apps/stack/lazervault-golang/database/migrations.go:164
[0m[33m[0.126ms] [34;1m[rows:0][0m SELECT description FROM pg_catalog.pg_description WHERE objsubid = (SELECT ordinal_position FROM information_schema.columns WHERE table_schema = CURRENT_SCHEMA() AND table_name = 'user_transaction_files' AND column_name = 'created_at') AND objoid = (SELECT oid FROM pg_catalog.pg_class WHERE relname = 'user_transaction_files' AND relnamespace = (SELECT oid FROM pg_catalog.pg_namespace WHERE nspname = CURRENT_SCHEMA()))

2025/12/24 04:19:38 [32m/Users/louislawrence/Music/apps/stack/lazervault-golang/database/migrations.go:164
[0m[33m[0.121ms] [34;1m[rows:0][0m SELECT description FROM pg_catalog.pg_description WHERE objsubid = (SELECT ordinal_position FROM information_schema.columns WHERE table_schema = CURRENT_SCHEMA() AND table_name = 'user_transaction_files' AND column_name = 'updated_at') AND objoid = (SELECT oid FROM pg_catalog.pg_class WHERE relname = 'user_transaction_files' AND relnamespace = (SELECT oid FROM pg_catalog.pg_namespace WHERE nspname = CURRENT_SCHEMA()))

2025/12/24 04:19:38 [32m/Users/louislawrence/Music/apps/stack/lazervault-golang/database/migrations.go:164
[0m[33m[0.136ms] [34;1m[rows:0][0m SELECT description FROM pg_catalog.pg_description WHERE objsubid = (SELECT ordinal_position FROM information_schema.columns WHERE table_schema = CURRENT_SCHEMA() AND table_name = 'user_transaction_files' AND column_name = 'deleted_at') AND objoid = (SELECT oid FROM pg_catalog.pg_class WHERE relname = 'user_transaction_files' AND relnamespace = (SELECT oid FROM pg_catalog.pg_namespace WHERE nspname = CURRENT_SCHEMA()))

2025/12/24 04:19:38 [32m/Users/louislawrence/Music/apps/stack/lazervault-golang/database/migrations.go:164
[0m[33m[0.135ms] [34;1m[rows:1][0m SELECT count(*) FROM INFORMATION_SCHEMA.table_constraints WHERE table_schema = CURRENT_SCHEMA() AND table_name = 'user_transaction_files' AND constraint_name = 'fk_user_transaction_files_user'

2025/12/24 04:19:38 [32m/Users/louislawrence/Music/apps/stack/lazervault-golang/database/migrations.go:164
[0m[33m[0.101ms] [34;1m[rows:1][0m SELECT count(*) FROM pg_indexes WHERE tablename = 'user_transaction_files' AND indexname = 'idx_user_transaction_files_user_id' AND schemaname = CURRENT_SCHEMA()

2025/12/24 04:19:38 [32m/Users/louislawrence/Music/apps/stack/lazervault-golang/database/migrations.go:164
[0m[33m[0.089ms] [34;1m[rows:1][0m SELECT count(*) FROM pg_indexes WHERE tablename = 'user_transaction_files' AND indexname = 'idx_user_transaction_files_deleted_at' AND schemaname = CURRENT_SCHEMA()

2025/12/24 04:19:38 [32m/Users/louislawrence/Music/apps/stack/lazervault-golang/database/migrations.go:164
[0m[33m[0.092ms] [34;1m[rows:1][0m SELECT count(*) FROM information_schema.tables WHERE table_schema = CURRENT_SCHEMA() AND table_name = 'ai_chat_histories' AND table_type = 'BASE TABLE'

2025/12/24 04:19:38 [32m/Users/louislawrence/Music/apps/stack/lazervault-golang/database/migrations.go:164
[0m[33m[0.062ms] [34;1m[rows:1][0m SELECT CURRENT_DATABASE()

2025/12/24 04:19:38 [32m/Users/louislawrence/Music/apps/stack/lazervault-golang/database/migrations.go:164
[0m[33m[0.735ms] [34;1m[rows:-][0m SELECT c.column_name, c.is_nullable = 'YES', c.udt_name, c.character_maximum_length, c.numeric_precision, c.numeric_precision_radix, c.numeric_scale, c.datetime_precision, 8 * typlen, c.column_default, pd.description, c.identity_increment FROM information_schema.columns AS c JOIN pg_type AS pgt ON c.udt_name = pgt.typname LEFT JOIN pg_catalog.pg_description as pd ON pd.objsubid = c.ordinal_position AND pd.objoid = (SELECT oid FROM pg_catalog.pg_class WHERE relname = c.table_name AND relnamespace = (SELECT oid FROM pg_catalog.pg_namespace WHERE nspname = c.table_schema)) where table_catalog = 'postgres' AND table_schema = CURRENT_SCHEMA() AND table_name = 'ai_chat_histories'

2025/12/24 04:19:38 [32m/Users/louislawrence/Music/apps/stack/lazervault-golang/database/migrations.go:164
[0m[33m[0.959ms] [34;1m[rows:-][0m SELECT * FROM "ai_chat_histories" LIMIT 5

2025/12/24 04:19:38 [32m/Users/louislawrence/Music/apps/stack/lazervault-golang/database/migrations.go:164
[0m[33m[0.757ms] [34;1m[rows:-][0m SELECT constraint_name FROM information_schema.table_constraints tc JOIN information_schema.constraint_column_usage AS ccu USING (constraint_schema, constraint_catalog, table_name, constraint_name) JOIN information_schema.columns AS c ON c.table_schema = tc.constraint_schema AND tc.table_name = c.table_name AND ccu.column_name = c.column_name WHERE constraint_type IN ('PRIMARY KEY', 'UNIQUE') AND c.table_catalog = 'postgres' AND c.table_schema = CURRENT_SCHEMA() AND c.table_name = 'ai_chat_histories' AND constraint_type = 'UNIQUE'

2025/12/24 04:19:38 [32m/Users/louislawrence/Music/apps/stack/lazervault-golang/database/migrations.go:164
[0m[33m[0.847ms] [34;1m[rows:-][0m SELECT c.column_name, constraint_name, constraint_type FROM information_schema.table_constraints tc JOIN information_schema.constraint_column_usage AS ccu USING (constraint_schema, constraint_catalog, table_name, constraint_name) JOIN information_schema.columns AS c ON c.table_schema = tc.constraint_schema AND tc.table_name = c.table_name AND ccu.column_name = c.column_name WHERE constraint_type IN ('PRIMARY KEY', 'UNIQUE') AND c.table_catalog = 'postgres' AND c.table_schema = CURRENT_SCHEMA() AND c.table_name = 'ai_chat_histories'

2025/12/24 04:19:38 [32m/Users/louislawrence/Music/apps/stack/lazervault-golang/database/migrations.go:164
[0m[33m[0.105ms] [34;1m[rows:-][0m SELECT a.attname as column_name, format_type(a.atttypid, a.atttypmod) AS data_type
		FROM pg_attribute a JOIN pg_class b ON a.attrelid = b.oid AND relnamespace = (SELECT oid FROM pg_catalog.pg_namespace WHERE nspname = CURRENT_SCHEMA())
		WHERE a.attnum > 0 -- hide internal columns
		AND NOT a.attisdropped -- hide deleted columns
		AND b.relname = 'ai_chat_histories'

2025/12/24 04:19:38 [32m/Users/louislawrence/Music/apps/stack/lazervault-golang/database/migrations.go:164
[0m[33m[0.156ms] [34;1m[rows:0][0m SELECT description FROM pg_catalog.pg_description WHERE objsubid = (SELECT ordinal_position FROM information_schema.columns WHERE table_schema = CURRENT_SCHEMA() AND table_name = 'ai_chat_histories' AND column_name = 'id') AND objoid = (SELECT oid FROM pg_catalog.pg_class WHERE relname = 'ai_chat_histories' AND relnamespace = (SELECT oid FROM pg_catalog.pg_namespace WHERE nspname = CURRENT_SCHEMA()))

2025/12/24 04:19:38 [32m/Users/louislawrence/Music/apps/stack/lazervault-golang/database/migrations.go:164
[0m[33m[0.135ms] [34;1m[rows:0][0m SELECT description FROM pg_catalog.pg_description WHERE objsubid = (SELECT ordinal_position FROM information_schema.columns WHERE table_schema = CURRENT_SCHEMA() AND table_name = 'ai_chat_histories' AND column_name = 'user_id') AND objoid = (SELECT oid FROM pg_catalog.pg_class WHERE relname = 'ai_chat_histories' AND relnamespace = (SELECT oid FROM pg_catalog.pg_namespace WHERE nspname = CURRENT_SCHEMA()))

2025/12/24 04:19:38 [32m/Users/louislawrence/Music/apps/stack/lazervault-golang/database/migrations.go:164
[0m[33m[0.135ms] [34;1m[rows:0][0m SELECT description FROM pg_catalog.pg_description WHERE objsubid = (SELECT ordinal_position FROM information_schema.columns WHERE table_schema = CURRENT_SCHEMA() AND table_name = 'ai_chat_histories' AND column_name = 'query') AND objoid = (SELECT oid FROM pg_catalog.pg_class WHERE relname = 'ai_chat_histories' AND relnamespace = (SELECT oid FROM pg_catalog.pg_namespace WHERE nspname = CURRENT_SCHEMA()))

2025/12/24 04:19:38 [32m/Users/louislawrence/Music/apps/stack/lazervault-golang/database/migrations.go:164
[0m[33m[0.131ms] [34;1m[rows:0][0m SELECT description FROM pg_catalog.pg_description WHERE objsubid = (SELECT ordinal_position FROM information_schema.columns WHERE table_schema = CURRENT_SCHEMA() AND table_name = 'ai_chat_histories' AND column_name = 'response') AND objoid = (SELECT oid FROM pg_catalog.pg_class WHERE relname = 'ai_chat_histories' AND relnamespace = (SELECT oid FROM pg_catalog.pg_namespace WHERE nspname = CURRENT_SCHEMA()))

2025/12/24 04:19:38 [32m/Users/louislawrence/Music/apps/stack/lazervault-golang/database/migrations.go:164
[0m[33m[0.124ms] [34;1m[rows:0][0m SELECT description FROM pg_catalog.pg_description WHERE objsubid = (SELECT ordinal_position FROM information_schema.columns WHERE table_schema = CURRENT_SCHEMA() AND table_name = 'ai_chat_histories' AND column_name = 'created_at') AND objoid = (SELECT oid FROM pg_catalog.pg_class WHERE relname = 'ai_chat_histories' AND relnamespace = (SELECT oid FROM pg_catalog.pg_namespace WHERE nspname = CURRENT_SCHEMA()))

2025/12/24 04:19:38 [32m/Users/louislawrence/Music/apps/stack/lazervault-golang/database/migrations.go:164
[0m[33m[0.196ms] [34;1m[rows:1][0m SELECT count(*) FROM INFORMATION_SCHEMA.table_constraints WHERE table_schema = CURRENT_SCHEMA() AND table_name = 'ai_chat_histories' AND constraint_name = 'fk_ai_chat_histories_user'

2025/12/24 04:19:38 [32m/Users/louislawrence/Music/apps/stack/lazervault-golang/database/migrations.go:164
[0m[33m[0.111ms] [34;1m[rows:1][0m SELECT count(*) FROM pg_indexes WHERE tablename = 'ai_chat_histories' AND indexname = 'idx_ai_chat_histories_created_at' AND schemaname = CURRENT_SCHEMA()

2025/12/24 04:19:38 [32m/Users/louislawrence/Music/apps/stack/lazervault-golang/database/migrations.go:164
[0m[33m[0.121ms] [34;1m[rows:1][0m SELECT count(*) FROM pg_indexes WHERE tablename = 'ai_chat_histories' AND indexname = 'idx_ai_chat_histories_user_id' AND schemaname = CURRENT_SCHEMA()

2025/12/24 04:19:38 [32m/Users/louislawrence/Music/apps/stack/lazervault-golang/database/migrations.go:164
[0m[33m[0.101ms] [34;1m[rows:1][0m SELECT count(*) FROM information_schema.tables WHERE table_schema = CURRENT_SCHEMA() AND table_name = 'user_chat_history_files' AND table_type = 'BASE TABLE'

2025/12/24 04:19:38 [32m/Users/louislawrence/Music/apps/stack/lazervault-golang/database/migrations.go:164
[0m[33m[0.061ms] [34;1m[rows:1][0m SELECT CURRENT_DATABASE()

2025/12/24 04:19:38 [32m/Users/louislawrence/Music/apps/stack/lazervault-golang/database/migrations.go:164
[0m[33m[1.109ms] [34;1m[rows:-][0m SELECT c.column_name, c.is_nullable = 'YES', c.udt_name, c.character_maximum_length, c.numeric_precision, c.numeric_precision_radix, c.numeric_scale, c.datetime_precision, 8 * typlen, c.column_default, pd.description, c.identity_increment FROM information_schema.columns AS c JOIN pg_type AS pgt ON c.udt_name = pgt.typname LEFT JOIN pg_catalog.pg_description as pd ON pd.objsubid = c.ordinal_position AND pd.objoid = (SELECT oid FROM pg_catalog.pg_class WHERE relname = c.table_name AND relnamespace = (SELECT oid FROM pg_catalog.pg_namespace WHERE nspname = c.table_schema)) where table_catalog = 'postgres' AND table_schema = CURRENT_SCHEMA() AND table_name = 'user_chat_history_files'

2025/12/24 04:19:38 [32m/Users/louislawrence/Music/apps/stack/lazervault-golang/database/migrations.go:164
[0m[33m[0.571ms] [34;1m[rows:-][0m SELECT * FROM "user_chat_history_files" LIMIT 5

2025/12/24 04:19:38 [32m/Users/louislawrence/Music/apps/stack/lazervault-golang/database/migrations.go:164
[0m[33m[0.718ms] [34;1m[rows:-][0m SELECT constraint_name FROM information_schema.table_constraints tc JOIN information_schema.constraint_column_usage AS ccu USING (constraint_schema, constraint_catalog, table_name, constraint_name) JOIN information_schema.columns AS c ON c.table_schema = tc.constraint_schema AND tc.table_name = c.table_name AND ccu.column_name = c.column_name WHERE constraint_type IN ('PRIMARY KEY', 'UNIQUE') AND c.table_catalog = 'postgres' AND c.table_schema = CURRENT_SCHEMA() AND c.table_name = 'user_chat_history_files' AND constraint_type = 'UNIQUE'

2025/12/24 04:19:38 [32m/Users/louislawrence/Music/apps/stack/lazervault-golang/database/migrations.go:164
[0m[33m[0.669ms] [34;1m[rows:-][0m SELECT c.column_name, constraint_name, constraint_type FROM information_schema.table_constraints tc JOIN information_schema.constraint_column_usage AS ccu USING (constraint_schema, constraint_catalog, table_name, constraint_name) JOIN information_schema.columns AS c ON c.table_schema = tc.constraint_schema AND tc.table_name = c.table_name AND ccu.column_name = c.column_name WHERE constraint_type IN ('PRIMARY KEY', 'UNIQUE') AND c.table_catalog = 'postgres' AND c.table_schema = CURRENT_SCHEMA() AND c.table_name = 'user_chat_history_files'

2025/12/24 04:19:38 [32m/Users/louislawrence/Music/apps/stack/lazervault-golang/database/migrations.go:164
[0m[33m[0.092ms] [34;1m[rows:-][0m SELECT a.attname as column_name, format_type(a.atttypid, a.atttypmod) AS data_type
		FROM pg_attribute a JOIN pg_class b ON a.attrelid = b.oid AND relnamespace = (SELECT oid FROM pg_catalog.pg_namespace WHERE nspname = CURRENT_SCHEMA())
		WHERE a.attnum > 0 -- hide internal columns
		AND NOT a.attisdropped -- hide deleted columns
		AND b.relname = 'user_chat_history_files'

2025/12/24 04:19:38 [32m/Users/louislawrence/Music/apps/stack/lazervault-golang/database/migrations.go:164
[0m[33m[0.147ms] [34;1m[rows:0][0m SELECT description FROM pg_catalog.pg_description WHERE objsubid = (SELECT ordinal_position FROM information_schema.columns WHERE table_schema = CURRENT_SCHEMA() AND table_name = 'user_chat_history_files' AND column_name = 'id') AND objoid = (SELECT oid FROM pg_catalog.pg_class WHERE relname = 'user_chat_history_files' AND relnamespace = (SELECT oid FROM pg_catalog.pg_namespace WHERE nspname = CURRENT_SCHEMA()))

2025/12/24 04:19:38 [32m/Users/louislawrence/Music/apps/stack/lazervault-golang/database/migrations.go:164
[0m[33m[0.128ms] [34;1m[rows:0][0m SELECT description FROM pg_catalog.pg_description WHERE objsubid = (SELECT ordinal_position FROM information_schema.columns WHERE table_schema = CURRENT_SCHEMA() AND table_name = 'user_chat_history_files' AND column_name = 'user_id') AND objoid = (SELECT oid FROM pg_catalog.pg_class WHERE relname = 'user_chat_history_files' AND relnamespace = (SELECT oid FROM pg_catalog.pg_namespace WHERE nspname = CURRENT_SCHEMA()))

2025/12/24 04:19:38 [32m/Users/louislawrence/Music/apps/stack/lazervault-golang/database/migrations.go:164
[0m[33m[0.137ms] [34;1m[rows:0][0m SELECT description FROM pg_catalog.pg_description WHERE objsubid = (SELECT ordinal_position FROM information_schema.columns WHERE table_schema = CURRENT_SCHEMA() AND table_name = 'user_chat_history_files' AND column_name = 'file_path') AND objoid = (SELECT oid FROM pg_catalog.pg_class WHERE relname = 'user_chat_history_files' AND relnamespace = (SELECT oid FROM pg_catalog.pg_namespace WHERE nspname = CURRENT_SCHEMA()))

2025/12/24 04:19:38 [32m/Users/louislawrence/Music/apps/stack/lazervault-golang/database/migrations.go:164
[0m[33m[0.125ms] [34;1m[rows:0][0m SELECT description FROM pg_catalog.pg_description WHERE objsubid = (SELECT ordinal_position FROM information_schema.columns WHERE table_schema = CURRENT_SCHEMA() AND table_name = 'user_chat_history_files' AND column_name = 'updated_at') AND objoid = (SELECT oid FROM pg_catalog.pg_class WHERE relname = 'user_chat_history_files' AND relnamespace = (SELECT oid FROM pg_catalog.pg_namespace WHERE nspname = CURRENT_SCHEMA()))

2025/12/24 04:19:38 [32m/Users/louislawrence/Music/apps/stack/lazervault-golang/database/migrations.go:164
[0m[33m[0.131ms] [34;1m[rows:1][0m SELECT count(*) FROM INFORMATION_SCHEMA.table_constraints WHERE table_schema = CURRENT_SCHEMA() AND table_name = 'user_chat_history_files' AND constraint_name = 'fk_user_chat_history_files_user'

2025/12/24 04:19:38 [32m/Users/louislawrence/Music/apps/stack/lazervault-golang/database/migrations.go:164
[0m[33m[0.094ms] [34;1m[rows:1][0m SELECT count(*) FROM pg_indexes WHERE tablename = 'user_chat_history_files' AND indexname = 'idx_user_chat_history_files_user_id' AND schemaname = CURRENT_SCHEMA()

2025/12/24 04:19:38 [32m/Users/louislawrence/Music/apps/stack/lazervault-golang/database/migrations.go:164
[0m[33m[0.090ms] [34;1m[rows:1][0m SELECT count(*) FROM information_schema.tables WHERE table_schema = CURRENT_SCHEMA() AND table_name = 'user_voice_files' AND table_type = 'BASE TABLE'

2025/12/24 04:19:38 [32m/Users/louislawrence/Music/apps/stack/lazervault-golang/database/migrations.go:164
[0m[33m[0.056ms] [34;1m[rows:1][0m SELECT CURRENT_DATABASE()

2025/12/24 04:19:38 [32m/Users/louislawrence/Music/apps/stack/lazervault-golang/database/migrations.go:164
[0m[33m[0.918ms] [34;1m[rows:-][0m SELECT c.column_name, c.is_nullable = 'YES', c.udt_name, c.character_maximum_length, c.numeric_precision, c.numeric_precision_radix, c.numeric_scale, c.datetime_precision, 8 * typlen, c.column_default, pd.description, c.identity_increment FROM information_schema.columns AS c JOIN pg_type AS pgt ON c.udt_name = pgt.typname LEFT JOIN pg_catalog.pg_description as pd ON pd.objsubid = c.ordinal_position AND pd.objoid = (SELECT oid FROM pg_catalog.pg_class WHERE relname = c.table_name AND relnamespace = (SELECT oid FROM pg_catalog.pg_namespace WHERE nspname = c.table_schema)) where table_catalog = 'postgres' AND table_schema = CURRENT_SCHEMA() AND table_name = 'user_voice_files'

2025/12/24 04:19:38 [32m/Users/louislawrence/Music/apps/stack/lazervault-golang/database/migrations.go:164
[0m[33m[0.460ms] [34;1m[rows:-][0m SELECT * FROM "user_voice_files" LIMIT 5

2025/12/24 04:19:38 [32m/Users/louislawrence/Music/apps/stack/lazervault-golang/database/migrations.go:164
[0m[33m[1.545ms] [34;1m[rows:-][0m SELECT constraint_name FROM information_schema.table_constraints tc JOIN information_schema.constraint_column_usage AS ccu USING (constraint_schema, constraint_catalog, table_name, constraint_name) JOIN information_schema.columns AS c ON c.table_schema = tc.constraint_schema AND tc.table_name = c.table_name AND ccu.column_name = c.column_name WHERE constraint_type IN ('PRIMARY KEY', 'UNIQUE') AND c.table_catalog = 'postgres' AND c.table_schema = CURRENT_SCHEMA() AND c.table_name = 'user_voice_files' AND constraint_type = 'UNIQUE'

2025/12/24 04:19:38 [32m/Users/louislawrence/Music/apps/stack/lazervault-golang/database/migrations.go:164
[0m[33m[1.425ms] [34;1m[rows:-][0m SELECT c.column_name, constraint_name, constraint_type FROM information_schema.table_constraints tc JOIN information_schema.constraint_column_usage AS ccu USING (constraint_schema, constraint_catalog, table_name, constraint_name) JOIN information_schema.columns AS c ON c.table_schema = tc.constraint_schema AND tc.table_name = c.table_name AND ccu.column_name = c.column_name WHERE constraint_type IN ('PRIMARY KEY', 'UNIQUE') AND c.table_catalog = 'postgres' AND c.table_schema = CURRENT_SCHEMA() AND c.table_name = 'user_voice_files'

2025/12/24 04:19:38 [32m/Users/louislawrence/Music/apps/stack/lazervault-golang/database/migrations.go:164
[0m[33m[0.099ms] [34;1m[rows:-][0m SELECT a.attname as column_name, format_type(a.atttypid, a.atttypmod) AS data_type
		FROM pg_attribute a JOIN pg_class b ON a.attrelid = b.oid AND relnamespace = (SELECT oid FROM pg_catalog.pg_namespace WHERE nspname = CURRENT_SCHEMA())
		WHERE a.attnum > 0 -- hide internal columns
		AND NOT a.attisdropped -- hide deleted columns
		AND b.relname = 'user_voice_files'

2025/12/24 04:19:39 [32m/Users/louislawrence/Music/apps/stack/lazervault-golang/database/migrations.go:164
[0m[33m[0.172ms] [34;1m[rows:0][0m SELECT description FROM pg_catalog.pg_description WHERE objsubid = (SELECT ordinal_position FROM information_schema.columns WHERE table_schema = CURRENT_SCHEMA() AND table_name = 'user_voice_files' AND column_name = 'id') AND objoid = (SELECT oid FROM pg_catalog.pg_class WHERE relname = 'user_voice_files' AND relnamespace = (SELECT oid FROM pg_catalog.pg_namespace WHERE nspname = CURRENT_SCHEMA()))

2025/12/24 04:19:39 [32m/Users/louislawrence/Music/apps/stack/lazervault-golang/database/migrations.go:164
[0m[33m[0.150ms] [34;1m[rows:0][0m SELECT description FROM pg_catalog.pg_description WHERE objsubid = (SELECT ordinal_position FROM information_schema.columns WHERE table_schema = CURRENT_SCHEMA() AND table_name = 'user_voice_files' AND column_name = 'user_id') AND objoid = (SELECT oid FROM pg_catalog.pg_class WHERE relname = 'user_voice_files' AND relnamespace = (SELECT oid FROM pg_catalog.pg_namespace WHERE nspname = CURRENT_SCHEMA()))

2025/12/24 04:19:39 [32m/Users/louislawrence/Music/apps/stack/lazervault-golang/database/migrations.go:164
[0m[33m[0.141ms] [34;1m[rows:0][0m SELECT description FROM pg_catalog.pg_description WHERE objsubid = (SELECT ordinal_position FROM information_schema.columns WHERE table_schema = CURRENT_SCHEMA() AND table_name = 'user_voice_files' AND column_name = 'file_url') AND objoid = (SELECT oid FROM pg_catalog.pg_class WHERE relname = 'user_voice_files' AND relnamespace = (SELECT oid FROM pg_catalog.pg_namespace WHERE nspname = CURRENT_SCHEMA()))

2025/12/24 04:19:39 [32m/Users/louislawrence/Music/apps/stack/lazervault-golang/database/migrations.go:164
[0m[33m[0.155ms] [34;1m[rows:0][0m SELECT description FROM pg_catalog.pg_description WHERE objsubid = (SELECT ordinal_position FROM information_schema.columns WHERE table_schema = CURRENT_SCHEMA() AND table_name = 'user_voice_files' AND column_name = 'filename') AND objoid = (SELECT oid FROM pg_catalog.pg_class WHERE relname = 'user_voice_files' AND relnamespace = (SELECT oid FROM pg_catalog.pg_namespace WHERE nspname = CURRENT_SCHEMA()))

2025/12/24 04:19:39 [32m/Users/louislawrence/Music/apps/stack/lazervault-golang/database/migrations.go:164
[0m[33m[0.188ms] [34;1m[rows:0][0m SELECT description FROM pg_catalog.pg_description WHERE objsubid = (SELECT ordinal_position FROM information_schema.columns WHERE table_schema = CURRENT_SCHEMA() AND table_name = 'user_voice_files' AND column_name = 'content_type') AND objoid = (SELECT oid FROM pg_catalog.pg_class WHERE relname = 'user_voice_files' AND relnamespace = (SELECT oid FROM pg_catalog.pg_namespace WHERE nspname = CURRENT_SCHEMA()))

2025/12/24 04:19:39 [32m/Users/louislawrence/Music/apps/stack/lazervault-golang/database/migrations.go:164
[0m[33m[0.152ms] [34;1m[rows:0][0m SELECT description FROM pg_catalog.pg_description WHERE objsubid = (SELECT ordinal_position FROM information_schema.columns WHERE table_schema = CURRENT_SCHEMA() AND table_name = 'user_voice_files' AND column_name = 'file_size') AND objoid = (SELECT oid FROM pg_catalog.pg_class WHERE relname = 'user_voice_files' AND relnamespace = (SELECT oid FROM pg_catalog.pg_namespace WHERE nspname = CURRENT_SCHEMA()))

2025/12/24 04:19:39 [32m/Users/louislawrence/Music/apps/stack/lazervault-golang/database/migrations.go:164
[0m[33m[0.171ms] [34;1m[rows:0][0m SELECT description FROM pg_catalog.pg_description WHERE objsubid = (SELECT ordinal_position FROM information_schema.columns WHERE table_schema = CURRENT_SCHEMA() AND table_name = 'user_voice_files' AND column_name = 'processed_at') AND objoid = (SELECT oid FROM pg_catalog.pg_class WHERE relname = 'user_voice_files' AND relnamespace = (SELECT oid FROM pg_catalog.pg_namespace WHERE nspname = CURRENT_SCHEMA()))

2025/12/24 04:19:39 [32m/Users/louislawrence/Music/apps/stack/lazervault-golang/database/migrations.go:164
[0m[33m[0.136ms] [34;1m[rows:0][0m SELECT description FROM pg_catalog.pg_description WHERE objsubid = (SELECT ordinal_position FROM information_schema.columns WHERE table_schema = CURRENT_SCHEMA() AND table_name = 'user_voice_files' AND column_name = 'response') AND objoid = (SELECT oid FROM pg_catalog.pg_class WHERE relname = 'user_voice_files' AND relnamespace = (SELECT oid FROM pg_catalog.pg_namespace WHERE nspname = CURRENT_SCHEMA()))

2025/12/24 04:19:39 [32m/Users/louislawrence/Music/apps/stack/lazervault-golang/database/migrations.go:164
[0m[33m[0.138ms] [34;1m[rows:0][0m SELECT description FROM pg_catalog.pg_description WHERE objsubid = (SELECT ordinal_position FROM information_schema.columns WHERE table_schema = CURRENT_SCHEMA() AND table_name = 'user_voice_files' AND column_name = 'transcription') AND objoid = (SELECT oid FROM pg_catalog.pg_class WHERE relname = 'user_voice_files' AND relnamespace = (SELECT oid FROM pg_catalog.pg_namespace WHERE nspname = CURRENT_SCHEMA()))

2025/12/24 04:19:39 [32m/Users/louislawrence/Music/apps/stack/lazervault-golang/database/migrations.go:164
[0m[33m[0.130ms] [34;1m[rows:0][0m SELECT description FROM pg_catalog.pg_description WHERE objsubid = (SELECT ordinal_position FROM information_schema.columns WHERE table_schema = CURRENT_SCHEMA() AND table_name = 'user_voice_files' AND column_name = 'created_at') AND objoid = (SELECT oid FROM pg_catalog.pg_class WHERE relname = 'user_voice_files' AND relnamespace = (SELECT oid FROM pg_catalog.pg_namespace WHERE nspname = CURRENT_SCHEMA()))

2025/12/24 04:19:39 [32m/Users/louislawrence/Music/apps/stack/lazervault-golang/database/migrations.go:164
[0m[33m[0.129ms] [34;1m[rows:0][0m SELECT description FROM pg_catalog.pg_description WHERE objsubid = (SELECT ordinal_position FROM information_schema.columns WHERE table_schema = CURRENT_SCHEMA() AND table_name = 'user_voice_files' AND column_name = 'updated_at') AND objoid = (SELECT oid FROM pg_catalog.pg_class WHERE relname = 'user_voice_files' AND relnamespace = (SELECT oid FROM pg_catalog.pg_namespace WHERE nspname = CURRENT_SCHEMA()))

2025/12/24 04:19:39 [32m/Users/louislawrence/Music/apps/stack/lazervault-golang/database/migrations.go:164
[0m[33m[0.173ms] [34;1m[rows:1][0m SELECT count(*) FROM INFORMATION_SCHEMA.table_constraints WHERE table_schema = CURRENT_SCHEMA() AND table_name = 'user_voice_files' AND constraint_name = 'fk_user_voice_files_user'

2025/12/24 04:19:39 [32m/Users/louislawrence/Music/apps/stack/lazervault-golang/database/migrations.go:164
[0m[33m[0.138ms] [34;1m[rows:1][0m SELECT count(*) FROM pg_indexes WHERE tablename = 'user_voice_files' AND indexname = 'idx_user_voice_files_user_id' AND schemaname = CURRENT_SCHEMA()

2025/12/24 04:19:39 [32m/Users/louislawrence/Music/apps/stack/lazervault-golang/database/migrations.go:164
[0m[33m[0.321ms] [34;1m[rows:1][0m SELECT count(*) FROM information_schema.tables WHERE table_schema = CURRENT_SCHEMA() AND table_name = 'invoices' AND table_type = 'BASE TABLE'

2025/12/24 04:19:39 [32m/Users/louislawrence/Music/apps/stack/lazervault-golang/database/migrations.go:164
[0m[33m[0.072ms] [34;1m[rows:1][0m SELECT CURRENT_DATABASE()

2025/12/24 04:19:39 [32m/Users/louislawrence/Music/apps/stack/lazervault-golang/database/migrations.go:164
[0m[33m[1.696ms] [34;1m[rows:-][0m SELECT c.column_name, c.is_nullable = 'YES', c.udt_name, c.character_maximum_length, c.numeric_precision, c.numeric_precision_radix, c.numeric_scale, c.datetime_precision, 8 * typlen, c.column_default, pd.description, c.identity_increment FROM information_schema.columns AS c JOIN pg_type AS pgt ON c.udt_name = pgt.typname LEFT JOIN pg_catalog.pg_description as pd ON pd.objsubid = c.ordinal_position AND pd.objoid = (SELECT oid FROM pg_catalog.pg_class WHERE relname = c.table_name AND relnamespace = (SELECT oid FROM pg_catalog.pg_namespace WHERE nspname = c.table_schema)) where table_catalog = 'postgres' AND table_schema = CURRENT_SCHEMA() AND table_name = 'invoices'

2025/12/24 04:19:39 [32m/Users/louislawrence/Music/apps/stack/lazervault-golang/database/migrations.go:164
[0m[33m[0.748ms] [34;1m[rows:-][0m SELECT * FROM "invoices" LIMIT 5

2025/12/24 04:19:39 [32m/Users/louislawrence/Music/apps/stack/lazervault-golang/database/migrations.go:164
[0m[33m[3.233ms] [34;1m[rows:-][0m SELECT constraint_name FROM information_schema.table_constraints tc JOIN information_schema.constraint_column_usage AS ccu USING (constraint_schema, constraint_catalog, table_name, constraint_name) JOIN information_schema.columns AS c ON c.table_schema = tc.constraint_schema AND tc.table_name = c.table_name AND ccu.column_name = c.column_name WHERE constraint_type IN ('PRIMARY KEY', 'UNIQUE') AND c.table_catalog = 'postgres' AND c.table_schema = CURRENT_SCHEMA() AND c.table_name = 'invoices' AND constraint_type = 'UNIQUE'

2025/12/24 04:19:39 [32m/Users/louislawrence/Music/apps/stack/lazervault-golang/database/migrations.go:164
[0m[33m[2.941ms] [34;1m[rows:-][0m SELECT c.column_name, constraint_name, constraint_type FROM information_schema.table_constraints tc JOIN information_schema.constraint_column_usage AS ccu USING (constraint_schema, constraint_catalog, table_name, constraint_name) JOIN information_schema.columns AS c ON c.table_schema = tc.constraint_schema AND tc.table_name = c.table_name AND ccu.column_name = c.column_name WHERE constraint_type IN ('PRIMARY KEY', 'UNIQUE') AND c.table_catalog = 'postgres' AND c.table_schema = CURRENT_SCHEMA() AND c.table_name = 'invoices'

2025/12/24 04:19:39 [32m/Users/louislawrence/Music/apps/stack/lazervault-golang/database/migrations.go:164
[0m[33m[0.118ms] [34;1m[rows:-][0m SELECT a.attname as column_name, format_type(a.atttypid, a.atttypmod) AS data_type
		FROM pg_attribute a JOIN pg_class b ON a.attrelid = b.oid AND relnamespace = (SELECT oid FROM pg_catalog.pg_namespace WHERE nspname = CURRENT_SCHEMA())
		WHERE a.attnum > 0 -- hide internal columns
		AND NOT a.attisdropped -- hide deleted columns
		AND b.relname = 'invoices'

2025/12/24 04:19:39 [32m/Users/louislawrence/Music/apps/stack/lazervault-golang/database/migrations.go:164
[0m[33m[0.160ms] [34;1m[rows:0][0m SELECT description FROM pg_catalog.pg_description WHERE objsubid = (SELECT ordinal_position FROM information_schema.columns WHERE table_schema = CURRENT_SCHEMA() AND table_name = 'invoices' AND column_name = 'id') AND objoid = (SELECT oid FROM pg_catalog.pg_class WHERE relname = 'invoices' AND relnamespace = (SELECT oid FROM pg_catalog.pg_namespace WHERE nspname = CURRENT_SCHEMA()))

2025/12/24 04:19:39 [32m/Users/louislawrence/Music/apps/stack/lazervault-golang/database/migrations.go:164
[0m[33m[0.127ms] [34;1m[rows:0][0m SELECT description FROM pg_catalog.pg_description WHERE objsubid = (SELECT ordinal_position FROM information_schema.columns WHERE table_schema = CURRENT_SCHEMA() AND table_name = 'invoices' AND column_name = 'user_id') AND objoid = (SELECT oid FROM pg_catalog.pg_class WHERE relname = 'invoices' AND relnamespace = (SELECT oid FROM pg_catalog.pg_namespace WHERE nspname = CURRENT_SCHEMA()))

2025/12/24 04:19:39 [32m/Users/louislawrence/Music/apps/stack/lazervault-golang/database/migrations.go:164
[0m[33m[0.123ms] [34;1m[rows:0][0m SELECT description FROM pg_catalog.pg_description WHERE objsubid = (SELECT ordinal_position FROM information_schema.columns WHERE table_schema = CURRENT_SCHEMA() AND table_name = 'invoices' AND column_name = 'recipient_id') AND objoid = (SELECT oid FROM pg_catalog.pg_class WHERE relname = 'invoices' AND relnamespace = (SELECT oid FROM pg_catalog.pg_namespace WHERE nspname = CURRENT_SCHEMA()))

2025/12/24 04:19:39 [32m/Users/louislawrence/Music/apps/stack/lazervault-golang/database/migrations.go:164
[0m[33m[0.120ms] [34;1m[rows:0][0m SELECT description FROM pg_catalog.pg_description WHERE objsubid = (SELECT ordinal_position FROM information_schema.columns WHERE table_schema = CURRENT_SCHEMA() AND table_name = 'invoices' AND column_name = 'title') AND objoid = (SELECT oid FROM pg_catalog.pg_class WHERE relname = 'invoices' AND relnamespace = (SELECT oid FROM pg_catalog.pg_namespace WHERE nspname = CURRENT_SCHEMA()))

2025/12/24 04:19:39 [32m/Users/louislawrence/Music/apps/stack/lazervault-golang/database/migrations.go:164
[0m[33m[0.120ms] [34;1m[rows:0][0m SELECT description FROM pg_catalog.pg_description WHERE objsubid = (SELECT ordinal_position FROM information_schema.columns WHERE table_schema = CURRENT_SCHEMA() AND table_name = 'invoices' AND column_name = 'description') AND objoid = (SELECT oid FROM pg_catalog.pg_class WHERE relname = 'invoices' AND relnamespace = (SELECT oid FROM pg_catalog.pg_namespace WHERE nspname = CURRENT_SCHEMA()))

2025/12/24 04:19:39 [32m/Users/louislawrence/Music/apps/stack/lazervault-golang/database/migrations.go:164
[0m[33m[0.126ms] [34;1m[rows:0][0m SELECT description FROM pg_catalog.pg_description WHERE objsubid = (SELECT ordinal_position FROM information_schema.columns WHERE table_schema = CURRENT_SCHEMA() AND table_name = 'invoices' AND column_name = 'amount') AND objoid = (SELECT oid FROM pg_catalog.pg_class WHERE relname = 'invoices' AND relnamespace = (SELECT oid FROM pg_catalog.pg_namespace WHERE nspname = CURRENT_SCHEMA()))

2025/12/24 04:19:39 [32m/Users/louislawrence/Music/apps/stack/lazervault-golang/database/migrations.go:164
[0m[33m[0.175ms] [34;1m[rows:0][0m SELECT description FROM pg_catalog.pg_description WHERE objsubid = (SELECT ordinal_position FROM information_schema.columns WHERE table_schema = CURRENT_SCHEMA() AND table_name = 'invoices' AND column_name = 'currency') AND objoid = (SELECT oid FROM pg_catalog.pg_class WHERE relname = 'invoices' AND relnamespace = (SELECT oid FROM pg_catalog.pg_namespace WHERE nspname = CURRENT_SCHEMA()))

2025/12/24 04:19:39 [32m/Users/louislawrence/Music/apps/stack/lazervault-golang/database/migrations.go:164
[0m[33m[0.124ms] [34;1m[rows:0][0m SELECT description FROM pg_catalog.pg_description WHERE objsubid = (SELECT ordinal_position FROM information_schema.columns WHERE table_schema = CURRENT_SCHEMA() AND table_name = 'invoices' AND column_name = 'due_date') AND objoid = (SELECT oid FROM pg_catalog.pg_class WHERE relname = 'invoices' AND relnamespace = (SELECT oid FROM pg_catalog.pg_namespace WHERE nspname = CURRENT_SCHEMA()))

2025/12/24 04:19:39 [32m/Users/louislawrence/Music/apps/stack/lazervault-golang/database/migrations.go:164
[0m[33m[0.129ms] [34;1m[rows:0][0m SELECT description FROM pg_catalog.pg_description WHERE objsubid = (SELECT ordinal_position FROM information_schema.columns WHERE table_schema = CURRENT_SCHEMA() AND table_name = 'invoices' AND column_name = 'is_paid') AND objoid = (SELECT oid FROM pg_catalog.pg_class WHERE relname = 'invoices' AND relnamespace = (SELECT oid FROM pg_catalog.pg_namespace WHERE nspname = CURRENT_SCHEMA()))

2025/12/24 04:19:39 [32m/Users/louislawrence/Music/apps/stack/lazervault-golang/database/migrations.go:164
[0m[33m[0.119ms] [34;1m[rows:0][0m SELECT description FROM pg_catalog.pg_description WHERE objsubid = (SELECT ordinal_position FROM information_schema.columns WHERE table_schema = CURRENT_SCHEMA() AND table_name = 'invoices' AND column_name = 'payment_method_id') AND objoid = (SELECT oid FROM pg_catalog.pg_class WHERE relname = 'invoices' AND relnamespace = (SELECT oid FROM pg_catalog.pg_namespace WHERE nspname = CURRENT_SCHEMA()))

2025/12/24 04:19:39 [32m/Users/louislawrence/Music/apps/stack/lazervault-golang/database/migrations.go:164
[0m[33m[0.118ms] [34;1m[rows:0][0m SELECT description FROM pg_catalog.pg_description WHERE objsubid = (SELECT ordinal_position FROM information_schema.columns WHERE table_schema = CURRENT_SCHEMA() AND table_name = 'invoices' AND column_name = 'payment_reference') AND objoid = (SELECT oid FROM pg_catalog.pg_class WHERE relname = 'invoices' AND relnamespace = (SELECT oid FROM pg_catalog.pg_namespace WHERE nspname = CURRENT_SCHEMA()))

2025/12/24 04:19:39 [32m/Users/louislawrence/Music/apps/stack/lazervault-golang/database/migrations.go:164
[0m[33m[0.121ms] [34;1m[rows:0][0m SELECT description FROM pg_catalog.pg_description WHERE objsubid = (SELECT ordinal_position FROM information_schema.columns WHERE table_schema = CURRENT_SCHEMA() AND table_name = 'invoices' AND column_name = 'status') AND objoid = (SELECT oid FROM pg_catalog.pg_class WHERE relname = 'invoices' AND relnamespace = (SELECT oid FROM pg_catalog.pg_namespace WHERE nspname = CURRENT_SCHEMA()))

2025/12/24 04:19:39 [32m/Users/louislawrence/Music/apps/stack/lazervault-golang/database/migrations.go:164
[0m[33m[0.117ms] [34;1m[rows:0][0m SELECT description FROM pg_catalog.pg_description WHERE objsubid = (SELECT ordinal_position FROM information_schema.columns WHERE table_schema = CURRENT_SCHEMA() AND table_name = 'invoices' AND column_name = 'metadata') AND objoid = (SELECT oid FROM pg_catalog.pg_class WHERE relname = 'invoices' AND relnamespace = (SELECT oid FROM pg_catalog.pg_namespace WHERE nspname = CURRENT_SCHEMA()))

2025/12/24 04:19:39 [32m/Users/louislawrence/Music/apps/stack/lazervault-golang/database/migrations.go:164
[0m[33m[0.117ms] [34;1m[rows:0][0m SELECT description FROM pg_catalog.pg_description WHERE objsubid = (SELECT ordinal_position FROM information_schema.columns WHERE table_schema = CURRENT_SCHEMA() AND table_name = 'invoices' AND column_name = 'items') AND objoid = (SELECT oid FROM pg_catalog.pg_class WHERE relname = 'invoices' AND relnamespace = (SELECT oid FROM pg_catalog.pg_namespace WHERE nspname = CURRENT_SCHEMA()))

2025/12/24 04:19:39 [32m/Users/louislawrence/Music/apps/stack/lazervault-golang/database/migrations.go:164
[0m[33m[0.117ms] [34;1m[rows:0][0m SELECT description FROM pg_catalog.pg_description WHERE objsubid = (SELECT ordinal_position FROM information_schema.columns WHERE table_schema = CURRENT_SCHEMA() AND table_name = 'invoices' AND column_name = 'notes') AND objoid = (SELECT oid FROM pg_catalog.pg_class WHERE relname = 'invoices' AND relnamespace = (SELECT oid FROM pg_catalog.pg_namespace WHERE nspname = CURRENT_SCHEMA()))

2025/12/24 04:19:39 [32m/Users/louislawrence/Music/apps/stack/lazervault-golang/database/migrations.go:164
[0m[33m[0.118ms] [34;1m[rows:0][0m SELECT description FROM pg_catalog.pg_description WHERE objsubid = (SELECT ordinal_position FROM information_schema.columns WHERE table_schema = CURRENT_SCHEMA() AND table_name = 'invoices' AND column_name = 'tax_amount') AND objoid = (SELECT oid FROM pg_catalog.pg_class WHERE relname = 'invoices' AND relnamespace = (SELECT oid FROM pg_catalog.pg_namespace WHERE nspname = CURRENT_SCHEMA()))

2025/12/24 04:19:39 [32m/Users/louislawrence/Music/apps/stack/lazervault-golang/database/migrations.go:164
[0m[33m[0.119ms] [34;1m[rows:0][0m SELECT description FROM pg_catalog.pg_description WHERE objsubid = (SELECT ordinal_position FROM information_schema.columns WHERE table_schema = CURRENT_SCHEMA() AND table_name = 'invoices' AND column_name = 'discount_amount') AND objoid = (SELECT oid FROM pg_catalog.pg_class WHERE relname = 'invoices' AND relnamespace = (SELECT oid FROM pg_catalog.pg_namespace WHERE nspname = CURRENT_SCHEMA()))

2025/12/24 04:19:39 [32m/Users/louislawrence/Music/apps/stack/lazervault-golang/database/migrations.go:164
[0m[33m[0.119ms] [34;1m[rows:0][0m SELECT description FROM pg_catalog.pg_description WHERE objsubid = (SELECT ordinal_position FROM information_schema.columns WHERE table_schema = CURRENT_SCHEMA() AND table_name = 'invoices' AND column_name = 'total_amount') AND objoid = (SELECT oid FROM pg_catalog.pg_class WHERE relname = 'invoices' AND relnamespace = (SELECT oid FROM pg_catalog.pg_namespace WHERE nspname = CURRENT_SCHEMA()))

2025/12/24 04:19:39 [32m/Users/louislawrence/Music/apps/stack/lazervault-golang/database/migrations.go:164
[0m[33m[0.122ms] [34;1m[rows:0][0m SELECT description FROM pg_catalog.pg_description WHERE objsubid = (SELECT ordinal_position FROM information_schema.columns WHERE table_schema = CURRENT_SCHEMA() AND table_name = 'invoices' AND column_name = 'recipient_details') AND objoid = (SELECT oid FROM pg_catalog.pg_class WHERE relname = 'invoices' AND relnamespace = (SELECT oid FROM pg_catalog.pg_namespace WHERE nspname = CURRENT_SCHEMA()))

2025/12/24 04:19:39 [32m/Users/louislawrence/Music/apps/stack/lazervault-golang/database/migrations.go:164
[0m[33m[0.128ms] [34;1m[rows:0][0m SELECT description FROM pg_catalog.pg_description WHERE objsubid = (SELECT ordinal_position FROM information_schema.columns WHERE table_schema = CURRENT_SCHEMA() AND table_name = 'invoices' AND column_name = 'payer_details') AND objoid = (SELECT oid FROM pg_catalog.pg_class WHERE relname = 'invoices' AND relnamespace = (SELECT oid FROM pg_catalog.pg_namespace WHERE nspname = CURRENT_SCHEMA()))

2025/12/24 04:19:39 [32m/Users/louislawrence/Music/apps/stack/lazervault-golang/database/migrations.go:164
[0m[33m[0.121ms] [34;1m[rows:0][0m SELECT description FROM pg_catalog.pg_description WHERE objsubid = (SELECT ordinal_position FROM information_schema.columns WHERE table_schema = CURRENT_SCHEMA() AND table_name = 'invoices' AND column_name = 'to_email') AND objoid = (SELECT oid FROM pg_catalog.pg_class WHERE relname = 'invoices' AND relnamespace = (SELECT oid FROM pg_catalog.pg_namespace WHERE nspname = CURRENT_SCHEMA()))

2025/12/24 04:19:39 [32m/Users/louislawrence/Music/apps/stack/lazervault-golang/database/migrations.go:164
[0m[33m[0.117ms] [34;1m[rows:0][0m SELECT description FROM pg_catalog.pg_description WHERE objsubid = (SELECT ordinal_position FROM information_schema.columns WHERE table_schema = CURRENT_SCHEMA() AND table_name = 'invoices' AND column_name = 'to_name') AND objoid = (SELECT oid FROM pg_catalog.pg_class WHERE relname = 'invoices' AND relnamespace = (SELECT oid FROM pg_catalog.pg_namespace WHERE nspname = CURRENT_SCHEMA()))

2025/12/24 04:19:39 [32m/Users/louislawrence/Music/apps/stack/lazervault-golang/database/migrations.go:164
[0m[33m[0.120ms] [34;1m[rows:0][0m SELECT description FROM pg_catalog.pg_description WHERE objsubid = (SELECT ordinal_position FROM information_schema.columns WHERE table_schema = CURRENT_SCHEMA() AND table_name = 'invoices' AND column_name = 'created_at') AND objoid = (SELECT oid FROM pg_catalog.pg_class WHERE relname = 'invoices' AND relnamespace = (SELECT oid FROM pg_catalog.pg_namespace WHERE nspname = CURRENT_SCHEMA()))

2025/12/24 04:19:39 [32m/Users/louislawrence/Music/apps/stack/lazervault-golang/database/migrations.go:164
[0m[33m[0.116ms] [34;1m[rows:0][0m SELECT description FROM pg_catalog.pg_description WHERE objsubid = (SELECT ordinal_position FROM information_schema.columns WHERE table_schema = CURRENT_SCHEMA() AND table_name = 'invoices' AND column_name = 'updated_at') AND objoid = (SELECT oid FROM pg_catalog.pg_class WHERE relname = 'invoices' AND relnamespace = (SELECT oid FROM pg_catalog.pg_namespace WHERE nspname = CURRENT_SCHEMA()))

2025/12/24 04:19:39 [32m/Users/louislawrence/Music/apps/stack/lazervault-golang/database/migrations.go:164
[0m[33m[0.105ms] [34;1m[rows:1][0m SELECT count(*) FROM information_schema.tables WHERE table_schema = CURRENT_SCHEMA() AND table_name = 'invoice_payment_transactions' AND table_type = 'BASE TABLE'

2025/12/24 04:19:39 [32m/Users/louislawrence/Music/apps/stack/lazervault-golang/database/migrations.go:164
[0m[33m[0.056ms] [34;1m[rows:1][0m SELECT CURRENT_DATABASE()

2025/12/24 04:19:39 [32m/Users/louislawrence/Music/apps/stack/lazervault-golang/database/migrations.go:164
[0m[33m[1.432ms] [34;1m[rows:-][0m SELECT c.column_name, c.is_nullable = 'YES', c.udt_name, c.character_maximum_length, c.numeric_precision, c.numeric_precision_radix, c.numeric_scale, c.datetime_precision, 8 * typlen, c.column_default, pd.description, c.identity_increment FROM information_schema.columns AS c JOIN pg_type AS pgt ON c.udt_name = pgt.typname LEFT JOIN pg_catalog.pg_description as pd ON pd.objsubid = c.ordinal_position AND pd.objoid = (SELECT oid FROM pg_catalog.pg_class WHERE relname = c.table_name AND relnamespace = (SELECT oid FROM pg_catalog.pg_namespace WHERE nspname = c.table_schema)) where table_catalog = 'postgres' AND table_schema = CURRENT_SCHEMA() AND table_name = 'invoice_payment_transactions'

2025/12/24 04:19:39 [32m/Users/louislawrence/Music/apps/stack/lazervault-golang/database/migrations.go:164
[0m[33m[0.886ms] [34;1m[rows:-][0m SELECT * FROM "invoice_payment_transactions" LIMIT 5

2025/12/24 04:19:39 [32m/Users/louislawrence/Music/apps/stack/lazervault-golang/database/migrations.go:164
[0m[33m[2.309ms] [34;1m[rows:-][0m SELECT constraint_name FROM information_schema.table_constraints tc JOIN information_schema.constraint_column_usage AS ccu USING (constraint_schema, constraint_catalog, table_name, constraint_name) JOIN information_schema.columns AS c ON c.table_schema = tc.constraint_schema AND tc.table_name = c.table_name AND ccu.column_name = c.column_name WHERE constraint_type IN ('PRIMARY KEY', 'UNIQUE') AND c.table_catalog = 'postgres' AND c.table_schema = CURRENT_SCHEMA() AND c.table_name = 'invoice_payment_transactions' AND constraint_type = 'UNIQUE'

2025/12/24 04:19:39 [32m/Users/louislawrence/Music/apps/stack/lazervault-golang/database/migrations.go:164
[0m[33m[2.247ms] [34;1m[rows:-][0m SELECT c.column_name, constraint_name, constraint_type FROM information_schema.table_constraints tc JOIN information_schema.constraint_column_usage AS ccu USING (constraint_schema, constraint_catalog, table_name, constraint_name) JOIN information_schema.columns AS c ON c.table_schema = tc.constraint_schema AND tc.table_name = c.table_name AND ccu.column_name = c.column_name WHERE constraint_type IN ('PRIMARY KEY', 'UNIQUE') AND c.table_catalog = 'postgres' AND c.table_schema = CURRENT_SCHEMA() AND c.table_name = 'invoice_payment_transactions'

2025/12/24 04:19:39 [32m/Users/louislawrence/Music/apps/stack/lazervault-golang/database/migrations.go:164
[0m[33m[0.127ms] [34;1m[rows:-][0m SELECT a.attname as column_name, format_type(a.atttypid, a.atttypmod) AS data_type
		FROM pg_attribute a JOIN pg_class b ON a.attrelid = b.oid AND relnamespace = (SELECT oid FROM pg_catalog.pg_namespace WHERE nspname = CURRENT_SCHEMA())
		WHERE a.attnum > 0 -- hide internal columns
		AND NOT a.attisdropped -- hide deleted columns
		AND b.relname = 'invoice_payment_transactions'

2025/12/24 04:19:39 [32m/Users/louislawrence/Music/apps/stack/lazervault-golang/database/migrations.go:164
[0m[33m[0.162ms] [34;1m[rows:0][0m SELECT description FROM pg_catalog.pg_description WHERE objsubid = (SELECT ordinal_position FROM information_schema.columns WHERE table_schema = CURRENT_SCHEMA() AND table_name = 'invoice_payment_transactions' AND column_name = 'id') AND objoid = (SELECT oid FROM pg_catalog.pg_class WHERE relname = 'invoice_payment_transactions' AND relnamespace = (SELECT oid FROM pg_catalog.pg_namespace WHERE nspname = CURRENT_SCHEMA()))

2025/12/24 04:19:39 [32m/Users/louislawrence/Music/apps/stack/lazervault-golang/database/migrations.go:164
[0m[33m[0.138ms] [34;1m[rows:0][0m SELECT description FROM pg_catalog.pg_description WHERE objsubid = (SELECT ordinal_position FROM information_schema.columns WHERE table_schema = CURRENT_SCHEMA() AND table_name = 'invoice_payment_transactions' AND column_name = 'transaction_id') AND objoid = (SELECT oid FROM pg_catalog.pg_class WHERE relname = 'invoice_payment_transactions' AND relnamespace = (SELECT oid FROM pg_catalog.pg_namespace WHERE nspname = CURRENT_SCHEMA()))

2025/12/24 04:19:39 [32m/Users/louislawrence/Music/apps/stack/lazervault-golang/database/migrations.go:164
[0m[33m[0.139ms] [34;1m[rows:0][0m SELECT description FROM pg_catalog.pg_description WHERE objsubid = (SELECT ordinal_position FROM information_schema.columns WHERE table_schema = CURRENT_SCHEMA() AND table_name = 'invoice_payment_transactions' AND column_name = 'invoice_id') AND objoid = (SELECT oid FROM pg_catalog.pg_class WHERE relname = 'invoice_payment_transactions' AND relnamespace = (SELECT oid FROM pg_catalog.pg_namespace WHERE nspname = CURRENT_SCHEMA()))

2025/12/24 04:19:39 [32m/Users/louislawrence/Music/apps/stack/lazervault-golang/database/migrations.go:164
[0m[33m[0.170ms] [34;1m[rows:0][0m SELECT description FROM pg_catalog.pg_description WHERE objsubid = (SELECT ordinal_position FROM information_schema.columns WHERE table_schema = CURRENT_SCHEMA() AND table_name = 'invoice_payment_transactions' AND column_name = 'user_id') AND objoid = (SELECT oid FROM pg_catalog.pg_class WHERE relname = 'invoice_payment_transactions' AND relnamespace = (SELECT oid FROM pg_catalog.pg_namespace WHERE nspname = CURRENT_SCHEMA()))

2025/12/24 04:19:39 [32m/Users/louislawrence/Music/apps/stack/lazervault-golang/database/migrations.go:164
[0m[33m[0.136ms] [34;1m[rows:0][0m SELECT description FROM pg_catalog.pg_description WHERE objsubid = (SELECT ordinal_position FROM information_schema.columns WHERE table_schema = CURRENT_SCHEMA() AND table_name = 'invoice_payment_transactions' AND column_name = 'amount') AND objoid = (SELECT oid FROM pg_catalog.pg_class WHERE relname = 'invoice_payment_transactions' AND relnamespace = (SELECT oid FROM pg_catalog.pg_namespace WHERE nspname = CURRENT_SCHEMA()))

2025/12/24 04:19:39 [32m/Users/louislawrence/Music/apps/stack/lazervault-golang/database/migrations.go:164
[0m[33m[0.149ms] [34;1m[rows:0][0m SELECT description FROM pg_catalog.pg_description WHERE objsubid = (SELECT ordinal_position FROM information_schema.columns WHERE table_schema = CURRENT_SCHEMA() AND table_name = 'invoice_payment_transactions' AND column_name = 'currency') AND objoid = (SELECT oid FROM pg_catalog.pg_class WHERE relname = 'invoice_payment_transactions' AND relnamespace = (SELECT oid FROM pg_catalog.pg_namespace WHERE nspname = CURRENT_SCHEMA()))

2025/12/24 04:19:39 [32m/Users/louislawrence/Music/apps/stack/lazervault-golang/database/migrations.go:164
[0m[33m[0.133ms] [34;1m[rows:0][0m SELECT description FROM pg_catalog.pg_description WHERE objsubid = (SELECT ordinal_position FROM information_schema.columns WHERE table_schema = CURRENT_SCHEMA() AND table_name = 'invoice_payment_transactions' AND column_name = 'payment_method') AND objoid = (SELECT oid FROM pg_catalog.pg_class WHERE relname = 'invoice_payment_transactions' AND relnamespace = (SELECT oid FROM pg_catalog.pg_namespace WHERE nspname = CURRENT_SCHEMA()))

2025/12/24 04:19:39 [32m/Users/louislawrence/Music/apps/stack/lazervault-golang/database/migrations.go:164
[0m[33m[0.138ms] [34;1m[rows:0][0m SELECT description FROM pg_catalog.pg_description WHERE objsubid = (SELECT ordinal_position FROM information_schema.columns WHERE table_schema = CURRENT_SCHEMA() AND table_name = 'invoice_payment_transactions' AND column_name = 'status') AND objoid = (SELECT oid FROM pg_catalog.pg_class WHERE relname = 'invoice_payment_transactions' AND relnamespace = (SELECT oid FROM pg_catalog.pg_namespace WHERE nspname = CURRENT_SCHEMA()))

2025/12/24 04:19:39 [32m/Users/louislawrence/Music/apps/stack/lazervault-golang/database/migrations.go:164
[0m[33m[0.216ms] [34;1m[rows:0][0m SELECT description FROM pg_catalog.pg_description WHERE objsubid = (SELECT ordinal_position FROM information_schema.columns WHERE table_schema = CURRENT_SCHEMA() AND table_name = 'invoice_payment_transactions' AND column_name = 'reference') AND objoid = (SELECT oid FROM pg_catalog.pg_class WHERE relname = 'invoice_payment_transactions' AND relnamespace = (SELECT oid FROM pg_catalog.pg_namespace WHERE nspname = CURRENT_SCHEMA()))

2025/12/24 04:19:39 [32m/Users/louislawrence/Music/apps/stack/lazervault-golang/database/migrations.go:164
[0m[33m[0.137ms] [34;1m[rows:0][0m SELECT description FROM pg_catalog.pg_description WHERE objsubid = (SELECT ordinal_position FROM information_schema.columns WHERE table_schema = CURRENT_SCHEMA() AND table_name = 'invoice_payment_transactions' AND column_name = 'description') AND objoid = (SELECT oid FROM pg_catalog.pg_class WHERE relname = 'invoice_payment_transactions' AND relnamespace = (SELECT oid FROM pg_catalog.pg_namespace WHERE nspname = CURRENT_SCHEMA()))

2025/12/24 04:19:39 [32m/Users/louislawrence/Music/apps/stack/lazervault-golang/database/migrations.go:164
[0m[33m[0.134ms] [34;1m[rows:0][0m SELECT description FROM pg_catalog.pg_description WHERE objsubid = (SELECT ordinal_position FROM information_schema.columns WHERE table_schema = CURRENT_SCHEMA() AND table_name = 'invoice_payment_transactions' AND column_name = 'fee_amount') AND objoid = (SELECT oid FROM pg_catalog.pg_class WHERE relname = 'invoice_payment_transactions' AND relnamespace = (SELECT oid FROM pg_catalog.pg_namespace WHERE nspname = CURRENT_SCHEMA()))

2025/12/24 04:19:39 [32m/Users/louislawrence/Music/apps/stack/lazervault-golang/database/migrations.go:164
[0m[33m[0.141ms] [34;1m[rows:0][0m SELECT description FROM pg_catalog.pg_description WHERE objsubid = (SELECT ordinal_position FROM information_schema.columns WHERE table_schema = CURRENT_SCHEMA() AND table_name = 'invoice_payment_transactions' AND column_name = 'payment_processor_id') AND objoid = (SELECT oid FROM pg_catalog.pg_class WHERE relname = 'invoice_payment_transactions' AND relnamespace = (SELECT oid FROM pg_catalog.pg_namespace WHERE nspname = CURRENT_SCHEMA()))

2025/12/24 04:19:39 [32m/Users/louislawrence/Music/apps/stack/lazervault-golang/database/migrations.go:164
[0m[33m[0.139ms] [34;1m[rows:0][0m SELECT description FROM pg_catalog.pg_description WHERE objsubid = (SELECT ordinal_position FROM information_schema.columns WHERE table_schema = CURRENT_SCHEMA() AND table_name = 'invoice_payment_transactions' AND column_name = 'receipt_url') AND objoid = (SELECT oid FROM pg_catalog.pg_class WHERE relname = 'invoice_payment_transactions' AND relnamespace = (SELECT oid FROM pg_catalog.pg_namespace WHERE nspname = CURRENT_SCHEMA()))

2025/12/24 04:19:39 [32m/Users/louislawrence/Music/apps/stack/lazervault-golang/database/migrations.go:164
[0m[33m[0.133ms] [34;1m[rows:0][0m SELECT description FROM pg_catalog.pg_description WHERE objsubid = (SELECT ordinal_position FROM information_schema.columns WHERE table_schema = CURRENT_SCHEMA() AND table_name = 'invoice_payment_transactions' AND column_name = 'confirmation_code') AND objoid = (SELECT oid FROM pg_catalog.pg_class WHERE relname = 'invoice_payment_transactions' AND relnamespace = (SELECT oid FROM pg_catalog.pg_namespace WHERE nspname = CURRENT_SCHEMA()))

2025/12/24 04:19:39 [32m/Users/louislawrence/Music/apps/stack/lazervault-golang/database/migrations.go:164
[0m[33m[0.133ms] [34;1m[rows:0][0m SELECT description FROM pg_catalog.pg_description WHERE objsubid = (SELECT ordinal_position FROM information_schema.columns WHERE table_schema = CURRENT_SCHEMA() AND table_name = 'invoice_payment_transactions' AND column_name = 'metadata') AND objoid = (SELECT oid FROM pg_catalog.pg_class WHERE relname = 'invoice_payment_transactions' AND relnamespace = (SELECT oid FROM pg_catalog.pg_namespace WHERE nspname = CURRENT_SCHEMA()))

2025/12/24 04:19:39 [32m/Users/louislawrence/Music/apps/stack/lazervault-golang/database/migrations.go:164
[0m[33m[0.136ms] [34;1m[rows:0][0m SELECT description FROM pg_catalog.pg_description WHERE objsubid = (SELECT ordinal_position FROM information_schema.columns WHERE table_schema = CURRENT_SCHEMA() AND table_name = 'invoice_payment_transactions' AND column_name = 'processed_at') AND objoid = (SELECT oid FROM pg_catalog.pg_class WHERE relname = 'invoice_payment_transactions' AND relnamespace = (SELECT oid FROM pg_catalog.pg_namespace WHERE nspname = CURRENT_SCHEMA()))

2025/12/24 04:19:39 [32m/Users/louislawrence/Music/apps/stack/lazervault-golang/database/migrations.go:164
[0m[33m[0.167ms] [34;1m[rows:0][0m SELECT description FROM pg_catalog.pg_description WHERE objsubid = (SELECT ordinal_position FROM information_schema.columns WHERE table_schema = CURRENT_SCHEMA() AND table_name = 'invoice_payment_transactions' AND column_name = 'created_at') AND objoid = (SELECT oid FROM pg_catalog.pg_class WHERE relname = 'invoice_payment_transactions' AND relnamespace = (SELECT oid FROM pg_catalog.pg_namespace WHERE nspname = CURRENT_SCHEMA()))

2025/12/24 04:19:39 [32m/Users/louislawrence/Music/apps/stack/lazervault-golang/database/migrations.go:164
[0m[33m[0.280ms] [34;1m[rows:0][0m SELECT description FROM pg_catalog.pg_description WHERE objsubid = (SELECT ordinal_position FROM information_schema.columns WHERE table_schema = CURRENT_SCHEMA() AND table_name = 'invoice_payment_transactions' AND column_name = 'updated_at') AND objoid = (SELECT oid FROM pg_catalog.pg_class WHERE relname = 'invoice_payment_transactions' AND relnamespace = (SELECT oid FROM pg_catalog.pg_namespace WHERE nspname = CURRENT_SCHEMA()))

2025/12/24 04:19:39 [32m/Users/louislawrence/Music/apps/stack/lazervault-golang/database/migrations.go:164
[0m[33m[0.143ms] [34;1m[rows:1][0m SELECT count(*) FROM pg_indexes WHERE tablename = 'invoice_payment_transactions' AND indexname = 'idx_invoice_payment_transactions_transaction_id' AND schemaname = CURRENT_SCHEMA()

2025/12/24 04:19:39 [32m/Users/louislawrence/Music/apps/stack/lazervault-golang/database/migrations.go:164
[0m[33m[0.134ms] [34;1m[rows:1][0m SELECT count(*) FROM pg_indexes WHERE tablename = 'invoice_payment_transactions' AND indexname = 'idx_invoice_payment_transactions_invoice_id' AND schemaname = CURRENT_SCHEMA()

2025/12/24 04:19:39 [32m/Users/louislawrence/Music/apps/stack/lazervault-golang/database/migrations.go:164
[0m[33m[0.138ms] [34;1m[rows:1][0m SELECT count(*) FROM pg_indexes WHERE tablename = 'invoice_payment_transactions' AND indexname = 'idx_invoice_payment_transactions_user_id' AND schemaname = CURRENT_SCHEMA()

2025/12/24 04:19:39 [32m/Users/louislawrence/Music/apps/stack/lazervault-golang/database/migrations.go:164
[0m[33m[0.129ms] [34;1m[rows:1][0m SELECT count(*) FROM information_schema.tables WHERE table_schema = CURRENT_SCHEMA() AND table_name = 'user_account_balances' AND table_type = 'BASE TABLE'

2025/12/24 04:19:39 [32m/Users/louislawrence/Music/apps/stack/lazervault-golang/database/migrations.go:164
[0m[33m[0.083ms] [34;1m[rows:1][0m SELECT CURRENT_DATABASE()

2025/12/24 04:19:39 [32m/Users/louislawrence/Music/apps/stack/lazervault-golang/database/migrations.go:164
[0m[33m[1.392ms] [34;1m[rows:-][0m SELECT c.column_name, c.is_nullable = 'YES', c.udt_name, c.character_maximum_length, c.numeric_precision, c.numeric_precision_radix, c.numeric_scale, c.datetime_precision, 8 * typlen, c.column_default, pd.description, c.identity_increment FROM information_schema.columns AS c JOIN pg_type AS pgt ON c.udt_name = pgt.typname LEFT JOIN pg_catalog.pg_description as pd ON pd.objsubid = c.ordinal_position AND pd.objoid = (SELECT oid FROM pg_catalog.pg_class WHERE relname = c.table_name AND relnamespace = (SELECT oid FROM pg_catalog.pg_namespace WHERE nspname = c.table_schema)) where table_catalog = 'postgres' AND table_schema = CURRENT_SCHEMA() AND table_name = 'user_account_balances'

2025/12/24 04:19:39 [32m/Users/louislawrence/Music/apps/stack/lazervault-golang/database/migrations.go:164
[0m[33m[0.654ms] [34;1m[rows:-][0m SELECT * FROM "user_account_balances" LIMIT 5

2025/12/24 04:19:39 [32m/Users/louislawrence/Music/apps/stack/lazervault-golang/database/migrations.go:164
[0m[33m[1.822ms] [34;1m[rows:-][0m SELECT constraint_name FROM information_schema.table_constraints tc JOIN information_schema.constraint_column_usage AS ccu USING (constraint_schema, constraint_catalog, table_name, constraint_name) JOIN information_schema.columns AS c ON c.table_schema = tc.constraint_schema AND tc.table_name = c.table_name AND ccu.column_name = c.column_name WHERE constraint_type IN ('PRIMARY KEY', 'UNIQUE') AND c.table_catalog = 'postgres' AND c.table_schema = CURRENT_SCHEMA() AND c.table_name = 'user_account_balances' AND constraint_type = 'UNIQUE'

2025/12/24 04:19:39 [32m/Users/louislawrence/Music/apps/stack/lazervault-golang/database/migrations.go:164
[0m[33m[1.814ms] [34;1m[rows:-][0m SELECT c.column_name, constraint_name, constraint_type FROM information_schema.table_constraints tc JOIN information_schema.constraint_column_usage AS ccu USING (constraint_schema, constraint_catalog, table_name, constraint_name) JOIN information_schema.columns AS c ON c.table_schema = tc.constraint_schema AND tc.table_name = c.table_name AND ccu.column_name = c.column_name WHERE constraint_type IN ('PRIMARY KEY', 'UNIQUE') AND c.table_catalog = 'postgres' AND c.table_schema = CURRENT_SCHEMA() AND c.table_name = 'user_account_balances'

2025/12/24 04:19:39 [32m/Users/louislawrence/Music/apps/stack/lazervault-golang/database/migrations.go:164
[0m[33m[0.133ms] [34;1m[rows:-][0m SELECT a.attname as column_name, format_type(a.atttypid, a.atttypmod) AS data_type
		FROM pg_attribute a JOIN pg_class b ON a.attrelid = b.oid AND relnamespace = (SELECT oid FROM pg_catalog.pg_namespace WHERE nspname = CURRENT_SCHEMA())
		WHERE a.attnum > 0 -- hide internal columns
		AND NOT a.attisdropped -- hide deleted columns
		AND b.relname = 'user_account_balances'

2025/12/24 04:19:39 [32m/Users/louislawrence/Music/apps/stack/lazervault-golang/database/migrations.go:164
[0m[33m[0.162ms] [34;1m[rows:0][0m SELECT description FROM pg_catalog.pg_description WHERE objsubid = (SELECT ordinal_position FROM information_schema.columns WHERE table_schema = CURRENT_SCHEMA() AND table_name = 'user_account_balances' AND column_name = 'id') AND objoid = (SELECT oid FROM pg_catalog.pg_class WHERE relname = 'user_account_balances' AND relnamespace = (SELECT oid FROM pg_catalog.pg_namespace WHERE nspname = CURRENT_SCHEMA()))

2025/12/24 04:19:39 [32m/Users/louislawrence/Music/apps/stack/lazervault-golang/database/migrations.go:164
[0m[33m[0.135ms] [34;1m[rows:0][0m SELECT description FROM pg_catalog.pg_description WHERE objsubid = (SELECT ordinal_position FROM information_schema.columns WHERE table_schema = CURRENT_SCHEMA() AND table_name = 'user_account_balances' AND column_name = 'user_id') AND objoid = (SELECT oid FROM pg_catalog.pg_class WHERE relname = 'user_account_balances' AND relnamespace = (SELECT oid FROM pg_catalog.pg_namespace WHERE nspname = CURRENT_SCHEMA()))

2025/12/24 04:19:39 [32m/Users/louislawrence/Music/apps/stack/lazervault-golang/database/migrations.go:164
[0m[33m[0.130ms] [34;1m[rows:0][0m SELECT description FROM pg_catalog.pg_description WHERE objsubid = (SELECT ordinal_position FROM information_schema.columns WHERE table_schema = CURRENT_SCHEMA() AND table_name = 'user_account_balances' AND column_name = 'currency') AND objoid = (SELECT oid FROM pg_catalog.pg_class WHERE relname = 'user_account_balances' AND relnamespace = (SELECT oid FROM pg_catalog.pg_namespace WHERE nspname = CURRENT_SCHEMA()))

2025/12/24 04:19:39 [32m/Users/louislawrence/Music/apps/stack/lazervault-golang/database/migrations.go:164
[0m[33m[0.145ms] [34;1m[rows:0][0m SELECT description FROM pg_catalog.pg_description WHERE objsubid = (SELECT ordinal_position FROM information_schema.columns WHERE table_schema = CURRENT_SCHEMA() AND table_name = 'user_account_balances' AND column_name = 'available_balance') AND objoid = (SELECT oid FROM pg_catalog.pg_class WHERE relname = 'user_account_balances' AND relnamespace = (SELECT oid FROM pg_catalog.pg_namespace WHERE nspname = CURRENT_SCHEMA()))

2025/12/24 04:19:39 [32m/Users/louislawrence/Music/apps/stack/lazervault-golang/database/migrations.go:164
[0m[33m[0.133ms] [34;1m[rows:0][0m SELECT description FROM pg_catalog.pg_description WHERE objsubid = (SELECT ordinal_position FROM information_schema.columns WHERE table_schema = CURRENT_SCHEMA() AND table_name = 'user_account_balances' AND column_name = 'pending_balance') AND objoid = (SELECT oid FROM pg_catalog.pg_class WHERE relname = 'user_account_balances' AND relnamespace = (SELECT oid FROM pg_catalog.pg_namespace WHERE nspname = CURRENT_SCHEMA()))

2025/12/24 04:19:39 [32m/Users/louislawrence/Music/apps/stack/lazervault-golang/database/migrations.go:164
[0m[33m[0.127ms] [34;1m[rows:0][0m SELECT description FROM pg_catalog.pg_description WHERE objsubid = (SELECT ordinal_position FROM information_schema.columns WHERE table_schema = CURRENT_SCHEMA() AND table_name = 'user_account_balances' AND column_name = 'total_balance') AND objoid = (SELECT oid FROM pg_catalog.pg_class WHERE relname = 'user_account_balances' AND relnamespace = (SELECT oid FROM pg_catalog.pg_namespace WHERE nspname = CURRENT_SCHEMA()))

2025/12/24 04:19:39 [32m/Users/louislawrence/Music/apps/stack/lazervault-golang/database/migrations.go:164
[0m[33m[0.222ms] [34;1m[rows:0][0m SELECT description FROM pg_catalog.pg_description WHERE objsubid = (SELECT ordinal_position FROM information_schema.columns WHERE table_schema = CURRENT_SCHEMA() AND table_name = 'user_account_balances' AND column_name = 'account_type') AND objoid = (SELECT oid FROM pg_catalog.pg_class WHERE relname = 'user_account_balances' AND relnamespace = (SELECT oid FROM pg_catalog.pg_namespace WHERE nspname = CURRENT_SCHEMA()))

2025/12/24 04:19:39 [32m/Users/louislawrence/Music/apps/stack/lazervault-golang/database/migrations.go:164
[0m[33m[0.195ms] [34;1m[rows:0][0m SELECT description FROM pg_catalog.pg_description WHERE objsubid = (SELECT ordinal_position FROM information_schema.columns WHERE table_schema = CURRENT_SCHEMA() AND table_name = 'user_account_balances' AND column_name = 'account_number') AND objoid = (SELECT oid FROM pg_catalog.pg_class WHERE relname = 'user_account_balances' AND relnamespace = (SELECT oid FROM pg_catalog.pg_namespace WHERE nspname = CURRENT_SCHEMA()))

2025/12/24 04:19:39 [32m/Users/louislawrence/Music/apps/stack/lazervault-golang/database/migrations.go:164
[0m[33m[0.150ms] [34;1m[rows:0][0m SELECT description FROM pg_catalog.pg_description WHERE objsubid = (SELECT ordinal_position FROM information_schema.columns WHERE table_schema = CURRENT_SCHEMA() AND table_name = 'user_account_balances' AND column_name = 'account_name') AND objoid = (SELECT oid FROM pg_catalog.pg_class WHERE relname = 'user_account_balances' AND relnamespace = (SELECT oid FROM pg_catalog.pg_namespace WHERE nspname = CURRENT_SCHEMA()))

2025/12/24 04:19:39 [32m/Users/louislawrence/Music/apps/stack/lazervault-golang/database/migrations.go:164
[0m[33m[0.153ms] [34;1m[rows:0][0m SELECT description FROM pg_catalog.pg_description WHERE objsubid = (SELECT ordinal_position FROM information_schema.columns WHERE table_schema = CURRENT_SCHEMA() AND table_name = 'user_account_balances' AND column_name = 'is_primary') AND objoid = (SELECT oid FROM pg_catalog.pg_class WHERE relname = 'user_account_balances' AND relnamespace = (SELECT oid FROM pg_catalog.pg_namespace WHERE nspname = CURRENT_SCHEMA()))

2025/12/24 04:19:39 [32m/Users/louislawrence/Music/apps/stack/lazervault-golang/database/migrations.go:164
[0m[33m[0.146ms] [34;1m[rows:0][0m SELECT description FROM pg_catalog.pg_description WHERE objsubid = (SELECT ordinal_position FROM information_schema.columns WHERE table_schema = CURRENT_SCHEMA() AND table_name = 'user_account_balances' AND column_name = 'is_active') AND objoid = (SELECT oid FROM pg_catalog.pg_class WHERE relname = 'user_account_balances' AND relnamespace = (SELECT oid FROM pg_catalog.pg_namespace WHERE nspname = CURRENT_SCHEMA()))

2025/12/24 04:19:39 [32m/Users/louislawrence/Music/apps/stack/lazervault-golang/database/migrations.go:164
[0m[33m[0.144ms] [34;1m[rows:0][0m SELECT description FROM pg_catalog.pg_description WHERE objsubid = (SELECT ordinal_position FROM information_schema.columns WHERE table_schema = CURRENT_SCHEMA() AND table_name = 'user_account_balances' AND column_name = 'created_at') AND objoid = (SELECT oid FROM pg_catalog.pg_class WHERE relname = 'user_account_balances' AND relnamespace = (SELECT oid FROM pg_catalog.pg_namespace WHERE nspname = CURRENT_SCHEMA()))

2025/12/24 04:19:39 [32m/Users/louislawrence/Music/apps/stack/lazervault-golang/database/migrations.go:164
[0m[33m[0.139ms] [34;1m[rows:0][0m SELECT description FROM pg_catalog.pg_description WHERE objsubid = (SELECT ordinal_position FROM information_schema.columns WHERE table_schema = CURRENT_SCHEMA() AND table_name = 'user_account_balances' AND column_name = 'updated_at') AND objoid = (SELECT oid FROM pg_catalog.pg_class WHERE relname = 'user_account_balances' AND relnamespace = (SELECT oid FROM pg_catalog.pg_namespace WHERE nspname = CURRENT_SCHEMA()))

2025/12/24 04:19:39 [32m/Users/louislawrence/Music/apps/stack/lazervault-golang/database/migrations.go:164
[0m[33m[0.154ms] [34;1m[rows:0][0m SELECT description FROM pg_catalog.pg_description WHERE objsubid = (SELECT ordinal_position FROM information_schema.columns WHERE table_schema = CURRENT_SCHEMA() AND table_name = 'user_account_balances' AND column_name = 'last_updated') AND objoid = (SELECT oid FROM pg_catalog.pg_class WHERE relname = 'user_account_balances' AND relnamespace = (SELECT oid FROM pg_catalog.pg_namespace WHERE nspname = CURRENT_SCHEMA()))

2025/12/24 04:19:39 [32m/Users/louislawrence/Music/apps/stack/lazervault-golang/database/migrations.go:164
[0m[33m[0.134ms] [34;1m[rows:1][0m SELECT count(*) FROM pg_indexes WHERE tablename = 'user_account_balances' AND indexname = 'idx_user_account_balances_user_id' AND schemaname = CURRENT_SCHEMA()

2025/12/24 04:19:39 [32m/Users/louislawrence/Music/apps/stack/lazervault-golang/database/migrations.go:164
[0m[33m[0.116ms] [34;1m[rows:1][0m SELECT count(*) FROM pg_indexes WHERE tablename = 'user_account_balances' AND indexname = 'idx_user_account_balances_account_number' AND schemaname = CURRENT_SCHEMA()

2025/12/24 04:19:39 [32m/Users/louislawrence/Music/apps/stack/lazervault-golang/database/migrations.go:164
[0m[33m[0.111ms] [34;1m[rows:1][0m SELECT count(*) FROM information_schema.tables WHERE table_schema = CURRENT_SCHEMA() AND table_name = 'user_payment_methods' AND table_type = 'BASE TABLE'

2025/12/24 04:19:39 [32m/Users/louislawrence/Music/apps/stack/lazervault-golang/database/migrations.go:164
[0m[33m[0.074ms] [34;1m[rows:1][0m SELECT CURRENT_DATABASE()

2025/12/24 04:19:39 [32m/Users/louislawrence/Music/apps/stack/lazervault-golang/database/migrations.go:164
[0m[33m[1.615ms] [34;1m[rows:-][0m SELECT c.column_name, c.is_nullable = 'YES', c.udt_name, c.character_maximum_length, c.numeric_precision, c.numeric_precision_radix, c.numeric_scale, c.datetime_precision, 8 * typlen, c.column_default, pd.description, c.identity_increment FROM information_schema.columns AS c JOIN pg_type AS pgt ON c.udt_name = pgt.typname LEFT JOIN pg_catalog.pg_description as pd ON pd.objsubid = c.ordinal_position AND pd.objoid = (SELECT oid FROM pg_catalog.pg_class WHERE relname = c.table_name AND relnamespace = (SELECT oid FROM pg_catalog.pg_namespace WHERE nspname = c.table_schema)) where table_catalog = 'postgres' AND table_schema = CURRENT_SCHEMA() AND table_name = 'user_payment_methods'

2025/12/24 04:19:39 [32m/Users/louislawrence/Music/apps/stack/lazervault-golang/database/migrations.go:164
[0m[33m[1.239ms] [34;1m[rows:-][0m SELECT * FROM "user_payment_methods" LIMIT 5

2025/12/24 04:19:39 [32m/Users/louislawrence/Music/apps/stack/lazervault-golang/database/migrations.go:164
[0m[33m[2.301ms] [34;1m[rows:-][0m SELECT constraint_name FROM information_schema.table_constraints tc JOIN information_schema.constraint_column_usage AS ccu USING (constraint_schema, constraint_catalog, table_name, constraint_name) JOIN information_schema.columns AS c ON c.table_schema = tc.constraint_schema AND tc.table_name = c.table_name AND ccu.column_name = c.column_name WHERE constraint_type IN ('PRIMARY KEY', 'UNIQUE') AND c.table_catalog = 'postgres' AND c.table_schema = CURRENT_SCHEMA() AND c.table_name = 'user_payment_methods' AND constraint_type = 'UNIQUE'

2025/12/24 04:19:39 [32m/Users/louislawrence/Music/apps/stack/lazervault-golang/database/migrations.go:164
[0m[33m[2.471ms] [34;1m[rows:-][0m SELECT c.column_name, constraint_name, constraint_type FROM information_schema.table_constraints tc JOIN information_schema.constraint_column_usage AS ccu USING (constraint_schema, constraint_catalog, table_name, constraint_name) JOIN information_schema.columns AS c ON c.table_schema = tc.constraint_schema AND tc.table_name = c.table_name AND ccu.column_name = c.column_name WHERE constraint_type IN ('PRIMARY KEY', 'UNIQUE') AND c.table_catalog = 'postgres' AND c.table_schema = CURRENT_SCHEMA() AND c.table_name = 'user_payment_methods'

2025/12/24 04:19:39 [32m/Users/louislawrence/Music/apps/stack/lazervault-golang/database/migrations.go:164
[0m[33m[0.147ms] [34;1m[rows:-][0m SELECT a.attname as column_name, format_type(a.atttypid, a.atttypmod) AS data_type
		FROM pg_attribute a JOIN pg_class b ON a.attrelid = b.oid AND relnamespace = (SELECT oid FROM pg_catalog.pg_namespace WHERE nspname = CURRENT_SCHEMA())
		WHERE a.attnum > 0 -- hide internal columns
		AND NOT a.attisdropped -- hide deleted columns
		AND b.relname = 'user_payment_methods'

2025/12/24 04:19:39 [32m/Users/louislawrence/Music/apps/stack/lazervault-golang/database/migrations.go:164
[0m[33m[0.181ms] [34;1m[rows:0][0m SELECT description FROM pg_catalog.pg_description WHERE objsubid = (SELECT ordinal_position FROM information_schema.columns WHERE table_schema = CURRENT_SCHEMA() AND table_name = 'user_payment_methods' AND column_name = 'id') AND objoid = (SELECT oid FROM pg_catalog.pg_class WHERE relname = 'user_payment_methods' AND relnamespace = (SELECT oid FROM pg_catalog.pg_namespace WHERE nspname = CURRENT_SCHEMA()))

2025/12/24 04:19:39 [32m/Users/louislawrence/Music/apps/stack/lazervault-golang/database/migrations.go:164
[0m[33m[0.147ms] [34;1m[rows:0][0m SELECT description FROM pg_catalog.pg_description WHERE objsubid = (SELECT ordinal_position FROM information_schema.columns WHERE table_schema = CURRENT_SCHEMA() AND table_name = 'user_payment_methods' AND column_name = 'user_id') AND objoid = (SELECT oid FROM pg_catalog.pg_class WHERE relname = 'user_payment_methods' AND relnamespace = (SELECT oid FROM pg_catalog.pg_namespace WHERE nspname = CURRENT_SCHEMA()))

2025/12/24 04:19:39 [32m/Users/louislawrence/Music/apps/stack/lazervault-golang/database/migrations.go:164
[0m[33m[0.176ms] [34;1m[rows:0][0m SELECT description FROM pg_catalog.pg_description WHERE objsubid = (SELECT ordinal_position FROM information_schema.columns WHERE table_schema = CURRENT_SCHEMA() AND table_name = 'user_payment_methods' AND column_name = 'method_id') AND objoid = (SELECT oid FROM pg_catalog.pg_class WHERE relname = 'user_payment_methods' AND relnamespace = (SELECT oid FROM pg_catalog.pg_namespace WHERE nspname = CURRENT_SCHEMA()))

2025/12/24 04:19:39 [32m/Users/louislawrence/Music/apps/stack/lazervault-golang/database/migrations.go:164
[0m[33m[0.271ms] [34;1m[rows:0][0m SELECT description FROM pg_catalog.pg_description WHERE objsubid = (SELECT ordinal_position FROM information_schema.columns WHERE table_schema = CURRENT_SCHEMA() AND table_name = 'user_payment_methods' AND column_name = 'type') AND objoid = (SELECT oid FROM pg_catalog.pg_class WHERE relname = 'user_payment_methods' AND relnamespace = (SELECT oid FROM pg_catalog.pg_namespace WHERE nspname = CURRENT_SCHEMA()))

2025/12/24 04:19:39 [32m/Users/louislawrence/Music/apps/stack/lazervault-golang/database/migrations.go:164
[0m[33m[0.202ms] [34;1m[rows:0][0m SELECT description FROM pg_catalog.pg_description WHERE objsubid = (SELECT ordinal_position FROM information_schema.columns WHERE table_schema = CURRENT_SCHEMA() AND table_name = 'user_payment_methods' AND column_name = 'display_name') AND objoid = (SELECT oid FROM pg_catalog.pg_class WHERE relname = 'user_payment_methods' AND relnamespace = (SELECT oid FROM pg_catalog.pg_namespace WHERE nspname = CURRENT_SCHEMA()))

2025/12/24 04:19:39 [32m/Users/louislawrence/Music/apps/stack/lazervault-golang/database/migrations.go:164
[0m[33m[0.140ms] [34;1m[rows:0][0m SELECT description FROM pg_catalog.pg_description WHERE objsubid = (SELECT ordinal_position FROM information_schema.columns WHERE table_schema = CURRENT_SCHEMA() AND table_name = 'user_payment_methods' AND column_name = 'last4') AND objoid = (SELECT oid FROM pg_catalog.pg_class WHERE relname = 'user_payment_methods' AND relnamespace = (SELECT oid FROM pg_catalog.pg_namespace WHERE nspname = CURRENT_SCHEMA()))

2025/12/24 04:19:39 [32m/Users/louislawrence/Music/apps/stack/lazervault-golang/database/migrations.go:164
[0m[33m[0.136ms] [34;1m[rows:0][0m SELECT description FROM pg_catalog.pg_description WHERE objsubid = (SELECT ordinal_position FROM information_schema.columns WHERE table_schema = CURRENT_SCHEMA() AND table_name = 'user_payment_methods' AND column_name = 'brand') AND objoid = (SELECT oid FROM pg_catalog.pg_class WHERE relname = 'user_payment_methods' AND relnamespace = (SELECT oid FROM pg_catalog.pg_namespace WHERE nspname = CURRENT_SCHEMA()))

2025/12/24 04:19:39 [32m/Users/louislawrence/Music/apps/stack/lazervault-golang/database/migrations.go:164
[0m[33m[0.126ms] [34;1m[rows:0][0m SELECT description FROM pg_catalog.pg_description WHERE objsubid = (SELECT ordinal_position FROM information_schema.columns WHERE table_schema = CURRENT_SCHEMA() AND table_name = 'user_payment_methods' AND column_name = 'is_default') AND objoid = (SELECT oid FROM pg_catalog.pg_class WHERE relname = 'user_payment_methods' AND relnamespace = (SELECT oid FROM pg_catalog.pg_namespace WHERE nspname = CURRENT_SCHEMA()))

2025/12/24 04:19:39 [32m/Users/louislawrence/Music/apps/stack/lazervault-golang/database/migrations.go:164
[0m[33m[0.124ms] [34;1m[rows:0][0m SELECT description FROM pg_catalog.pg_description WHERE objsubid = (SELECT ordinal_position FROM information_schema.columns WHERE table_schema = CURRENT_SCHEMA() AND table_name = 'user_payment_methods' AND column_name = 'is_verified') AND objoid = (SELECT oid FROM pg_catalog.pg_class WHERE relname = 'user_payment_methods' AND relnamespace = (SELECT oid FROM pg_catalog.pg_namespace WHERE nspname = CURRENT_SCHEMA()))

2025/12/24 04:19:39 [32m/Users/louislawrence/Music/apps/stack/lazervault-golang/database/migrations.go:164
[0m[33m[0.131ms] [34;1m[rows:0][0m SELECT description FROM pg_catalog.pg_description WHERE objsubid = (SELECT ordinal_position FROM information_schema.columns WHERE table_schema = CURRENT_SCHEMA() AND table_name = 'user_payment_methods' AND column_name = 'billing_address') AND objoid = (SELECT oid FROM pg_catalog.pg_class WHERE relname = 'user_payment_methods' AND relnamespace = (SELECT oid FROM pg_catalog.pg_namespace WHERE nspname = CURRENT_SCHEMA()))

2025/12/24 04:19:39 [32m/Users/louislawrence/Music/apps/stack/lazervault-golang/database/migrations.go:164
[0m[33m[0.120ms] [34;1m[rows:0][0m SELECT description FROM pg_catalog.pg_description WHERE objsubid = (SELECT ordinal_position FROM information_schema.columns WHERE table_schema = CURRENT_SCHEMA() AND table_name = 'user_payment_methods' AND column_name = 'metadata') AND objoid = (SELECT oid FROM pg_catalog.pg_class WHERE relname = 'user_payment_methods' AND relnamespace = (SELECT oid FROM pg_catalog.pg_namespace WHERE nspname = CURRENT_SCHEMA()))

2025/12/24 04:19:39 [32m/Users/louislawrence/Music/apps/stack/lazervault-golang/database/migrations.go:164
[0m[33m[0.121ms] [34;1m[rows:0][0m SELECT description FROM pg_catalog.pg_description WHERE objsubid = (SELECT ordinal_position FROM information_schema.columns WHERE table_schema = CURRENT_SCHEMA() AND table_name = 'user_payment_methods' AND column_name = 'expires_at') AND objoid = (SELECT oid FROM pg_catalog.pg_class WHERE relname = 'user_payment_methods' AND relnamespace = (SELECT oid FROM pg_catalog.pg_namespace WHERE nspname = CURRENT_SCHEMA()))

2025/12/24 04:19:39 [32m/Users/louislawrence/Music/apps/stack/lazervault-golang/database/migrations.go:164
[0m[33m[0.122ms] [34;1m[rows:0][0m SELECT description FROM pg_catalog.pg_description WHERE objsubid = (SELECT ordinal_position FROM information_schema.columns WHERE table_schema = CURRENT_SCHEMA() AND table_name = 'user_payment_methods' AND column_name = 'created_at') AND objoid = (SELECT oid FROM pg_catalog.pg_class WHERE relname = 'user_payment_methods' AND relnamespace = (SELECT oid FROM pg_catalog.pg_namespace WHERE nspname = CURRENT_SCHEMA()))

2025/12/24 04:19:39 [32m/Users/louislawrence/Music/apps/stack/lazervault-golang/database/migrations.go:164
[0m[33m[0.122ms] [34;1m[rows:0][0m SELECT description FROM pg_catalog.pg_description WHERE objsubid = (SELECT ordinal_position FROM information_schema.columns WHERE table_schema = CURRENT_SCHEMA() AND table_name = 'user_payment_methods' AND column_name = 'updated_at') AND objoid = (SELECT oid FROM pg_catalog.pg_class WHERE relname = 'user_payment_methods' AND relnamespace = (SELECT oid FROM pg_catalog.pg_namespace WHERE nspname = CURRENT_SCHEMA()))

2025/12/24 04:19:39 [32m/Users/louislawrence/Music/apps/stack/lazervault-golang/database/migrations.go:164
[0m[33m[0.113ms] [34;1m[rows:1][0m SELECT count(*) FROM pg_indexes WHERE tablename = 'user_payment_methods' AND indexname = 'idx_user_payment_methods_user_id' AND schemaname = CURRENT_SCHEMA()

2025/12/24 04:19:39 [32m/Users/louislawrence/Music/apps/stack/lazervault-golang/database/migrations.go:164
[0m[33m[0.093ms] [34;1m[rows:1][0m SELECT count(*) FROM pg_indexes WHERE tablename = 'user_payment_methods' AND indexname = 'idx_user_payment_methods_method_id' AND schemaname = CURRENT_SCHEMA()

2025/12/24 04:19:39 [32m/Users/louislawrence/Music/apps/stack/lazervault-golang/database/migrations.go:164
[0m[33m[0.095ms] [34;1m[rows:1][0m SELECT count(*) FROM information_schema.tables WHERE table_schema = CURRENT_SCHEMA() AND table_name = 'tagged_invoices' AND table_type = 'BASE TABLE'

2025/12/24 04:19:39 [32m/Users/louislawrence/Music/apps/stack/lazervault-golang/database/migrations.go:164
[0m[33m[0.060ms] [34;1m[rows:1][0m SELECT CURRENT_DATABASE()

2025/12/24 04:19:39 [32m/Users/louislawrence/Music/apps/stack/lazervault-golang/database/migrations.go:164
[0m[33m[1.094ms] [34;1m[rows:-][0m SELECT c.column_name, c.is_nullable = 'YES', c.udt_name, c.character_maximum_length, c.numeric_precision, c.numeric_precision_radix, c.numeric_scale, c.datetime_precision, 8 * typlen, c.column_default, pd.description, c.identity_increment FROM information_schema.columns AS c JOIN pg_type AS pgt ON c.udt_name = pgt.typname LEFT JOIN pg_catalog.pg_description as pd ON pd.objsubid = c.ordinal_position AND pd.objoid = (SELECT oid FROM pg_catalog.pg_class WHERE relname = c.table_name AND relnamespace = (SELECT oid FROM pg_catalog.pg_namespace WHERE nspname = c.table_schema)) where table_catalog = 'postgres' AND table_schema = CURRENT_SCHEMA() AND table_name = 'tagged_invoices'

2025/12/24 04:19:39 [32m/Users/louislawrence/Music/apps/stack/lazervault-golang/database/migrations.go:164
[0m[33m[0.833ms] [34;1m[rows:-][0m SELECT * FROM "tagged_invoices" LIMIT 5

2025/12/24 04:19:39 [32m/Users/louislawrence/Music/apps/stack/lazervault-golang/database/migrations.go:164
[0m[33m[1.850ms] [34;1m[rows:-][0m SELECT constraint_name FROM information_schema.table_constraints tc JOIN information_schema.constraint_column_usage AS ccu USING (constraint_schema, constraint_catalog, table_name, constraint_name) JOIN information_schema.columns AS c ON c.table_schema = tc.constraint_schema AND tc.table_name = c.table_name AND ccu.column_name = c.column_name WHERE constraint_type IN ('PRIMARY KEY', 'UNIQUE') AND c.table_catalog = 'postgres' AND c.table_schema = CURRENT_SCHEMA() AND c.table_name = 'tagged_invoices' AND constraint_type = 'UNIQUE'

2025/12/24 04:19:39 [32m/Users/louislawrence/Music/apps/stack/lazervault-golang/database/migrations.go:164
[0m[33m[1.838ms] [34;1m[rows:-][0m SELECT c.column_name, constraint_name, constraint_type FROM information_schema.table_constraints tc JOIN information_schema.constraint_column_usage AS ccu USING (constraint_schema, constraint_catalog, table_name, constraint_name) JOIN information_schema.columns AS c ON c.table_schema = tc.constraint_schema AND tc.table_name = c.table_name AND ccu.column_name = c.column_name WHERE constraint_type IN ('PRIMARY KEY', 'UNIQUE') AND c.table_catalog = 'postgres' AND c.table_schema = CURRENT_SCHEMA() AND c.table_name = 'tagged_invoices'

2025/12/24 04:19:39 [32m/Users/louislawrence/Music/apps/stack/lazervault-golang/database/migrations.go:164
[0m[33m[0.146ms] [34;1m[rows:-][0m SELECT a.attname as column_name, format_type(a.atttypid, a.atttypmod) AS data_type
		FROM pg_attribute a JOIN pg_class b ON a.attrelid = b.oid AND relnamespace = (SELECT oid FROM pg_catalog.pg_namespace WHERE nspname = CURRENT_SCHEMA())
		WHERE a.attnum > 0 -- hide internal columns
		AND NOT a.attisdropped -- hide deleted columns
		AND b.relname = 'tagged_invoices'

2025/12/24 04:19:39 [32m/Users/louislawrence/Music/apps/stack/lazervault-golang/database/migrations.go:164
[0m[33m[0.199ms] [34;1m[rows:0][0m SELECT description FROM pg_catalog.pg_description WHERE objsubid = (SELECT ordinal_position FROM information_schema.columns WHERE table_schema = CURRENT_SCHEMA() AND table_name = 'tagged_invoices' AND column_name = 'id') AND objoid = (SELECT oid FROM pg_catalog.pg_class WHERE relname = 'tagged_invoices' AND relnamespace = (SELECT oid FROM pg_catalog.pg_namespace WHERE nspname = CURRENT_SCHEMA()))

2025/12/24 04:19:39 [32m/Users/louislawrence/Music/apps/stack/lazervault-golang/database/migrations.go:164
[0m[33m[0.179ms] [34;1m[rows:0][0m SELECT description FROM pg_catalog.pg_description WHERE objsubid = (SELECT ordinal_position FROM information_schema.columns WHERE table_schema = CURRENT_SCHEMA() AND table_name = 'tagged_invoices' AND column_name = 'invoice_id') AND objoid = (SELECT oid FROM pg_catalog.pg_class WHERE relname = 'tagged_invoices' AND relnamespace = (SELECT oid FROM pg_catalog.pg_namespace WHERE nspname = CURRENT_SCHEMA()))

2025/12/24 04:19:39 [32m/Users/louislawrence/Music/apps/stack/lazervault-golang/database/migrations.go:164
[0m[33m[0.201ms] [34;1m[rows:0][0m SELECT description FROM pg_catalog.pg_description WHERE objsubid = (SELECT ordinal_position FROM information_schema.columns WHERE table_schema = CURRENT_SCHEMA() AND table_name = 'tagged_invoices' AND column_name = 'user_id') AND objoid = (SELECT oid FROM pg_catalog.pg_class WHERE relname = 'tagged_invoices' AND relnamespace = (SELECT oid FROM pg_catalog.pg_namespace WHERE nspname = CURRENT_SCHEMA()))

2025/12/24 04:19:39 [32m/Users/louislawrence/Music/apps/stack/lazervault-golang/database/migrations.go:164
[0m[33m[0.161ms] [34;1m[rows:0][0m SELECT description FROM pg_catalog.pg_description WHERE objsubid = (SELECT ordinal_position FROM information_schema.columns WHERE table_schema = CURRENT_SCHEMA() AND table_name = 'tagged_invoices' AND column_name = 'priority') AND objoid = (SELECT oid FROM pg_catalog.pg_class WHERE relname = 'tagged_invoices' AND relnamespace = (SELECT oid FROM pg_catalog.pg_namespace WHERE nspname = CURRENT_SCHEMA()))

2025/12/24 04:19:39 [32m/Users/louislawrence/Music/apps/stack/lazervault-golang/database/migrations.go:164
[0m[33m[0.151ms] [34;1m[rows:0][0m SELECT description FROM pg_catalog.pg_description WHERE objsubid = (SELECT ordinal_position FROM information_schema.columns WHERE table_schema = CURRENT_SCHEMA() AND table_name = 'tagged_invoices' AND column_name = 'payment_status') AND objoid = (SELECT oid FROM pg_catalog.pg_class WHERE relname = 'tagged_invoices' AND relnamespace = (SELECT oid FROM pg_catalog.pg_namespace WHERE nspname = CURRENT_SCHEMA()))

2025/12/24 04:19:39 [32m/Users/louislawrence/Music/apps/stack/lazervault-golang/database/migrations.go:164
[0m[33m[0.150ms] [34;1m[rows:0][0m SELECT description FROM pg_catalog.pg_description WHERE objsubid = (SELECT ordinal_position FROM information_schema.columns WHERE table_schema = CURRENT_SCHEMA() AND table_name = 'tagged_invoices' AND column_name = 'is_viewed') AND objoid = (SELECT oid FROM pg_catalog.pg_class WHERE relname = 'tagged_invoices' AND relnamespace = (SELECT oid FROM pg_catalog.pg_namespace WHERE nspname = CURRENT_SCHEMA()))

2025/12/24 04:19:39 [32m/Users/louislawrence/Music/apps/stack/lazervault-golang/database/migrations.go:164
[0m[33m[0.168ms] [34;1m[rows:0][0m SELECT description FROM pg_catalog.pg_description WHERE objsubid = (SELECT ordinal_position FROM information_schema.columns WHERE table_schema = CURRENT_SCHEMA() AND table_name = 'tagged_invoices' AND column_name = 'viewed_at') AND objoid = (SELECT oid FROM pg_catalog.pg_class WHERE relname = 'tagged_invoices' AND relnamespace = (SELECT oid FROM pg_catalog.pg_namespace WHERE nspname = CURRENT_SCHEMA()))

2025/12/24 04:19:39 [32m/Users/louislawrence/Music/apps/stack/lazervault-golang/database/migrations.go:164
[0m[33m[0.175ms] [34;1m[rows:0][0m SELECT description FROM pg_catalog.pg_description WHERE objsubid = (SELECT ordinal_position FROM information_schema.columns WHERE table_schema = CURRENT_SCHEMA() AND table_name = 'tagged_invoices' AND column_name = 'tagged_at') AND objoid = (SELECT oid FROM pg_catalog.pg_class WHERE relname = 'tagged_invoices' AND relnamespace = (SELECT oid FROM pg_catalog.pg_namespace WHERE nspname = CURRENT_SCHEMA()))

2025/12/24 04:19:39 [32m/Users/louislawrence/Music/apps/stack/lazervault-golang/database/migrations.go:164
[0m[33m[0.139ms] [34;1m[rows:0][0m SELECT description FROM pg_catalog.pg_description WHERE objsubid = (SELECT ordinal_position FROM information_schema.columns WHERE table_schema = CURRENT_SCHEMA() AND table_name = 'tagged_invoices' AND column_name = 'reminder_date') AND objoid = (SELECT oid FROM pg_catalog.pg_class WHERE relname = 'tagged_invoices' AND relnamespace = (SELECT oid FROM pg_catalog.pg_namespace WHERE nspname = CURRENT_SCHEMA()))

2025/12/24 04:19:39 [32m/Users/louislawrence/Music/apps/stack/lazervault-golang/database/migrations.go:164
[0m[33m[0.160ms] [34;1m[rows:0][0m SELECT description FROM pg_catalog.pg_description WHERE objsubid = (SELECT ordinal_position FROM information_schema.columns WHERE table_schema = CURRENT_SCHEMA() AND table_name = 'tagged_invoices' AND column_name = 'reminder_sent') AND objoid = (SELECT oid FROM pg_catalog.pg_class WHERE relname = 'tagged_invoices' AND relnamespace = (SELECT oid FROM pg_catalog.pg_namespace WHERE nspname = CURRENT_SCHEMA()))

2025/12/24 04:19:39 [32m/Users/louislawrence/Music/apps/stack/lazervault-golang/database/migrations.go:164
[0m[33m[0.134ms] [34;1m[rows:0][0m SELECT description FROM pg_catalog.pg_description WHERE objsubid = (SELECT ordinal_position FROM information_schema.columns WHERE table_schema = CURRENT_SCHEMA() AND table_name = 'tagged_invoices' AND column_name = 'notes') AND objoid = (SELECT oid FROM pg_catalog.pg_class WHERE relname = 'tagged_invoices' AND relnamespace = (SELECT oid FROM pg_catalog.pg_namespace WHERE nspname = CURRENT_SCHEMA()))

2025/12/24 04:19:39 [32m/Users/louislawrence/Music/apps/stack/lazervault-golang/database/migrations.go:164
[0m[33m[0.145ms] [34;1m[rows:0][0m SELECT description FROM pg_catalog.pg_description WHERE objsubid = (SELECT ordinal_position FROM information_schema.columns WHERE table_schema = CURRENT_SCHEMA() AND table_name = 'tagged_invoices' AND column_name = 'metadata') AND objoid = (SELECT oid FROM pg_catalog.pg_class WHERE relname = 'tagged_invoices' AND relnamespace = (SELECT oid FROM pg_catalog.pg_namespace WHERE nspname = CURRENT_SCHEMA()))

2025/12/24 04:19:39 [32m/Users/louislawrence/Music/apps/stack/lazervault-golang/database/migrations.go:164
[0m[33m[0.137ms] [34;1m[rows:0][0m SELECT description FROM pg_catalog.pg_description WHERE objsubid = (SELECT ordinal_position FROM information_schema.columns WHERE table_schema = CURRENT_SCHEMA() AND table_name = 'tagged_invoices' AND column_name = 'created_at') AND objoid = (SELECT oid FROM pg_catalog.pg_class WHERE relname = 'tagged_invoices' AND relnamespace = (SELECT oid FROM pg_catalog.pg_namespace WHERE nspname = CURRENT_SCHEMA()))

2025/12/24 04:19:39 [32m/Users/louislawrence/Music/apps/stack/lazervault-golang/database/migrations.go:164
[0m[33m[0.139ms] [34;1m[rows:0][0m SELECT description FROM pg_catalog.pg_description WHERE objsubid = (SELECT ordinal_position FROM information_schema.columns WHERE table_schema = CURRENT_SCHEMA() AND table_name = 'tagged_invoices' AND column_name = 'updated_at') AND objoid = (SELECT oid FROM pg_catalog.pg_class WHERE relname = 'tagged_invoices' AND relnamespace = (SELECT oid FROM pg_catalog.pg_namespace WHERE nspname = CURRENT_SCHEMA()))

2025/12/24 04:19:39 [32m/Users/louislawrence/Music/apps/stack/lazervault-golang/database/migrations.go:164
[0m[33m[0.156ms] [34;1m[rows:1][0m SELECT count(*) FROM pg_indexes WHERE tablename = 'tagged_invoices' AND indexname = 'idx_tagged_invoices_user_id' AND schemaname = CURRENT_SCHEMA()

2025/12/24 04:19:39 [32m/Users/louislawrence/Music/apps/stack/lazervault-golang/database/migrations.go:164
[0m[33m[0.277ms] [34;1m[rows:1][0m SELECT count(*) FROM pg_indexes WHERE tablename = 'tagged_invoices' AND indexname = 'idx_tagged_invoices_invoice_id' AND schemaname = CURRENT_SCHEMA()

2025/12/24 04:19:39 [32m/Users/louislawrence/Music/apps/stack/lazervault-golang/database/migrations.go:164
[0m[33m[0.353ms] [34;1m[rows:1][0m SELECT count(*) FROM information_schema.tables WHERE table_schema = CURRENT_SCHEMA() AND table_name = 'payment_disputes' AND table_type = 'BASE TABLE'

2025/12/24 04:19:39 [32m/Users/louislawrence/Music/apps/stack/lazervault-golang/database/migrations.go:164
[0m[33m[0.246ms] [34;1m[rows:1][0m SELECT CURRENT_DATABASE()

2025/12/24 04:19:39 [32m/Users/louislawrence/Music/apps/stack/lazervault-golang/database/migrations.go:164
[0m[33m[1.934ms] [34;1m[rows:-][0m SELECT c.column_name, c.is_nullable = 'YES', c.udt_name, c.character_maximum_length, c.numeric_precision, c.numeric_precision_radix, c.numeric_scale, c.datetime_precision, 8 * typlen, c.column_default, pd.description, c.identity_increment FROM information_schema.columns AS c JOIN pg_type AS pgt ON c.udt_name = pgt.typname LEFT JOIN pg_catalog.pg_description as pd ON pd.objsubid = c.ordinal_position AND pd.objoid = (SELECT oid FROM pg_catalog.pg_class WHERE relname = c.table_name AND relnamespace = (SELECT oid FROM pg_catalog.pg_namespace WHERE nspname = c.table_schema)) where table_catalog = 'postgres' AND table_schema = CURRENT_SCHEMA() AND table_name = 'payment_disputes'

2025/12/24 04:19:39 [32m/Users/louislawrence/Music/apps/stack/lazervault-golang/database/migrations.go:164
[0m[33m[1.034ms] [34;1m[rows:-][0m SELECT * FROM "payment_disputes" LIMIT 5

2025/12/24 04:19:39 [32m/Users/louislawrence/Music/apps/stack/lazervault-golang/database/migrations.go:164
[0m[33m[2.023ms] [34;1m[rows:-][0m SELECT constraint_name FROM information_schema.table_constraints tc JOIN information_schema.constraint_column_usage AS ccu USING (constraint_schema, constraint_catalog, table_name, constraint_name) JOIN information_schema.columns AS c ON c.table_schema = tc.constraint_schema AND tc.table_name = c.table_name AND ccu.column_name = c.column_name WHERE constraint_type IN ('PRIMARY KEY', 'UNIQUE') AND c.table_catalog = 'postgres' AND c.table_schema = CURRENT_SCHEMA() AND c.table_name = 'payment_disputes' AND constraint_type = 'UNIQUE'

2025/12/24 04:19:39 [32m/Users/louislawrence/Music/apps/stack/lazervault-golang/database/migrations.go:164
[0m[33m[1.945ms] [34;1m[rows:-][0m SELECT c.column_name, constraint_name, constraint_type FROM information_schema.table_constraints tc JOIN information_schema.constraint_column_usage AS ccu USING (constraint_schema, constraint_catalog, table_name, constraint_name) JOIN information_schema.columns AS c ON c.table_schema = tc.constraint_schema AND tc.table_name = c.table_name AND ccu.column_name = c.column_name WHERE constraint_type IN ('PRIMARY KEY', 'UNIQUE') AND c.table_catalog = 'postgres' AND c.table_schema = CURRENT_SCHEMA() AND c.table_name = 'payment_disputes'

2025/12/24 04:19:39 [32m/Users/louislawrence/Music/apps/stack/lazervault-golang/database/migrations.go:164
[0m[33m[0.116ms] [34;1m[rows:-][0m SELECT a.attname as column_name, format_type(a.atttypid, a.atttypmod) AS data_type
		FROM pg_attribute a JOIN pg_class b ON a.attrelid = b.oid AND relnamespace = (SELECT oid FROM pg_catalog.pg_namespace WHERE nspname = CURRENT_SCHEMA())
		WHERE a.attnum > 0 -- hide internal columns
		AND NOT a.attisdropped -- hide deleted columns
		AND b.relname = 'payment_disputes'

2025/12/24 04:19:39 [32m/Users/louislawrence/Music/apps/stack/lazervault-golang/database/migrations.go:164
[0m[33m[0.181ms] [34;1m[rows:0][0m SELECT description FROM pg_catalog.pg_description WHERE objsubid = (SELECT ordinal_position FROM information_schema.columns WHERE table_schema = CURRENT_SCHEMA() AND table_name = 'payment_disputes' AND column_name = 'id') AND objoid = (SELECT oid FROM pg_catalog.pg_class WHERE relname = 'payment_disputes' AND relnamespace = (SELECT oid FROM pg_catalog.pg_namespace WHERE nspname = CURRENT_SCHEMA()))

2025/12/24 04:19:39 [32m/Users/louislawrence/Music/apps/stack/lazervault-golang/database/migrations.go:164
[0m[33m[0.136ms] [34;1m[rows:0][0m SELECT description FROM pg_catalog.pg_description WHERE objsubid = (SELECT ordinal_position FROM information_schema.columns WHERE table_schema = CURRENT_SCHEMA() AND table_name = 'payment_disputes' AND column_name = 'dispute_id') AND objoid = (SELECT oid FROM pg_catalog.pg_class WHERE relname = 'payment_disputes' AND relnamespace = (SELECT oid FROM pg_catalog.pg_namespace WHERE nspname = CURRENT_SCHEMA()))

2025/12/24 04:19:39 [32m/Users/louislawrence/Music/apps/stack/lazervault-golang/database/migrations.go:164
[0m[33m[0.136ms] [34;1m[rows:0][0m SELECT description FROM pg_catalog.pg_description WHERE objsubid = (SELECT ordinal_position FROM information_schema.columns WHERE table_schema = CURRENT_SCHEMA() AND table_name = 'payment_disputes' AND column_name = 'transaction_id') AND objoid = (SELECT oid FROM pg_catalog.pg_class WHERE relname = 'payment_disputes' AND relnamespace = (SELECT oid FROM pg_catalog.pg_namespace WHERE nspname = CURRENT_SCHEMA()))

2025/12/24 04:19:39 [32m/Users/louislawrence/Music/apps/stack/lazervault-golang/database/migrations.go:164
[0m[33m[0.134ms] [34;1m[rows:0][0m SELECT description FROM pg_catalog.pg_description WHERE objsubid = (SELECT ordinal_position FROM information_schema.columns WHERE table_schema = CURRENT_SCHEMA() AND table_name = 'payment_disputes' AND column_name = 'invoice_id') AND objoid = (SELECT oid FROM pg_catalog.pg_class WHERE relname = 'payment_disputes' AND relnamespace = (SELECT oid FROM pg_catalog.pg_namespace WHERE nspname = CURRENT_SCHEMA()))

2025/12/24 04:19:39 [32m/Users/louislawrence/Music/apps/stack/lazervault-golang/database/migrations.go:164
[0m[33m[0.136ms] [34;1m[rows:0][0m SELECT description FROM pg_catalog.pg_description WHERE objsubid = (SELECT ordinal_position FROM information_schema.columns WHERE table_schema = CURRENT_SCHEMA() AND table_name = 'payment_disputes' AND column_name = 'user_id') AND objoid = (SELECT oid FROM pg_catalog.pg_class WHERE relname = 'payment_disputes' AND relnamespace = (SELECT oid FROM pg_catalog.pg_namespace WHERE nspname = CURRENT_SCHEMA()))

2025/12/24 04:19:39 [32m/Users/louislawrence/Music/apps/stack/lazervault-golang/database/migrations.go:164
[0m[33m[0.145ms] [34;1m[rows:0][0m SELECT description FROM pg_catalog.pg_description WHERE objsubid = (SELECT ordinal_position FROM information_schema.columns WHERE table_schema = CURRENT_SCHEMA() AND table_name = 'payment_disputes' AND column_name = 'reason') AND objoid = (SELECT oid FROM pg_catalog.pg_class WHERE relname = 'payment_disputes' AND relnamespace = (SELECT oid FROM pg_catalog.pg_namespace WHERE nspname = CURRENT_SCHEMA()))

2025/12/24 04:19:39 [32m/Users/louislawrence/Music/apps/stack/lazervault-golang/database/migrations.go:164
[0m[33m[0.132ms] [34;1m[rows:0][0m SELECT description FROM pg_catalog.pg_description WHERE objsubid = (SELECT ordinal_position FROM information_schema.columns WHERE table_schema = CURRENT_SCHEMA() AND table_name = 'payment_disputes' AND column_name = 'description') AND objoid = (SELECT oid FROM pg_catalog.pg_class WHERE relname = 'payment_disputes' AND relnamespace = (SELECT oid FROM pg_catalog.pg_namespace WHERE nspname = CURRENT_SCHEMA()))

2025/12/24 04:19:39 [32m/Users/louislawrence/Music/apps/stack/lazervault-golang/database/migrations.go:164
[0m[33m[0.123ms] [34;1m[rows:0][0m SELECT description FROM pg_catalog.pg_description WHERE objsubid = (SELECT ordinal_position FROM information_schema.columns WHERE table_schema = CURRENT_SCHEMA() AND table_name = 'payment_disputes' AND column_name = 'status') AND objoid = (SELECT oid FROM pg_catalog.pg_class WHERE relname = 'payment_disputes' AND relnamespace = (SELECT oid FROM pg_catalog.pg_namespace WHERE nspname = CURRENT_SCHEMA()))

2025/12/24 04:19:39 [32m/Users/louislawrence/Music/apps/stack/lazervault-golang/database/migrations.go:164
[0m[33m[0.156ms] [34;1m[rows:0][0m SELECT description FROM pg_catalog.pg_description WHERE objsubid = (SELECT ordinal_position FROM information_schema.columns WHERE table_schema = CURRENT_SCHEMA() AND table_name = 'payment_disputes' AND column_name = 'amount') AND objoid = (SELECT oid FROM pg_catalog.pg_class WHERE relname = 'payment_disputes' AND relnamespace = (SELECT oid FROM pg_catalog.pg_namespace WHERE nspname = CURRENT_SCHEMA()))

2025/12/24 04:19:39 [32m/Users/louislawrence/Music/apps/stack/lazervault-golang/database/migrations.go:164
[0m[33m[0.130ms] [34;1m[rows:0][0m SELECT description FROM pg_catalog.pg_description WHERE objsubid = (SELECT ordinal_position FROM information_schema.columns WHERE table_schema = CURRENT_SCHEMA() AND table_name = 'payment_disputes' AND column_name = 'currency') AND objoid = (SELECT oid FROM pg_catalog.pg_class WHERE relname = 'payment_disputes' AND relnamespace = (SELECT oid FROM pg_catalog.pg_namespace WHERE nspname = CURRENT_SCHEMA()))

2025/12/24 04:19:39 [32m/Users/louislawrence/Music/apps/stack/lazervault-golang/database/migrations.go:164
[0m[33m[0.129ms] [34;1m[rows:0][0m SELECT description FROM pg_catalog.pg_description WHERE objsubid = (SELECT ordinal_position FROM information_schema.columns WHERE table_schema = CURRENT_SCHEMA() AND table_name = 'payment_disputes' AND column_name = 'evidence_files') AND objoid = (SELECT oid FROM pg_catalog.pg_class WHERE relname = 'payment_disputes' AND relnamespace = (SELECT oid FROM pg_catalog.pg_namespace WHERE nspname = CURRENT_SCHEMA()))

2025/12/24 04:19:39 [32m/Users/louislawrence/Music/apps/stack/lazervault-golang/database/migrations.go:164
[0m[33m[0.182ms] [34;1m[rows:0][0m SELECT description FROM pg_catalog.pg_description WHERE objsubid = (SELECT ordinal_position FROM information_schema.columns WHERE table_schema = CURRENT_SCHEMA() AND table_name = 'payment_disputes' AND column_name = 'resolution') AND objoid = (SELECT oid FROM pg_catalog.pg_class WHERE relname = 'payment_disputes' AND relnamespace = (SELECT oid FROM pg_catalog.pg_namespace WHERE nspname = CURRENT_SCHEMA()))

2025/12/24 04:19:39 [32m/Users/louislawrence/Music/apps/stack/lazervault-golang/database/migrations.go:164
[0m[33m[0.128ms] [34;1m[rows:0][0m SELECT description FROM pg_catalog.pg_description WHERE objsubid = (SELECT ordinal_position FROM information_schema.columns WHERE table_schema = CURRENT_SCHEMA() AND table_name = 'payment_disputes' AND column_name = 'resolved_at') AND objoid = (SELECT oid FROM pg_catalog.pg_class WHERE relname = 'payment_disputes' AND relnamespace = (SELECT oid FROM pg_catalog.pg_namespace WHERE nspname = CURRENT_SCHEMA()))

2025/12/24 04:19:39 [32m/Users/louislawrence/Music/apps/stack/lazervault-golang/database/migrations.go:164
[0m[33m[0.177ms] [34;1m[rows:0][0m SELECT description FROM pg_catalog.pg_description WHERE objsubid = (SELECT ordinal_position FROM information_schema.columns WHERE table_schema = CURRENT_SCHEMA() AND table_name = 'payment_disputes' AND column_name = 'created_at') AND objoid = (SELECT oid FROM pg_catalog.pg_class WHERE relname = 'payment_disputes' AND relnamespace = (SELECT oid FROM pg_catalog.pg_namespace WHERE nspname = CURRENT_SCHEMA()))

2025/12/24 04:19:39 [32m/Users/louislawrence/Music/apps/stack/lazervault-golang/database/migrations.go:164
[0m[33m[0.152ms] [34;1m[rows:0][0m SELECT description FROM pg_catalog.pg_description WHERE objsubid = (SELECT ordinal_position FROM information_schema.columns WHERE table_schema = CURRENT_SCHEMA() AND table_name = 'payment_disputes' AND column_name = 'updated_at') AND objoid = (SELECT oid FROM pg_catalog.pg_class WHERE relname = 'payment_disputes' AND relnamespace = (SELECT oid FROM pg_catalog.pg_namespace WHERE nspname = CURRENT_SCHEMA()))

2025/12/24 04:19:39 [32m/Users/louislawrence/Music/apps/stack/lazervault-golang/database/migrations.go:164
[0m[33m[0.126ms] [34;1m[rows:1][0m SELECT count(*) FROM pg_indexes WHERE tablename = 'payment_disputes' AND indexname = 'idx_payment_disputes_dispute_id' AND schemaname = CURRENT_SCHEMA()

2025/12/24 04:19:39 [32m/Users/louislawrence/Music/apps/stack/lazervault-golang/database/migrations.go:164
[0m[33m[0.107ms] [34;1m[rows:1][0m SELECT count(*) FROM pg_indexes WHERE tablename = 'payment_disputes' AND indexname = 'idx_payment_disputes_transaction_id' AND schemaname = CURRENT_SCHEMA()

2025/12/24 04:19:39 [32m/Users/louislawrence/Music/apps/stack/lazervault-golang/database/migrations.go:164
[0m[33m[0.132ms] [34;1m[rows:1][0m SELECT count(*) FROM pg_indexes WHERE tablename = 'payment_disputes' AND indexname = 'idx_payment_disputes_invoice_id' AND schemaname = CURRENT_SCHEMA()

2025/12/24 04:19:39 [32m/Users/louislawrence/Music/apps/stack/lazervault-golang/database/migrations.go:164
[0m[33m[0.118ms] [34;1m[rows:1][0m SELECT count(*) FROM pg_indexes WHERE tablename = 'payment_disputes' AND indexname = 'idx_payment_disputes_user_id' AND schemaname = CURRENT_SCHEMA()

2025/12/24 04:19:39 [32m/Users/louislawrence/Music/apps/stack/lazervault-golang/database/migrations.go:164
[0m[33m[0.110ms] [34;1m[rows:1][0m SELECT count(*) FROM information_schema.tables WHERE table_schema = CURRENT_SCHEMA() AND table_name = 'insurances' AND table_type = 'BASE TABLE'

2025/12/24 04:19:39 [32m/Users/louislawrence/Music/apps/stack/lazervault-golang/database/migrations.go:164
[0m[33m[0.065ms] [34;1m[rows:1][0m SELECT CURRENT_DATABASE()

2025/12/24 04:19:39 [32m/Users/louislawrence/Music/apps/stack/lazervault-golang/database/migrations.go:164
[0m[33m[1.889ms] [34;1m[rows:-][0m SELECT c.column_name, c.is_nullable = 'YES', c.udt_name, c.character_maximum_length, c.numeric_precision, c.numeric_precision_radix, c.numeric_scale, c.datetime_precision, 8 * typlen, c.column_default, pd.description, c.identity_increment FROM information_schema.columns AS c JOIN pg_type AS pgt ON c.udt_name = pgt.typname LEFT JOIN pg_catalog.pg_description as pd ON pd.objsubid = c.ordinal_position AND pd.objoid = (SELECT oid FROM pg_catalog.pg_class WHERE relname = c.table_name AND relnamespace = (SELECT oid FROM pg_catalog.pg_namespace WHERE nspname = c.table_schema)) where table_catalog = 'postgres' AND table_schema = CURRENT_SCHEMA() AND table_name = 'insurances'

2025/12/24 04:19:39 [32m/Users/louislawrence/Music/apps/stack/lazervault-golang/database/migrations.go:164
[0m[33m[1.010ms] [34;1m[rows:-][0m SELECT * FROM "insurances" LIMIT 5

2025/12/24 04:19:39 [32m/Users/louislawrence/Music/apps/stack/lazervault-golang/database/migrations.go:164
[0m[33m[3.465ms] [34;1m[rows:-][0m SELECT constraint_name FROM information_schema.table_constraints tc JOIN information_schema.constraint_column_usage AS ccu USING (constraint_schema, constraint_catalog, table_name, constraint_name) JOIN information_schema.columns AS c ON c.table_schema = tc.constraint_schema AND tc.table_name = c.table_name AND ccu.column_name = c.column_name WHERE constraint_type IN ('PRIMARY KEY', 'UNIQUE') AND c.table_catalog = 'postgres' AND c.table_schema = CURRENT_SCHEMA() AND c.table_name = 'insurances' AND constraint_type = 'UNIQUE'

2025/12/24 04:19:39 [32m/Users/louislawrence/Music/apps/stack/lazervault-golang/database/migrations.go:164
[0m[33m[4.088ms] [34;1m[rows:-][0m SELECT c.column_name, constraint_name, constraint_type FROM information_schema.table_constraints tc JOIN information_schema.constraint_column_usage AS ccu USING (constraint_schema, constraint_catalog, table_name, constraint_name) JOIN information_schema.columns AS c ON c.table_schema = tc.constraint_schema AND tc.table_name = c.table_name AND ccu.column_name = c.column_name WHERE constraint_type IN ('PRIMARY KEY', 'UNIQUE') AND c.table_catalog = 'postgres' AND c.table_schema = CURRENT_SCHEMA() AND c.table_name = 'insurances'

2025/12/24 04:19:39 [32m/Users/louislawrence/Music/apps/stack/lazervault-golang/database/migrations.go:164
[0m[33m[0.133ms] [34;1m[rows:-][0m SELECT a.attname as column_name, format_type(a.atttypid, a.atttypmod) AS data_type
		FROM pg_attribute a JOIN pg_class b ON a.attrelid = b.oid AND relnamespace = (SELECT oid FROM pg_catalog.pg_namespace WHERE nspname = CURRENT_SCHEMA())
		WHERE a.attnum > 0 -- hide internal columns
		AND NOT a.attisdropped -- hide deleted columns
		AND b.relname = 'insurances'

2025/12/24 04:19:39 [32m/Users/louislawrence/Music/apps/stack/lazervault-golang/database/migrations.go:164
[0m[33m[0.168ms] [34;1m[rows:0][0m SELECT description FROM pg_catalog.pg_description WHERE objsubid = (SELECT ordinal_position FROM information_schema.columns WHERE table_schema = CURRENT_SCHEMA() AND table_name = 'insurances' AND column_name = 'id') AND objoid = (SELECT oid FROM pg_catalog.pg_class WHERE relname = 'insurances' AND relnamespace = (SELECT oid FROM pg_catalog.pg_namespace WHERE nspname = CURRENT_SCHEMA()))

2025/12/24 04:19:39 [32m/Users/louislawrence/Music/apps/stack/lazervault-golang/database/migrations.go:164
[0m[33m[0.168ms] [34;1m[rows:0][0m SELECT description FROM pg_catalog.pg_description WHERE objsubid = (SELECT ordinal_position FROM information_schema.columns WHERE table_schema = CURRENT_SCHEMA() AND table_name = 'insurances' AND column_name = 'created_at') AND objoid = (SELECT oid FROM pg_catalog.pg_class WHERE relname = 'insurances' AND relnamespace = (SELECT oid FROM pg_catalog.pg_namespace WHERE nspname = CURRENT_SCHEMA()))

2025/12/24 04:19:39 [32m/Users/louislawrence/Music/apps/stack/lazervault-golang/database/migrations.go:164
[0m[33m[0.156ms] [34;1m[rows:0][0m SELECT description FROM pg_catalog.pg_description WHERE objsubid = (SELECT ordinal_position FROM information_schema.columns WHERE table_schema = CURRENT_SCHEMA() AND table_name = 'insurances' AND column_name = 'updated_at') AND objoid = (SELECT oid FROM pg_catalog.pg_class WHERE relname = 'insurances' AND relnamespace = (SELECT oid FROM pg_catalog.pg_namespace WHERE nspname = CURRENT_SCHEMA()))

2025/12/24 04:19:39 [32m/Users/louislawrence/Music/apps/stack/lazervault-golang/database/migrations.go:164
[0m[33m[0.145ms] [34;1m[rows:0][0m SELECT description FROM pg_catalog.pg_description WHERE objsubid = (SELECT ordinal_position FROM information_schema.columns WHERE table_schema = CURRENT_SCHEMA() AND table_name = 'insurances' AND column_name = 'deleted_at') AND objoid = (SELECT oid FROM pg_catalog.pg_class WHERE relname = 'insurances' AND relnamespace = (SELECT oid FROM pg_catalog.pg_namespace WHERE nspname = CURRENT_SCHEMA()))

2025/12/24 04:19:39 [32m/Users/louislawrence/Music/apps/stack/lazervault-golang/database/migrations.go:164
[0m[33m[0.160ms] [34;1m[rows:0][0m SELECT description FROM pg_catalog.pg_description WHERE objsubid = (SELECT ordinal_position FROM information_schema.columns WHERE table_schema = CURRENT_SCHEMA() AND table_name = 'insurances' AND column_name = 'policy_number') AND objoid = (SELECT oid FROM pg_catalog.pg_class WHERE relname = 'insurances' AND relnamespace = (SELECT oid FROM pg_catalog.pg_namespace WHERE nspname = CURRENT_SCHEMA()))

2025/12/24 04:19:39 [32m/Users/louislawrence/Music/apps/stack/lazervault-golang/database/migrations.go:164
[0m[33m[0.132ms] [34;1m[rows:0][0m SELECT description FROM pg_catalog.pg_description WHERE objsubid = (SELECT ordinal_position FROM information_schema.columns WHERE table_schema = CURRENT_SCHEMA() AND table_name = 'insurances' AND column_name = 'policy_holder_name') AND objoid = (SELECT oid FROM pg_catalog.pg_class WHERE relname = 'insurances' AND relnamespace = (SELECT oid FROM pg_catalog.pg_namespace WHERE nspname = CURRENT_SCHEMA()))

2025/12/24 04:19:39 [32m/Users/louislawrence/Music/apps/stack/lazervault-golang/database/migrations.go:164
[0m[33m[0.133ms] [34;1m[rows:0][0m SELECT description FROM pg_catalog.pg_description WHERE objsubid = (SELECT ordinal_position FROM information_schema.columns WHERE table_schema = CURRENT_SCHEMA() AND table_name = 'insurances' AND column_name = 'policy_holder_email') AND objoid = (SELECT oid FROM pg_catalog.pg_class WHERE relname = 'insurances' AND relnamespace = (SELECT oid FROM pg_catalog.pg_namespace WHERE nspname = CURRENT_SCHEMA()))

2025/12/24 04:19:39 [32m/Users/louislawrence/Music/apps/stack/lazervault-golang/database/migrations.go:164
[0m[33m[0.128ms] [34;1m[rows:0][0m SELECT description FROM pg_catalog.pg_description WHERE objsubid = (SELECT ordinal_position FROM information_schema.columns WHERE table_schema = CURRENT_SCHEMA() AND table_name = 'insurances' AND column_name = 'policy_holder_phone') AND objoid = (SELECT oid FROM pg_catalog.pg_class WHERE relname = 'insurances' AND relnamespace = (SELECT oid FROM pg_catalog.pg_namespace WHERE nspname = CURRENT_SCHEMA()))

2025/12/24 04:19:39 [32m/Users/louislawrence/Music/apps/stack/lazervault-golang/database/migrations.go:164
[0m[33m[0.177ms] [34;1m[rows:0][0m SELECT description FROM pg_catalog.pg_description WHERE objsubid = (SELECT ordinal_position FROM information_schema.columns WHERE table_schema = CURRENT_SCHEMA() AND table_name = 'insurances' AND column_name = 'type') AND objoid = (SELECT oid FROM pg_catalog.pg_class WHERE relname = 'insurances' AND relnamespace = (SELECT oid FROM pg_catalog.pg_namespace WHERE nspname = CURRENT_SCHEMA()))

2025/12/24 04:19:39 [32m/Users/louislawrence/Music/apps/stack/lazervault-golang/database/migrations.go:164
[0m[33m[0.128ms] [34;1m[rows:0][0m SELECT description FROM pg_catalog.pg_description WHERE objsubid = (SELECT ordinal_position FROM information_schema.columns WHERE table_schema = CURRENT_SCHEMA() AND table_name = 'insurances' AND column_name = 'provider') AND objoid = (SELECT oid FROM pg_catalog.pg_class WHERE relname = 'insurances' AND relnamespace = (SELECT oid FROM pg_catalog.pg_namespace WHERE nspname = CURRENT_SCHEMA()))

2025/12/24 04:19:39 [32m/Users/louislawrence/Music/apps/stack/lazervault-golang/database/migrations.go:164
[0m[33m[0.122ms] [34;1m[rows:0][0m SELECT description FROM pg_catalog.pg_description WHERE objsubid = (SELECT ordinal_position FROM information_schema.columns WHERE table_schema = CURRENT_SCHEMA() AND table_name = 'insurances' AND column_name = 'provider_logo') AND objoid = (SELECT oid FROM pg_catalog.pg_class WHERE relname = 'insurances' AND relnamespace = (SELECT oid FROM pg_catalog.pg_namespace WHERE nspname = CURRENT_SCHEMA()))

2025/12/24 04:19:39 [32m/Users/louislawrence/Music/apps/stack/lazervault-golang/database/migrations.go:164
[0m[33m[0.122ms] [34;1m[rows:0][0m SELECT description FROM pg_catalog.pg_description WHERE objsubid = (SELECT ordinal_position FROM information_schema.columns WHERE table_schema = CURRENT_SCHEMA() AND table_name = 'insurances' AND column_name = 'premium_amount') AND objoid = (SELECT oid FROM pg_catalog.pg_class WHERE relname = 'insurances' AND relnamespace = (SELECT oid FROM pg_catalog.pg_namespace WHERE nspname = CURRENT_SCHEMA()))

2025/12/24 04:19:39 [32m/Users/louislawrence/Music/apps/stack/lazervault-golang/database/migrations.go:164
[0m[33m[0.119ms] [34;1m[rows:0][0m SELECT description FROM pg_catalog.pg_description WHERE objsubid = (SELECT ordinal_position FROM information_schema.columns WHERE table_schema = CURRENT_SCHEMA() AND table_name = 'insurances' AND column_name = 'coverage_amount') AND objoid = (SELECT oid FROM pg_catalog.pg_class WHERE relname = 'insurances' AND relnamespace = (SELECT oid FROM pg_catalog.pg_namespace WHERE nspname = CURRENT_SCHEMA()))

2025/12/24 04:19:39 [32m/Users/louislawrence/Music/apps/stack/lazervault-golang/database/migrations.go:164
[0m[33m[0.121ms] [34;1m[rows:0][0m SELECT description FROM pg_catalog.pg_description WHERE objsubid = (SELECT ordinal_position FROM information_schema.columns WHERE table_schema = CURRENT_SCHEMA() AND table_name = 'insurances' AND column_name = 'currency') AND objoid = (SELECT oid FROM pg_catalog.pg_class WHERE relname = 'insurances' AND relnamespace = (SELECT oid FROM pg_catalog.pg_namespace WHERE nspname = CURRENT_SCHEMA()))

2025/12/24 04:19:39 [32m/Users/louislawrence/Music/apps/stack/lazervault-golang/database/migrations.go:164
[0m[33m[0.135ms] [34;1m[rows:0][0m SELECT description FROM pg_catalog.pg_description WHERE objsubid = (SELECT ordinal_position FROM information_schema.columns WHERE table_schema = CURRENT_SCHEMA() AND table_name = 'insurances' AND column_name = 'start_date') AND objoid = (SELECT oid FROM pg_catalog.pg_class WHERE relname = 'insurances' AND relnamespace = (SELECT oid FROM pg_catalog.pg_namespace WHERE nspname = CURRENT_SCHEMA()))

2025/12/24 04:19:39 [32m/Users/louislawrence/Music/apps/stack/lazervault-golang/database/migrations.go:164
[0m[33m[0.126ms] [34;1m[rows:0][0m SELECT description FROM pg_catalog.pg_description WHERE objsubid = (SELECT ordinal_position FROM information_schema.columns WHERE table_schema = CURRENT_SCHEMA() AND table_name = 'insurances' AND column_name = 'end_date') AND objoid = (SELECT oid FROM pg_catalog.pg_class WHERE relname = 'insurances' AND relnamespace = (SELECT oid FROM pg_catalog.pg_namespace WHERE nspname = CURRENT_SCHEMA()))

2025/12/24 04:19:39 [32m/Users/louislawrence/Music/apps/stack/lazervault-golang/database/migrations.go:164
[0m[33m[0.130ms] [34;1m[rows:0][0m SELECT description FROM pg_catalog.pg_description WHERE objsubid = (SELECT ordinal_position FROM information_schema.columns WHERE table_schema = CURRENT_SCHEMA() AND table_name = 'insurances' AND column_name = 'next_payment_date') AND objoid = (SELECT oid FROM pg_catalog.pg_class WHERE relname = 'insurances' AND relnamespace = (SELECT oid FROM pg_catalog.pg_namespace WHERE nspname = CURRENT_SCHEMA()))

2025/12/24 04:19:39 [32m/Users/louislawrence/Music/apps/stack/lazervault-golang/database/migrations.go:164
[0m[33m[0.168ms] [34;1m[rows:0][0m SELECT description FROM pg_catalog.pg_description WHERE objsubid = (SELECT ordinal_position FROM information_schema.columns WHERE table_schema = CURRENT_SCHEMA() AND table_name = 'insurances' AND column_name = 'status') AND objoid = (SELECT oid FROM pg_catalog.pg_class WHERE relname = 'insurances' AND relnamespace = (SELECT oid FROM pg_catalog.pg_namespace WHERE nspname = CURRENT_SCHEMA()))

2025/12/24 04:19:39 [32m
[0m[33m[0.081ms] [34;1m[rows:1][0m SELECT CURRENT_DATABASE()

2025/12/24 04:19:39 [32m
[0m[33m[1.381ms] [34;1m[rows:-][0m SELECT c.column_name, c.is_nullable = 'YES', c.udt_name, c.character_maximum_length, c.numeric_precision, c.numeric_precision_radix, c.numeric_scale, c.datetime_precision, 8 * typlen, c.column_default, pd.description, c.identity_increment FROM information_schema.columns AS c JOIN pg_type AS pgt ON c.udt_name = pgt.typname LEFT JOIN pg_catalog.pg_description as pd ON pd.objsubid = c.ordinal_position AND pd.objoid = (SELECT oid FROM pg_catalog.pg_class WHERE relname = c.table_name AND relnamespace = (SELECT oid FROM pg_catalog.pg_namespace WHERE nspname = c.table_schema)) where table_catalog = 'postgres' AND table_schema = CURRENT_SCHEMA() AND table_name = 'insurances'

2025/12/24 04:19:39 [32m
[0m[33m[0.157ms] [34;1m[rows:-][0m SELECT * FROM "insurances" LIMIT 5

2025/12/24 04:19:39 [32m
[0m[33m[3.266ms] [34;1m[rows:-][0m SELECT constraint_name FROM information_schema.table_constraints tc JOIN information_schema.constraint_column_usage AS ccu USING (constraint_schema, constraint_catalog, table_name, constraint_name) JOIN information_schema.columns AS c ON c.table_schema = tc.constraint_schema AND tc.table_name = c.table_name AND ccu.column_name = c.column_name WHERE constraint_type IN ('PRIMARY KEY', 'UNIQUE') AND c.table_catalog = 'postgres' AND c.table_schema = CURRENT_SCHEMA() AND c.table_name = 'insurances' AND constraint_type = 'UNIQUE'

2025/12/24 04:19:39 [32m
[0m[33m[3.166ms] [34;1m[rows:-][0m SELECT c.column_name, constraint_name, constraint_type FROM information_schema.table_constraints tc JOIN information_schema.constraint_column_usage AS ccu USING (constraint_schema, constraint_catalog, table_name, constraint_name) JOIN information_schema.columns AS c ON c.table_schema = tc.constraint_schema AND tc.table_name = c.table_name AND ccu.column_name = c.column_name WHERE constraint_type IN ('PRIMARY KEY', 'UNIQUE') AND c.table_catalog = 'postgres' AND c.table_schema = CURRENT_SCHEMA() AND c.table_name = 'insurances'

2025/12/24 04:19:39 [32m
[0m[33m[0.137ms] [34;1m[rows:-][0m SELECT a.attname as column_name, format_type(a.atttypid, a.atttypmod) AS data_type
		FROM pg_attribute a JOIN pg_class b ON a.attrelid = b.oid AND relnamespace = (SELECT oid FROM pg_catalog.pg_namespace WHERE nspname = CURRENT_SCHEMA())
		WHERE a.attnum > 0 -- hide internal columns
		AND NOT a.attisdropped -- hide deleted columns
		AND b.relname = 'insurances'

2025/12/24 04:19:39 [32m/Users/louislawrence/Music/apps/stack/lazervault-golang/database/migrations.go:164
[0m[33m[1.889ms] [34;1m[rows:0][0m ALTER TABLE "insurances" ALTER COLUMN "beneficiaries" SET DEFAULT '[]'

2025/12/24 04:19:39 [32m/Users/louislawrence/Music/apps/stack/lazervault-golang/database/migrations.go:164
[0m[33m[0.228ms] [34;1m[rows:0][0m SELECT description FROM pg_catalog.pg_description WHERE objsubid = (SELECT ordinal_position FROM information_schema.columns WHERE table_schema = CURRENT_SCHEMA() AND table_name = 'insurances' AND column_name = 'beneficiaries') AND objoid = (SELECT oid FROM pg_catalog.pg_class WHERE relname = 'insurances' AND relnamespace = (SELECT oid FROM pg_catalog.pg_namespace WHERE nspname = CURRENT_SCHEMA()))

2025/12/24 04:19:39 [32m
[0m[33m[0.077ms] [34;1m[rows:1][0m SELECT CURRENT_DATABASE()

2025/12/24 04:19:39 [32m
[0m[33m[1.451ms] [34;1m[rows:-][0m SELECT c.column_name, c.is_nullable = 'YES', c.udt_name, c.character_maximum_length, c.numeric_precision, c.numeric_precision_radix, c.numeric_scale, c.datetime_precision, 8 * typlen, c.column_default, pd.description, c.identity_increment FROM information_schema.columns AS c JOIN pg_type AS pgt ON c.udt_name = pgt.typname LEFT JOIN pg_catalog.pg_description as pd ON pd.objsubid = c.ordinal_position AND pd.objoid = (SELECT oid FROM pg_catalog.pg_class WHERE relname = c.table_name AND relnamespace = (SELECT oid FROM pg_catalog.pg_namespace WHERE nspname = c.table_schema)) where table_catalog = 'postgres' AND table_schema = CURRENT_SCHEMA() AND table_name = 'insurances'

2025/12/24 04:19:39 [32m
[0m[33m[0.257ms] [34;1m[rows:-][0m SELECT * FROM "insurances" LIMIT 5

2025/12/24 04:19:39 [32m
[0m[33m[3.393ms] [34;1m[rows:-][0m SELECT constraint_name FROM information_schema.table_constraints tc JOIN information_schema.constraint_column_usage AS ccu USING (constraint_schema, constraint_catalog, table_name, constraint_name) JOIN information_schema.columns AS c ON c.table_schema = tc.constraint_schema AND tc.table_name = c.table_name AND ccu.column_name = c.column_name WHERE constraint_type IN ('PRIMARY KEY', 'UNIQUE') AND c.table_catalog = 'postgres' AND c.table_schema = CURRENT_SCHEMA() AND c.table_name = 'insurances' AND constraint_type = 'UNIQUE'

2025/12/24 04:19:39 [32m
[0m[33m[3.190ms] [34;1m[rows:-][0m SELECT c.column_name, constraint_name, constraint_type FROM information_schema.table_constraints tc JOIN information_schema.constraint_column_usage AS ccu USING (constraint_schema, constraint_catalog, table_name, constraint_name) JOIN information_schema.columns AS c ON c.table_schema = tc.constraint_schema AND tc.table_name = c.table_name AND ccu.column_name = c.column_name WHERE constraint_type IN ('PRIMARY KEY', 'UNIQUE') AND c.table_catalog = 'postgres' AND c.table_schema = CURRENT_SCHEMA() AND c.table_name = 'insurances'

2025/12/24 04:19:39 [32m
[0m[33m[0.146ms] [34;1m[rows:-][0m SELECT a.attname as column_name, format_type(a.atttypid, a.atttypmod) AS data_type
		FROM pg_attribute a JOIN pg_class b ON a.attrelid = b.oid AND relnamespace = (SELECT oid FROM pg_catalog.pg_namespace WHERE nspname = CURRENT_SCHEMA())
		WHERE a.attnum > 0 -- hide internal columns
		AND NOT a.attisdropped -- hide deleted columns
		AND b.relname = 'insurances'

2025/12/24 04:19:39 [32m/Users/louislawrence/Music/apps/stack/lazervault-golang/database/migrations.go:164
[0m[33m[0.327ms] [34;1m[rows:0][0m ALTER TABLE "insurances" ALTER COLUMN "coverage_details" SET DEFAULT '{}'

2025/12/24 04:19:39 [32m/Users/louislawrence/Music/apps/stack/lazervault-golang/database/migrations.go:164
[0m[33m[0.207ms] [34;1m[rows:0][0m SELECT description FROM pg_catalog.pg_description WHERE objsubid = (SELECT ordinal_position FROM information_schema.columns WHERE table_schema = CURRENT_SCHEMA() AND table_name = 'insurances' AND column_name = 'coverage_details') AND objoid = (SELECT oid FROM pg_catalog.pg_class WHERE relname = 'insurances' AND relnamespace = (SELECT oid FROM pg_catalog.pg_namespace WHERE nspname = CURRENT_SCHEMA()))

2025/12/24 04:19:39 [32m/Users/louislawrence/Music/apps/stack/lazervault-golang/database/migrations.go:164
[0m[33m[0.153ms] [34;1m[rows:0][0m SELECT description FROM pg_catalog.pg_description WHERE objsubid = (SELECT ordinal_position FROM information_schema.columns WHERE table_schema = CURRENT_SCHEMA() AND table_name = 'insurances' AND column_name = 'description') AND objoid = (SELECT oid FROM pg_catalog.pg_class WHERE relname = 'insurances' AND relnamespace = (SELECT oid FROM pg_catalog.pg_namespace WHERE nspname = CURRENT_SCHEMA()))

2025/12/24 04:19:39 [32m/Users/louislawrence/Music/apps/stack/lazervault-golang/database/migrations.go:164
[0m[33m[0.152ms] [34;1m[rows:0][0m SELECT description FROM pg_catalog.pg_description WHERE objsubid = (SELECT ordinal_position FROM information_schema.columns WHERE table_schema = CURRENT_SCHEMA() AND table_name = 'insurances' AND column_name = 'user_id') AND objoid = (SELECT oid FROM pg_catalog.pg_class WHERE relname = 'insurances' AND relnamespace = (SELECT oid FROM pg_catalog.pg_namespace WHERE nspname = CURRENT_SCHEMA()))

2025/12/24 04:19:39 [32m/Users/louislawrence/Music/apps/stack/lazervault-golang/database/migrations.go:164
[0m[33m[0.197ms] [34;1m[rows:1][0m SELECT count(*) FROM INFORMATION_SCHEMA.table_constraints WHERE table_schema = CURRENT_SCHEMA() AND table_name = 'insurances' AND constraint_name = 'fk_insurances_user'

2025/12/24 04:19:39 [32m/Users/louislawrence/Music/apps/stack/lazervault-golang/database/migrations.go:164
[0m[33m[0.172ms] [34;1m[rows:1][0m SELECT count(*) FROM INFORMATION_SCHEMA.table_constraints WHERE table_schema = CURRENT_SCHEMA() AND table_name = 'insurances' AND constraint_name = 'chk_insurances_type'

2025/12/24 04:19:39 [32m/Users/louislawrence/Music/apps/stack/lazervault-golang/database/migrations.go:164
[0m[33m[0.144ms] [34;1m[rows:1][0m SELECT count(*) FROM INFORMATION_SCHEMA.table_constraints WHERE table_schema = CURRENT_SCHEMA() AND table_name = 'insurances' AND constraint_name = 'chk_insurances_status'

2025/12/24 04:19:39 [32m/Users/louislawrence/Music/apps/stack/lazervault-golang/database/migrations.go:164
[0m[33m[0.146ms] [34;1m[rows:1][0m SELECT count(*) FROM pg_indexes WHERE tablename = 'insurances' AND indexname = 'idx_insurances_deleted_at' AND schemaname = CURRENT_SCHEMA()

2025/12/24 04:19:39 [32m/Users/louislawrence/Music/apps/stack/lazervault-golang/database/migrations.go:164
[0m[33m[0.101ms] [34;1m[rows:1][0m SELECT count(*) FROM pg_indexes WHERE tablename = 'insurances' AND indexname = 'idx_insurances_policy_number' AND schemaname = CURRENT_SCHEMA()

2025/12/24 04:19:39 [32m/Users/louislawrence/Music/apps/stack/lazervault-golang/database/migrations.go:164
[0m[33m[0.141ms] [34;1m[rows:1][0m SELECT count(*) FROM information_schema.tables WHERE table_schema = CURRENT_SCHEMA() AND table_name = 'insurance_payments' AND table_type = 'BASE TABLE'

2025/12/24 04:19:39 [32m/Users/louislawrence/Music/apps/stack/lazervault-golang/database/migrations.go:164
[0m[33m[0.113ms] [34;1m[rows:1][0m SELECT CURRENT_DATABASE()

2025/12/24 04:19:39 [32m/Users/louislawrence/Music/apps/stack/lazervault-golang/database/migrations.go:164
[0m[33m[2.100ms] [34;1m[rows:-][0m SELECT c.column_name, c.is_nullable = 'YES', c.udt_name, c.character_maximum_length, c.numeric_precision, c.numeric_precision_radix, c.numeric_scale, c.datetime_precision, 8 * typlen, c.column_default, pd.description, c.identity_increment FROM information_schema.columns AS c JOIN pg_type AS pgt ON c.udt_name = pgt.typname LEFT JOIN pg_catalog.pg_description as pd ON pd.objsubid = c.ordinal_position AND pd.objoid = (SELECT oid FROM pg_catalog.pg_class WHERE relname = c.table_name AND relnamespace = (SELECT oid FROM pg_catalog.pg_namespace WHERE nspname = c.table_schema)) where table_catalog = 'postgres' AND table_schema = CURRENT_SCHEMA() AND table_name = 'insurance_payments'

2025/12/24 04:19:39 [32m/Users/louislawrence/Music/apps/stack/lazervault-golang/database/migrations.go:164
[0m[33m[0.686ms] [34;1m[rows:-][0m SELECT * FROM "insurance_payments" LIMIT 5

2025/12/24 04:19:39 [32m/Users/louislawrence/Music/apps/stack/lazervault-golang/database/migrations.go:164
[0m[33m[2.685ms] [34;1m[rows:-][0m SELECT constraint_name FROM information_schema.table_constraints tc JOIN information_schema.constraint_column_usage AS ccu USING (constraint_schema, constraint_catalog, table_name, constraint_name) JOIN information_schema.columns AS c ON c.table_schema = tc.constraint_schema AND tc.table_name = c.table_name AND ccu.column_name = c.column_name WHERE constraint_type IN ('PRIMARY KEY', 'UNIQUE') AND c.table_catalog = 'postgres' AND c.table_schema = CURRENT_SCHEMA() AND c.table_name = 'insurance_payments' AND constraint_type = 'UNIQUE'

2025/12/24 04:19:39 [32m/Users/louislawrence/Music/apps/stack/lazervault-golang/database/migrations.go:164
[0m[33m[2.572ms] [34;1m[rows:-][0m SELECT c.column_name, constraint_name, constraint_type FROM information_schema.table_constraints tc JOIN information_schema.constraint_column_usage AS ccu USING (constraint_schema, constraint_catalog, table_name, constraint_name) JOIN information_schema.columns AS c ON c.table_schema = tc.constraint_schema AND tc.table_name = c.table_name AND ccu.column_name = c.column_name WHERE constraint_type IN ('PRIMARY KEY', 'UNIQUE') AND c.table_catalog = 'postgres' AND c.table_schema = CURRENT_SCHEMA() AND c.table_name = 'insurance_payments'

2025/12/24 04:19:39 [32m/Users/louislawrence/Music/apps/stack/lazervault-golang/database/migrations.go:164
[0m[33m[0.133ms] [34;1m[rows:-][0m SELECT a.attname as column_name, format_type(a.atttypid, a.atttypmod) AS data_type
		FROM pg_attribute a JOIN pg_class b ON a.attrelid = b.oid AND relnamespace = (SELECT oid FROM pg_catalog.pg_namespace WHERE nspname = CURRENT_SCHEMA())
		WHERE a.attnum > 0 -- hide internal columns
		AND NOT a.attisdropped -- hide deleted columns
		AND b.relname = 'insurance_payments'

2025/12/24 04:19:39 [32m/Users/louislawrence/Music/apps/stack/lazervault-golang/database/migrations.go:164
[0m[33m[0.168ms] [34;1m[rows:0][0m SELECT description FROM pg_catalog.pg_description WHERE objsubid = (SELECT ordinal_position FROM information_schema.columns WHERE table_schema = CURRENT_SCHEMA() AND table_name = 'insurance_payments' AND column_name = 'id') AND objoid = (SELECT oid FROM pg_catalog.pg_class WHERE relname = 'insurance_payments' AND relnamespace = (SELECT oid FROM pg_catalog.pg_namespace WHERE nspname = CURRENT_SCHEMA()))

2025/12/24 04:19:39 [32m/Users/louislawrence/Music/apps/stack/lazervault-golang/database/migrations.go:164
[0m[33m[0.151ms] [34;1m[rows:0][0m SELECT description FROM pg_catalog.pg_description WHERE objsubid = (SELECT ordinal_position FROM information_schema.columns WHERE table_schema = CURRENT_SCHEMA() AND table_name = 'insurance_payments' AND column_name = 'created_at') AND objoid = (SELECT oid FROM pg_catalog.pg_class WHERE relname = 'insurance_payments' AND relnamespace = (SELECT oid FROM pg_catalog.pg_namespace WHERE nspname = CURRENT_SCHEMA()))

2025/12/24 04:19:39 [32m/Users/louislawrence/Music/apps/stack/lazervault-golang/database/migrations.go:164
[0m[33m[0.170ms] [34;1m[rows:0][0m SELECT description FROM pg_catalog.pg_description WHERE objsubid = (SELECT ordinal_position FROM information_schema.columns WHERE table_schema = CURRENT_SCHEMA() AND table_name = 'insurance_payments' AND column_name = 'updated_at') AND objoid = (SELECT oid FROM pg_catalog.pg_class WHERE relname = 'insurance_payments' AND relnamespace = (SELECT oid FROM pg_catalog.pg_namespace WHERE nspname = CURRENT_SCHEMA()))

2025/12/24 04:19:39 [32m/Users/louislawrence/Music/apps/stack/lazervault-golang/database/migrations.go:164
[0m[33m[0.161ms] [34;1m[rows:0][0m SELECT description FROM pg_catalog.pg_description WHERE objsubid = (SELECT ordinal_position FROM information_schema.columns WHERE table_schema = CURRENT_SCHEMA() AND table_name = 'insurance_payments' AND column_name = 'deleted_at') AND objoid = (SELECT oid FROM pg_catalog.pg_class WHERE relname = 'insurance_payments' AND relnamespace = (SELECT oid FROM pg_catalog.pg_namespace WHERE nspname = CURRENT_SCHEMA()))

2025/12/24 04:19:39 [32m/Users/louislawrence/Music/apps/stack/lazervault-golang/database/migrations.go:164
[0m[33m[0.137ms] [34;1m[rows:0][0m SELECT description FROM pg_catalog.pg_description WHERE objsubid = (SELECT ordinal_position FROM information_schema.columns WHERE table_schema = CURRENT_SCHEMA() AND table_name = 'insurance_payments' AND column_name = 'insurance_id') AND objoid = (SELECT oid FROM pg_catalog.pg_class WHERE relname = 'insurance_payments' AND relnamespace = (SELECT oid FROM pg_catalog.pg_namespace WHERE nspname = CURRENT_SCHEMA()))

2025/12/24 04:19:39 [32m/Users/louislawrence/Music/apps/stack/lazervault-golang/database/migrations.go:164
[0m[33m[0.129ms] [34;1m[rows:0][0m SELECT description FROM pg_catalog.pg_description WHERE objsubid = (SELECT ordinal_position FROM information_schema.columns WHERE table_schema = CURRENT_SCHEMA() AND table_name = 'insurance_payments' AND column_name = 'policy_number') AND objoid = (SELECT oid FROM pg_catalog.pg_class WHERE relname = 'insurance_payments' AND relnamespace = (SELECT oid FROM pg_catalog.pg_namespace WHERE nspname = CURRENT_SCHEMA()))

2025/12/24 04:19:39 [32m/Users/louislawrence/Music/apps/stack/lazervault-golang/database/migrations.go:164
[0m[33m[0.148ms] [34;1m[rows:0][0m SELECT description FROM pg_catalog.pg_description WHERE objsubid = (SELECT ordinal_position FROM information_schema.columns WHERE table_schema = CURRENT_SCHEMA() AND table_name = 'insurance_payments' AND column_name = 'amount') AND objoid = (SELECT oid FROM pg_catalog.pg_class WHERE relname = 'insurance_payments' AND relnamespace = (SELECT oid FROM pg_catalog.pg_namespace WHERE nspname = CURRENT_SCHEMA()))

2025/12/24 04:19:39 [32m/Users/louislawrence/Music/apps/stack/lazervault-golang/database/migrations.go:164
[0m[33m[0.124ms] [34;1m[rows:0][0m SELECT description FROM pg_catalog.pg_description WHERE objsubid = (SELECT ordinal_position FROM information_schema.columns WHERE table_schema = CURRENT_SCHEMA() AND table_name = 'insurance_payments' AND column_name = 'currency') AND objoid = (SELECT oid FROM pg_catalog.pg_class WHERE relname = 'insurance_payments' AND relnamespace = (SELECT oid FROM pg_catalog.pg_namespace WHERE nspname = CURRENT_SCHEMA()))

2025/12/24 04:19:39 [32m/Users/louislawrence/Music/apps/stack/lazervault-golang/database/migrations.go:164
[0m[33m[0.152ms] [34;1m[rows:0][0m SELECT description FROM pg_catalog.pg_description WHERE objsubid = (SELECT ordinal_position FROM information_schema.columns WHERE table_schema = CURRENT_SCHEMA() AND table_name = 'insurance_payments' AND column_name = 'payment_method') AND objoid = (SELECT oid FROM pg_catalog.pg_class WHERE relname = 'insurance_payments' AND relnamespace = (SELECT oid FROM pg_catalog.pg_namespace WHERE nspname = CURRENT_SCHEMA()))

2025/12/24 04:19:39 [32m/Users/louislawrence/Music/apps/stack/lazervault-golang/database/migrations.go:164
[0m[33m[0.124ms] [34;1m[rows:0][0m SELECT description FROM pg_catalog.pg_description WHERE objsubid = (SELECT ordinal_position FROM information_schema.columns WHERE table_schema = CURRENT_SCHEMA() AND table_name = 'insurance_payments' AND column_name = 'status') AND objoid = (SELECT oid FROM pg_catalog.pg_class WHERE relname = 'insurance_payments' AND relnamespace = (SELECT oid FROM pg_catalog.pg_namespace WHERE nspname = CURRENT_SCHEMA()))

2025/12/24 04:19:39 [32m/Users/louislawrence/Music/apps/stack/lazervault-golang/database/migrations.go:164
[0m[33m[0.129ms] [34;1m[rows:0][0m SELECT description FROM pg_catalog.pg_description WHERE objsubid = (SELECT ordinal_position FROM information_schema.columns WHERE table_schema = CURRENT_SCHEMA() AND table_name = 'insurance_payments' AND column_name = 'transaction_id') AND objoid = (SELECT oid FROM pg_catalog.pg_class WHERE relname = 'insurance_payments' AND relnamespace = (SELECT oid FROM pg_catalog.pg_namespace WHERE nspname = CURRENT_SCHEMA()))

2025/12/24 04:19:39 [32m/Users/louislawrence/Music/apps/stack/lazervault-golang/database/migrations.go:164
[0m[33m[0.141ms] [34;1m[rows:0][0m SELECT description FROM pg_catalog.pg_description WHERE objsubid = (SELECT ordinal_position FROM information_schema.columns WHERE table_schema = CURRENT_SCHEMA() AND table_name = 'insurance_payments' AND column_name = 'reference_number') AND objoid = (SELECT oid FROM pg_catalog.pg_class WHERE relname = 'insurance_payments' AND relnamespace = (SELECT oid FROM pg_catalog.pg_namespace WHERE nspname = CURRENT_SCHEMA()))

2025/12/24 04:19:39 [32m/Users/louislawrence/Music/apps/stack/lazervault-golang/database/migrations.go:164
[0m[33m[0.155ms] [34;1m[rows:0][0m SELECT description FROM pg_catalog.pg_description WHERE objsubid = (SELECT ordinal_position FROM information_schema.columns WHERE table_schema = CURRENT_SCHEMA() AND table_name = 'insurance_payments' AND column_name = 'payment_date') AND objoid = (SELECT oid FROM pg_catalog.pg_class WHERE relname = 'insurance_payments' AND relnamespace = (SELECT oid FROM pg_catalog.pg_namespace WHERE nspname = CURRENT_SCHEMA()))

2025/12/24 04:19:39 [32m/Users/louislawrence/Music/apps/stack/lazervault-golang/database/migrations.go:164
[0m[33m[0.138ms] [34;1m[rows:0][0m SELECT description FROM pg_catalog.pg_description WHERE objsubid = (SELECT ordinal_position FROM information_schema.columns WHERE table_schema = CURRENT_SCHEMA() AND table_name = 'insurance_payments' AND column_name = 'due_date') AND objoid = (SELECT oid FROM pg_catalog.pg_class WHERE relname = 'insurance_payments' AND relnamespace = (SELECT oid FROM pg_catalog.pg_namespace WHERE nspname = CURRENT_SCHEMA()))

2025/12/24 04:19:39 [32m/Users/louislawrence/Music/apps/stack/lazervault-golang/database/migrations.go:164
[0m[33m[0.139ms] [34;1m[rows:0][0m SELECT description FROM pg_catalog.pg_description WHERE objsubid = (SELECT ordinal_position FROM information_schema.columns WHERE table_schema = CURRENT_SCHEMA() AND table_name = 'insurance_payments' AND column_name = 'processed_at') AND objoid = (SELECT oid FROM pg_catalog.pg_class WHERE relname = 'insurance_payments' AND relnamespace = (SELECT oid FROM pg_catalog.pg_namespace WHERE nspname = CURRENT_SCHEMA()))

2025/12/24 04:19:39 [32m/Users/louislawrence/Music/apps/stack/lazervault-golang/database/migrations.go:164
[0m[33m[0.130ms] [34;1m[rows:0][0m SELECT description FROM pg_catalog.pg_description WHERE objsubid = (SELECT ordinal_position FROM information_schema.columns WHERE table_schema = CURRENT_SCHEMA() AND table_name = 'insurance_payments' AND column_name = 'payment_details') AND objoid = (SELECT oid FROM pg_catalog.pg_class WHERE relname = 'insurance_payments' AND relnamespace = (SELECT oid FROM pg_catalog.pg_namespace WHERE nspname = CURRENT_SCHEMA()))

2025/12/24 04:19:39 [32m/Users/louislawrence/Music/apps/stack/lazervault-golang/database/migrations.go:164
[0m[33m[0.150ms] [34;1m[rows:0][0m SELECT description FROM pg_catalog.pg_description WHERE objsubid = (SELECT ordinal_position FROM information_schema.columns WHERE table_schema = CURRENT_SCHEMA() AND table_name = 'insurance_payments' AND column_name = 'failure_reason') AND objoid = (SELECT oid FROM pg_catalog.pg_class WHERE relname = 'insurance_payments' AND relnamespace = (SELECT oid FROM pg_catalog.pg_namespace WHERE nspname = CURRENT_SCHEMA()))

2025/12/24 04:19:39 [32m/Users/louislawrence/Music/apps/stack/lazervault-golang/database/migrations.go:164
[0m[33m[0.128ms] [34;1m[rows:0][0m SELECT description FROM pg_catalog.pg_description WHERE objsubid = (SELECT ordinal_position FROM information_schema.columns WHERE table_schema = CURRENT_SCHEMA() AND table_name = 'insurance_payments' AND column_name = 'receipt_url') AND objoid = (SELECT oid FROM pg_catalog.pg_class WHERE relname = 'insurance_payments' AND relnamespace = (SELECT oid FROM pg_catalog.pg_namespace WHERE nspname = CURRENT_SCHEMA()))

2025/12/24 04:19:39 [32m/Users/louislawrence/Music/apps/stack/lazervault-golang/database/migrations.go:164
[0m[33m[0.122ms] [34;1m[rows:0][0m SELECT description FROM pg_catalog.pg_description WHERE objsubid = (SELECT ordinal_position FROM information_schema.columns WHERE table_schema = CURRENT_SCHEMA() AND table_name = 'insurance_payments' AND column_name = 'user_id') AND objoid = (SELECT oid FROM pg_catalog.pg_class WHERE relname = 'insurance_payments' AND relnamespace = (SELECT oid FROM pg_catalog.pg_namespace WHERE nspname = CURRENT_SCHEMA()))

2025/12/24 04:19:39 [32m/Users/louislawrence/Music/apps/stack/lazervault-golang/database/migrations.go:164
[0m[33m[0.147ms] [34;1m[rows:1][0m SELECT count(*) FROM INFORMATION_SCHEMA.table_constraints WHERE table_schema = CURRENT_SCHEMA() AND table_name = 'insurance_payments' AND constraint_name = 'fk_insurance_payments_user'

2025/12/24 04:19:39 [32m/Users/louislawrence/Music/apps/stack/lazervault-golang/database/migrations.go:164
[0m[33m[0.121ms] [34;1m[rows:1][0m SELECT count(*) FROM INFORMATION_SCHEMA.table_constraints WHERE table_schema = CURRENT_SCHEMA() AND table_name = 'insurance_payments' AND constraint_name = 'fk_insurances_payments'

2025/12/24 04:19:39 [32m/Users/louislawrence/Music/apps/stack/lazervault-golang/database/migrations.go:164
[0m[33m[0.118ms] [34;1m[rows:1][0m SELECT count(*) FROM INFORMATION_SCHEMA.table_constraints WHERE table_schema = CURRENT_SCHEMA() AND table_name = 'insurance_payments' AND constraint_name = 'chk_insurance_payments_status'

2025/12/24 04:19:39 [32m/Users/louislawrence/Music/apps/stack/lazervault-golang/database/migrations.go:164
[0m[33m[0.115ms] [34;1m[rows:1][0m SELECT count(*) FROM INFORMATION_SCHEMA.table_constraints WHERE table_schema = CURRENT_SCHEMA() AND table_name = 'insurance_payments' AND constraint_name = 'chk_insurance_payments_payment_method'

2025/12/24 04:19:39 [32m/Users/louislawrence/Music/apps/stack/lazervault-golang/database/migrations.go:164
[0m[33m[0.106ms] [34;1m[rows:1][0m SELECT count(*) FROM pg_indexes WHERE tablename = 'insurance_payments' AND indexname = 'idx_insurance_payments_deleted_at' AND schemaname = CURRENT_SCHEMA()

2025/12/24 04:19:39 [32m/Users/louislawrence/Music/apps/stack/lazervault-golang/database/migrations.go:164
[0m[33m[0.110ms] [34;1m[rows:1][0m SELECT count(*) FROM information_schema.tables WHERE table_schema = CURRENT_SCHEMA() AND table_name = 'insurance_claims' AND table_type = 'BASE TABLE'

2025/12/24 04:19:39 [32m/Users/louislawrence/Music/apps/stack/lazervault-golang/database/migrations.go:164
[0m[33m[0.058ms] [34;1m[rows:1][0m SELECT CURRENT_DATABASE()

2025/12/24 04:19:39 [32m/Users/louislawrence/Music/apps/stack/lazervault-golang/database/migrations.go:164
[0m[33m[1.669ms] [34;1m[rows:-][0m SELECT c.column_name, c.is_nullable = 'YES', c.udt_name, c.character_maximum_length, c.numeric_precision, c.numeric_precision_radix, c.numeric_scale, c.datetime_precision, 8 * typlen, c.column_default, pd.description, c.identity_increment FROM information_schema.columns AS c JOIN pg_type AS pgt ON c.udt_name = pgt.typname LEFT JOIN pg_catalog.pg_description as pd ON pd.objsubid = c.ordinal_position AND pd.objoid = (SELECT oid FROM pg_catalog.pg_class WHERE relname = c.table_name AND relnamespace = (SELECT oid FROM pg_catalog.pg_namespace WHERE nspname = c.table_schema)) where table_catalog = 'postgres' AND table_schema = CURRENT_SCHEMA() AND table_name = 'insurance_claims'

2025/12/24 04:19:39 [32m/Users/louislawrence/Music/apps/stack/lazervault-golang/database/migrations.go:164
[0m[33m[0.943ms] [34;1m[rows:-][0m SELECT * FROM "insurance_claims" LIMIT 5

2025/12/24 04:19:39 [32m/Users/louislawrence/Music/apps/stack/lazervault-golang/database/migrations.go:164
[0m[33m[3.267ms] [34;1m[rows:-][0m SELECT constraint_name FROM information_schema.table_constraints tc JOIN information_schema.constraint_column_usage AS ccu USING (constraint_schema, constraint_catalog, table_name, constraint_name) JOIN information_schema.columns AS c ON c.table_schema = tc.constraint_schema AND tc.table_name = c.table_name AND ccu.column_name = c.column_name WHERE constraint_type IN ('PRIMARY KEY', 'UNIQUE') AND c.table_catalog = 'postgres' AND c.table_schema = CURRENT_SCHEMA() AND c.table_name = 'insurance_claims' AND constraint_type = 'UNIQUE'

2025/12/24 04:19:39 [32m/Users/louislawrence/Music/apps/stack/lazervault-golang/database/migrations.go:164
[0m[33m[4.198ms] [34;1m[rows:-][0m SELECT c.column_name, constraint_name, constraint_type FROM information_schema.table_constraints tc JOIN information_schema.constraint_column_usage AS ccu USING (constraint_schema, constraint_catalog, table_name, constraint_name) JOIN information_schema.columns AS c ON c.table_schema = tc.constraint_schema AND tc.table_name = c.table_name AND ccu.column_name = c.column_name WHERE constraint_type IN ('PRIMARY KEY', 'UNIQUE') AND c.table_catalog = 'postgres' AND c.table_schema = CURRENT_SCHEMA() AND c.table_name = 'insurance_claims'

2025/12/24 04:19:39 [32m/Users/louislawrence/Music/apps/stack/lazervault-golang/database/migrations.go:164
[0m[33m[0.213ms] [34;1m[rows:-][0m SELECT a.attname as column_name, format_type(a.atttypid, a.atttypmod) AS data_type
		FROM pg_attribute a JOIN pg_class b ON a.attrelid = b.oid AND relnamespace = (SELECT oid FROM pg_catalog.pg_namespace WHERE nspname = CURRENT_SCHEMA())
		WHERE a.attnum > 0 -- hide internal columns
		AND NOT a.attisdropped -- hide deleted columns
		AND b.relname = 'insurance_claims'

2025/12/24 04:19:39 [32m/Users/louislawrence/Music/apps/stack/lazervault-golang/database/migrations.go:164
[0m[33m[0.266ms] [34;1m[rows:0][0m SELECT description FROM pg_catalog.pg_description WHERE objsubid = (SELECT ordinal_position FROM information_schema.columns WHERE table_schema = CURRENT_SCHEMA() AND table_name = 'insurance_claims' AND column_name = 'id') AND objoid = (SELECT oid FROM pg_catalog.pg_class WHERE relname = 'insurance_claims' AND relnamespace = (SELECT oid FROM pg_catalog.pg_namespace WHERE nspname = CURRENT_SCHEMA()))

2025/12/24 04:19:39 [32m/Users/louislawrence/Music/apps/stack/lazervault-golang/database/migrations.go:164
[0m[33m[0.162ms] [34;1m[rows:0][0m SELECT description FROM pg_catalog.pg_description WHERE objsubid = (SELECT ordinal_position FROM information_schema.columns WHERE table_schema = CURRENT_SCHEMA() AND table_name = 'insurance_claims' AND column_name = 'created_at') AND objoid = (SELECT oid FROM pg_catalog.pg_class WHERE relname = 'insurance_claims' AND relnamespace = (SELECT oid FROM pg_catalog.pg_namespace WHERE nspname = CURRENT_SCHEMA()))

2025/12/24 04:19:39 [32m/Users/louislawrence/Music/apps/stack/lazervault-golang/database/migrations.go:164
[0m[33m[0.146ms] [34;1m[rows:0][0m SELECT description FROM pg_catalog.pg_description WHERE objsubid = (SELECT ordinal_position FROM information_schema.columns WHERE table_schema = CURRENT_SCHEMA() AND table_name = 'insurance_claims' AND column_name = 'updated_at') AND objoid = (SELECT oid FROM pg_catalog.pg_class WHERE relname = 'insurance_claims' AND relnamespace = (SELECT oid FROM pg_catalog.pg_namespace WHERE nspname = CURRENT_SCHEMA()))

2025/12/24 04:19:39 [32m/Users/louislawrence/Music/apps/stack/lazervault-golang/database/migrations.go:164
[0m[33m[0.129ms] [34;1m[rows:0][0m SELECT description FROM pg_catalog.pg_description WHERE objsubid = (SELECT ordinal_position FROM information_schema.columns WHERE table_schema = CURRENT_SCHEMA() AND table_name = 'insurance_claims' AND column_name = 'deleted_at') AND objoid = (SELECT oid FROM pg_catalog.pg_class WHERE relname = 'insurance_claims' AND relnamespace = (SELECT oid FROM pg_catalog.pg_namespace WHERE nspname = CURRENT_SCHEMA()))

2025/12/24 04:19:39 [32m/Users/louislawrence/Music/apps/stack/lazervault-golang/database/migrations.go:164
[0m[33m[0.161ms] [34;1m[rows:0][0m SELECT description FROM pg_catalog.pg_description WHERE objsubid = (SELECT ordinal_position FROM information_schema.columns WHERE table_schema = CURRENT_SCHEMA() AND table_name = 'insurance_claims' AND column_name = 'claim_number') AND objoid = (SELECT oid FROM pg_catalog.pg_class WHERE relname = 'insurance_claims' AND relnamespace = (SELECT oid FROM pg_catalog.pg_namespace WHERE nspname = CURRENT_SCHEMA()))

2025/12/24 04:19:39 [32m/Users/louislawrence/Music/apps/stack/lazervault-golang/database/migrations.go:164
[0m[33m[0.329ms] [34;1m[rows:0][0m SELECT description FROM pg_catalog.pg_description WHERE objsubid = (SELECT ordinal_position FROM information_schema.columns WHERE table_schema = CURRENT_SCHEMA() AND table_name = 'insurance_claims' AND column_name = 'insurance_id') AND objoid = (SELECT oid FROM pg_catalog.pg_class WHERE relname = 'insurance_claims' AND relnamespace = (SELECT oid FROM pg_catalog.pg_namespace WHERE nspname = CURRENT_SCHEMA()))

2025/12/24 04:19:39 [32m/Users/louislawrence/Music/apps/stack/lazervault-golang/database/migrations.go:164
[0m[33m[0.256ms] [34;1m[rows:0][0m SELECT description FROM pg_catalog.pg_description WHERE objsubid = (SELECT ordinal_position FROM information_schema.columns WHERE table_schema = CURRENT_SCHEMA() AND table_name = 'insurance_claims' AND column_name = 'policy_number') AND objoid = (SELECT oid FROM pg_catalog.pg_class WHERE relname = 'insurance_claims' AND relnamespace = (SELECT oid FROM pg_catalog.pg_namespace WHERE nspname = CURRENT_SCHEMA()))

2025/12/24 04:19:39 [32m/Users/louislawrence/Music/apps/stack/lazervault-golang/database/migrations.go:164
[0m[33m[0.148ms] [34;1m[rows:0][0m SELECT description FROM pg_catalog.pg_description WHERE objsubid = (SELECT ordinal_position FROM information_schema.columns WHERE table_schema = CURRENT_SCHEMA() AND table_name = 'insurance_claims' AND column_name = 'type') AND objoid = (SELECT oid FROM pg_catalog.pg_class WHERE relname = 'insurance_claims' AND relnamespace = (SELECT oid FROM pg_catalog.pg_namespace WHERE nspname = CURRENT_SCHEMA()))

2025/12/24 04:19:39 [32m/Users/louislawrence/Music/apps/stack/lazervault-golang/database/migrations.go:164
[0m[33m[0.163ms] [34;1m[rows:0][0m SELECT description FROM pg_catalog.pg_description WHERE objsubid = (SELECT ordinal_position FROM information_schema.columns WHERE table_schema = CURRENT_SCHEMA() AND table_name = 'insurance_claims' AND column_name = 'status') AND objoid = (SELECT oid FROM pg_catalog.pg_class WHERE relname = 'insurance_claims' AND relnamespace = (SELECT oid FROM pg_catalog.pg_namespace WHERE nspname = CURRENT_SCHEMA()))

2025/12/24 04:19:39 [32m/Users/louislawrence/Music/apps/stack/lazervault-golang/database/migrations.go:164
[0m[33m[0.199ms] [34;1m[rows:0][0m SELECT description FROM pg_catalog.pg_description WHERE objsubid = (SELECT ordinal_position FROM information_schema.columns WHERE table_schema = CURRENT_SCHEMA() AND table_name = 'insurance_claims' AND column_name = 'title') AND objoid = (SELECT oid FROM pg_catalog.pg_class WHERE relname = 'insurance_claims' AND relnamespace = (SELECT oid FROM pg_catalog.pg_namespace WHERE nspname = CURRENT_SCHEMA()))

2025/12/24 04:19:39 [32m/Users/louislawrence/Music/apps/stack/lazervault-golang/database/migrations.go:164
[0m[33m[0.210ms] [34;1m[rows:0][0m SELECT description FROM pg_catalog.pg_description WHERE objsubid = (SELECT ordinal_position FROM information_schema.columns WHERE table_schema = CURRENT_SCHEMA() AND table_name = 'insurance_claims' AND column_name = 'description') AND objoid = (SELECT oid FROM pg_catalog.pg_class WHERE relname = 'insurance_claims' AND relnamespace = (SELECT oid FROM pg_catalog.pg_namespace WHERE nspname = CURRENT_SCHEMA()))

2025/12/24 04:19:39 [32m/Users/louislawrence/Music/apps/stack/lazervault-golang/database/migrations.go:164
[0m[33m[0.166ms] [34;1m[rows:0][0m SELECT description FROM pg_catalog.pg_description WHERE objsubid = (SELECT ordinal_position FROM information_schema.columns WHERE table_schema = CURRENT_SCHEMA() AND table_name = 'insurance_claims' AND column_name = 'claim_amount') AND objoid = (SELECT oid FROM pg_catalog.pg_class WHERE relname = 'insurance_claims' AND relnamespace = (SELECT oid FROM pg_catalog.pg_namespace WHERE nspname = CURRENT_SCHEMA()))

2025/12/24 04:19:39 [32m/Users/louislawrence/Music/apps/stack/lazervault-golang/database/migrations.go:164
[0m[33m[0.161ms] [34;1m[rows:0][0m SELECT description FROM pg_catalog.pg_description WHERE objsubid = (SELECT ordinal_position FROM information_schema.columns WHERE table_schema = CURRENT_SCHEMA() AND table_name = 'insurance_claims' AND column_name = 'approved_amount') AND objoid = (SELECT oid FROM pg_catalog.pg_class WHERE relname = 'insurance_claims' AND relnamespace = (SELECT oid FROM pg_catalog.pg_namespace WHERE nspname = CURRENT_SCHEMA()))

2025/12/24 04:19:39 [32m/Users/louislawrence/Music/apps/stack/lazervault-golang/database/migrations.go:164
[0m[33m[0.140ms] [34;1m[rows:0][0m SELECT description FROM pg_catalog.pg_description WHERE objsubid = (SELECT ordinal_position FROM information_schema.columns WHERE table_schema = CURRENT_SCHEMA() AND table_name = 'insurance_claims' AND column_name = 'currency') AND objoid = (SELECT oid FROM pg_catalog.pg_class WHERE relname = 'insurance_claims' AND relnamespace = (SELECT oid FROM pg_catalog.pg_namespace WHERE nspname = CURRENT_SCHEMA()))

2025/12/24 04:19:39 [32m/Users/louislawrence/Music/apps/stack/lazervault-golang/database/migrations.go:164
[0m[33m[0.145ms] [34;1m[rows:0][0m SELECT description FROM pg_catalog.pg_description WHERE objsubid = (SELECT ordinal_position FROM information_schema.columns WHERE table_schema = CURRENT_SCHEMA() AND table_name = 'insurance_claims' AND column_name = 'incident_date') AND objoid = (SELECT oid FROM pg_catalog.pg_class WHERE relname = 'insurance_claims' AND relnamespace = (SELECT oid FROM pg_catalog.pg_namespace WHERE nspname = CURRENT_SCHEMA()))

2025/12/24 04:19:39 [32m/Users/louislawrence/Music/apps/stack/lazervault-golang/database/migrations.go:164
[0m[33m[0.133ms] [34;1m[rows:0][0m SELECT description FROM pg_catalog.pg_description WHERE objsubid = (SELECT ordinal_position FROM information_schema.columns WHERE table_schema = CURRENT_SCHEMA() AND table_name = 'insurance_claims' AND column_name = 'incident_location') AND objoid = (SELECT oid FROM pg_catalog.pg_class WHERE relname = 'insurance_claims' AND relnamespace = (SELECT oid FROM pg_catalog.pg_namespace WHERE nspname = CURRENT_SCHEMA()))

2025/12/24 04:19:39 [32m
[0m[33m[0.094ms] [34;1m[rows:1][0m SELECT CURRENT_DATABASE()

2025/12/24 04:19:39 [32m
[0m[33m[1.465ms] [34;1m[rows:-][0m SELECT c.column_name, c.is_nullable = 'YES', c.udt_name, c.character_maximum_length, c.numeric_precision, c.numeric_precision_radix, c.numeric_scale, c.datetime_precision, 8 * typlen, c.column_default, pd.description, c.identity_increment FROM information_schema.columns AS c JOIN pg_type AS pgt ON c.udt_name = pgt.typname LEFT JOIN pg_catalog.pg_description as pd ON pd.objsubid = c.ordinal_position AND pd.objoid = (SELECT oid FROM pg_catalog.pg_class WHERE relname = c.table_name AND relnamespace = (SELECT oid FROM pg_catalog.pg_namespace WHERE nspname = c.table_schema)) where table_catalog = 'postgres' AND table_schema = CURRENT_SCHEMA() AND table_name = 'insurance_claims'

2025/12/24 04:19:39 [32m
[0m[33m[0.169ms] [34;1m[rows:-][0m SELECT * FROM "insurance_claims" LIMIT 5

2025/12/24 04:19:39 [32m
[0m[33m[3.002ms] [34;1m[rows:-][0m SELECT constraint_name FROM information_schema.table_constraints tc JOIN information_schema.constraint_column_usage AS ccu USING (constraint_schema, constraint_catalog, table_name, constraint_name) JOIN information_schema.columns AS c ON c.table_schema = tc.constraint_schema AND tc.table_name = c.table_name AND ccu.column_name = c.column_name WHERE constraint_type IN ('PRIMARY KEY', 'UNIQUE') AND c.table_catalog = 'postgres' AND c.table_schema = CURRENT_SCHEMA() AND c.table_name = 'insurance_claims' AND constraint_type = 'UNIQUE'

2025/12/24 04:19:39 [32m
[0m[33m[3.319ms] [34;1m[rows:-][0m SELECT c.column_name, constraint_name, constraint_type FROM information_schema.table_constraints tc JOIN information_schema.constraint_column_usage AS ccu USING (constraint_schema, constraint_catalog, table_name, constraint_name) JOIN information_schema.columns AS c ON c.table_schema = tc.constraint_schema AND tc.table_name = c.table_name AND ccu.column_name = c.column_name WHERE constraint_type IN ('PRIMARY KEY', 'UNIQUE') AND c.table_catalog = 'postgres' AND c.table_schema = CURRENT_SCHEMA() AND c.table_name = 'insurance_claims'

2025/12/24 04:19:39 [32m
[0m[33m[0.153ms] [34;1m[rows:-][0m SELECT a.attname as column_name, format_type(a.atttypid, a.atttypmod) AS data_type
		FROM pg_attribute a JOIN pg_class b ON a.attrelid = b.oid AND relnamespace = (SELECT oid FROM pg_catalog.pg_namespace WHERE nspname = CURRENT_SCHEMA())
		WHERE a.attnum > 0 -- hide internal columns
		AND NOT a.attisdropped -- hide deleted columns
		AND b.relname = 'insurance_claims'

2025/12/24 04:19:39 [32m/Users/louislawrence/Music/apps/stack/lazervault-golang/database/migrations.go:164
[0m[33m[0.736ms] [34;1m[rows:0][0m ALTER TABLE "insurance_claims" ALTER COLUMN "attachments" SET DEFAULT '[]'

2025/12/24 04:19:39 [32m/Users/louislawrence/Music/apps/stack/lazervault-golang/database/migrations.go:164
[0m[33m[0.232ms] [34;1m[rows:0][0m SELECT description FROM pg_catalog.pg_description WHERE objsubid = (SELECT ordinal_position FROM information_schema.columns WHERE table_schema = CURRENT_SCHEMA() AND table_name = 'insurance_claims' AND column_name = 'attachments') AND objoid = (SELECT oid FROM pg_catalog.pg_class WHERE relname = 'insurance_claims' AND relnamespace = (SELECT oid FROM pg_catalog.pg_namespace WHERE nspname = CURRENT_SCHEMA()))

2025/12/24 04:19:39 [32m
[0m[33m[0.079ms] [34;1m[rows:1][0m SELECT CURRENT_DATABASE()

2025/12/24 04:19:39 [32m
[0m[33m[2.048ms] [34;1m[rows:-][0m SELECT c.column_name, c.is_nullable = 'YES', c.udt_name, c.character_maximum_length, c.numeric_precision, c.numeric_precision_radix, c.numeric_scale, c.datetime_precision, 8 * typlen, c.column_default, pd.description, c.identity_increment FROM information_schema.columns AS c JOIN pg_type AS pgt ON c.udt_name = pgt.typname LEFT JOIN pg_catalog.pg_description as pd ON pd.objsubid = c.ordinal_position AND pd.objoid = (SELECT oid FROM pg_catalog.pg_class WHERE relname = c.table_name AND relnamespace = (SELECT oid FROM pg_catalog.pg_namespace WHERE nspname = c.table_schema)) where table_catalog = 'postgres' AND table_schema = CURRENT_SCHEMA() AND table_name = 'insurance_claims'

2025/12/24 04:19:39 [32m
[0m[33m[0.347ms] [34;1m[rows:-][0m SELECT * FROM "insurance_claims" LIMIT 5

2025/12/24 04:19:39 [32m
[0m[33m[3.605ms] [34;1m[rows:-][0m SELECT constraint_name FROM information_schema.table_constraints tc JOIN information_schema.constraint_column_usage AS ccu USING (constraint_schema, constraint_catalog, table_name, constraint_name) JOIN information_schema.columns AS c ON c.table_schema = tc.constraint_schema AND tc.table_name = c.table_name AND ccu.column_name = c.column_name WHERE constraint_type IN ('PRIMARY KEY', 'UNIQUE') AND c.table_catalog = 'postgres' AND c.table_schema = CURRENT_SCHEMA() AND c.table_name = 'insurance_claims' AND constraint_type = 'UNIQUE'

2025/12/24 04:19:39 [32m
[0m[33m[3.427ms] [34;1m[rows:-][0m SELECT c.column_name, constraint_name, constraint_type FROM information_schema.table_constraints tc JOIN information_schema.constraint_column_usage AS ccu USING (constraint_schema, constraint_catalog, table_name, constraint_name) JOIN information_schema.columns AS c ON c.table_schema = tc.constraint_schema AND tc.table_name = c.table_name AND ccu.column_name = c.column_name WHERE constraint_type IN ('PRIMARY KEY', 'UNIQUE') AND c.table_catalog = 'postgres' AND c.table_schema = CURRENT_SCHEMA() AND c.table_name = 'insurance_claims'

2025/12/24 04:19:39 [32m
[0m[33m[0.191ms] [34;1m[rows:-][0m SELECT a.attname as column_name, format_type(a.atttypid, a.atttypmod) AS data_type
		FROM pg_attribute a JOIN pg_class b ON a.attrelid = b.oid AND relnamespace = (SELECT oid FROM pg_catalog.pg_namespace WHERE nspname = CURRENT_SCHEMA())
		WHERE a.attnum > 0 -- hide internal columns
		AND NOT a.attisdropped -- hide deleted columns
		AND b.relname = 'insurance_claims'

2025/12/24 04:19:39 [32m/Users/louislawrence/Music/apps/stack/lazervault-golang/database/migrations.go:164
[0m[33m[0.552ms] [34;1m[rows:0][0m ALTER TABLE "insurance_claims" ALTER COLUMN "documents" SET DEFAULT '[]'

2025/12/24 04:19:39 [32m/Users/louislawrence/Music/apps/stack/lazervault-golang/database/migrations.go:164
[0m[33m[0.294ms] [34;1m[rows:0][0m SELECT description FROM pg_catalog.pg_description WHERE objsubid = (SELECT ordinal_position FROM information_schema.columns WHERE table_schema = CURRENT_SCHEMA() AND table_name = 'insurance_claims' AND column_name = 'documents') AND objoid = (SELECT oid FROM pg_catalog.pg_class WHERE relname = 'insurance_claims' AND relnamespace = (SELECT oid FROM pg_catalog.pg_namespace WHERE nspname = CURRENT_SCHEMA()))

2025/12/24 04:19:39 [32m
[0m[33m[0.088ms] [34;1m[rows:1][0m SELECT CURRENT_DATABASE()

2025/12/24 04:19:39 [32m
[0m[33m[1.769ms] [34;1m[rows:-][0m SELECT c.column_name, c.is_nullable = 'YES', c.udt_name, c.character_maximum_length, c.numeric_precision, c.numeric_precision_radix, c.numeric_scale, c.datetime_precision, 8 * typlen, c.column_default, pd.description, c.identity_increment FROM information_schema.columns AS c JOIN pg_type AS pgt ON c.udt_name = pgt.typname LEFT JOIN pg_catalog.pg_description as pd ON pd.objsubid = c.ordinal_position AND pd.objoid = (SELECT oid FROM pg_catalog.pg_class WHERE relname = c.table_name AND relnamespace = (SELECT oid FROM pg_catalog.pg_namespace WHERE nspname = c.table_schema)) where table_catalog = 'postgres' AND table_schema = CURRENT_SCHEMA() AND table_name = 'insurance_claims'

2025/12/24 04:19:39 [32m
[0m[33m[0.241ms] [34;1m[rows:-][0m SELECT * FROM "insurance_claims" LIMIT 5

2025/12/24 04:19:39 [32m
[0m[33m[2.861ms] [34;1m[rows:-][0m SELECT constraint_name FROM information_schema.table_constraints tc JOIN information_schema.constraint_column_usage AS ccu USING (constraint_schema, constraint_catalog, table_name, constraint_name) JOIN information_schema.columns AS c ON c.table_schema = tc.constraint_schema AND tc.table_name = c.table_name AND ccu.column_name = c.column_name WHERE constraint_type IN ('PRIMARY KEY', 'UNIQUE') AND c.table_catalog = 'postgres' AND c.table_schema = CURRENT_SCHEMA() AND c.table_name = 'insurance_claims' AND constraint_type = 'UNIQUE'

2025/12/24 04:19:39 [32m
[0m[33m[4.512ms] [34;1m[rows:-][0m SELECT c.column_name, constraint_name, constraint_type FROM information_schema.table_constraints tc JOIN information_schema.constraint_column_usage AS ccu USING (constraint_schema, constraint_catalog, table_name, constraint_name) JOIN information_schema.columns AS c ON c.table_schema = tc.constraint_schema AND tc.table_name = c.table_name AND ccu.column_name = c.column_name WHERE constraint_type IN ('PRIMARY KEY', 'UNIQUE') AND c.table_catalog = 'postgres' AND c.table_schema = CURRENT_SCHEMA() AND c.table_name = 'insurance_claims'

2025/12/24 04:19:39 [32m
[0m[33m[0.186ms] [34;1m[rows:-][0m SELECT a.attname as column_name, format_type(a.atttypid, a.atttypmod) AS data_type
		FROM pg_attribute a JOIN pg_class b ON a.attrelid = b.oid AND relnamespace = (SELECT oid FROM pg_catalog.pg_namespace WHERE nspname = CURRENT_SCHEMA())
		WHERE a.attnum > 0 -- hide internal columns
		AND NOT a.attisdropped -- hide deleted columns
		AND b.relname = 'insurance_claims'

2025/12/24 04:19:39 [32m/Users/louislawrence/Music/apps/stack/lazervault-golang/database/migrations.go:164
[0m[33m[0.356ms] [34;1m[rows:0][0m ALTER TABLE "insurance_claims" ALTER COLUMN "additional_info" SET DEFAULT '{}'

2025/12/24 04:19:39 [32m/Users/louislawrence/Music/apps/stack/lazervault-golang/database/migrations.go:164
[0m[33m[0.280ms] [34;1m[rows:0][0m SELECT description FROM pg_catalog.pg_description WHERE objsubid = (SELECT ordinal_position FROM information_schema.columns WHERE table_schema = CURRENT_SCHEMA() AND table_name = 'insurance_claims' AND column_name = 'additional_info') AND objoid = (SELECT oid FROM pg_catalog.pg_class WHERE relname = 'insurance_claims' AND relnamespace = (SELECT oid FROM pg_catalog.pg_namespace WHERE nspname = CURRENT_SCHEMA()))

2025/12/24 04:19:39 [32m/Users/louislawrence/Music/apps/stack/lazervault-golang/database/migrations.go:164
[0m[33m[0.198ms] [34;1m[rows:0][0m SELECT description FROM pg_catalog.pg_description WHERE objsubid = (SELECT ordinal_position FROM information_schema.columns WHERE table_schema = CURRENT_SCHEMA() AND table_name = 'insurance_claims' AND column_name = 'rejection_reason') AND objoid = (SELECT oid FROM pg_catalog.pg_class WHERE relname = 'insurance_claims' AND relnamespace = (SELECT oid FROM pg_catalog.pg_namespace WHERE nspname = CURRENT_SCHEMA()))

2025/12/24 04:19:39 [32m/Users/louislawrence/Music/apps/stack/lazervault-golang/database/migrations.go:164
[0m[33m[0.200ms] [34;1m[rows:0][0m SELECT description FROM pg_catalog.pg_description WHERE objsubid = (SELECT ordinal_position FROM information_schema.columns WHERE table_schema = CURRENT_SCHEMA() AND table_name = 'insurance_claims' AND column_name = 'settlement_date') AND objoid = (SELECT oid FROM pg_catalog.pg_class WHERE relname = 'insurance_claims' AND relnamespace = (SELECT oid FROM pg_catalog.pg_namespace WHERE nspname = CURRENT_SCHEMA()))

2025/12/24 04:19:39 [32m/Users/louislawrence/Music/apps/stack/lazervault-golang/database/migrations.go:164
[0m[33m[0.364ms] [34;1m[rows:0][0m SELECT description FROM pg_catalog.pg_description WHERE objsubid = (SELECT ordinal_position FROM information_schema.columns WHERE table_schema = CURRENT_SCHEMA() AND table_name = 'insurance_claims' AND column_name = 'settlement_details') AND objoid = (SELECT oid FROM pg_catalog.pg_class WHERE relname = 'insurance_claims' AND relnamespace = (SELECT oid FROM pg_catalog.pg_namespace WHERE nspname = CURRENT_SCHEMA()))

2025/12/24 04:19:39 [32m/Users/louislawrence/Music/apps/stack/lazervault-golang/database/migrations.go:164
[0m[33m[0.474ms] [34;1m[rows:0][0m SELECT description FROM pg_catalog.pg_description WHERE objsubid = (SELECT ordinal_position FROM information_schema.columns WHERE table_schema = CURRENT_SCHEMA() AND table_name = 'insurance_claims' AND column_name = 'user_id') AND objoid = (SELECT oid FROM pg_catalog.pg_class WHERE relname = 'insurance_claims' AND relnamespace = (SELECT oid FROM pg_catalog.pg_namespace WHERE nspname = CURRENT_SCHEMA()))

2025/12/24 04:19:39 [32m/Users/louislawrence/Music/apps/stack/lazervault-golang/database/migrations.go:164
[0m[33m[0.324ms] [34;1m[rows:1][0m SELECT count(*) FROM INFORMATION_SCHEMA.table_constraints WHERE table_schema = CURRENT_SCHEMA() AND table_name = 'insurance_claims' AND constraint_name = 'fk_insurances_claims'

2025/12/24 04:19:39 [32m/Users/louislawrence/Music/apps/stack/lazervault-golang/database/migrations.go:164
[0m[33m[0.341ms] [34;1m[rows:1][0m SELECT count(*) FROM INFORMATION_SCHEMA.table_constraints WHERE table_schema = CURRENT_SCHEMA() AND table_name = 'insurance_claims' AND constraint_name = 'fk_insurance_claims_user'

2025/12/24 04:19:39 [32m/Users/louislawrence/Music/apps/stack/lazervault-golang/database/migrations.go:164
[0m[33m[0.395ms] [34;1m[rows:1][0m SELECT count(*) FROM INFORMATION_SCHEMA.table_constraints WHERE table_schema = CURRENT_SCHEMA() AND table_name = 'insurance_claims' AND constraint_name = 'chk_insurance_claims_status'

2025/12/24 04:19:39 [32m/Users/louislawrence/Music/apps/stack/lazervault-golang/database/migrations.go:164
[0m[33m[0.226ms] [34;1m[rows:1][0m SELECT count(*) FROM pg_indexes WHERE tablename = 'insurance_claims' AND indexname = 'idx_insurance_claims_deleted_at' AND schemaname = CURRENT_SCHEMA()

2025/12/24 04:19:39 [32m/Users/louislawrence/Music/apps/stack/lazervault-golang/database/migrations.go:164
[0m[33m[0.225ms] [34;1m[rows:1][0m SELECT count(*) FROM pg_indexes WHERE tablename = 'insurance_claims' AND indexname = 'idx_insurance_claims_claim_number' AND schemaname = CURRENT_SCHEMA()

2025/12/24 04:19:39 [32m/Users/louislawrence/Music/apps/stack/lazervault-golang/database/migrations.go:164
[0m[33m[0.441ms] [34;1m[rows:1][0m SELECT count(*) FROM information_schema.tables WHERE table_schema = CURRENT_SCHEMA() AND table_name = 'synced_contacts' AND table_type = 'BASE TABLE'

2025/12/24 04:19:39 [32m/Users/louislawrence/Music/apps/stack/lazervault-golang/database/migrations.go:164
[0m[33m[0.164ms] [34;1m[rows:1][0m SELECT CURRENT_DATABASE()

2025/12/24 04:19:39 [32m/Users/louislawrence/Music/apps/stack/lazervault-golang/database/migrations.go:164
[0m[33m[1.656ms] [34;1m[rows:-][0m SELECT c.column_name, c.is_nullable = 'YES', c.udt_name, c.character_maximum_length, c.numeric_precision, c.numeric_precision_radix, c.numeric_scale, c.datetime_precision, 8 * typlen, c.column_default, pd.description, c.identity_increment FROM information_schema.columns AS c JOIN pg_type AS pgt ON c.udt_name = pgt.typname LEFT JOIN pg_catalog.pg_description as pd ON pd.objsubid = c.ordinal_position AND pd.objoid = (SELECT oid FROM pg_catalog.pg_class WHERE relname = c.table_name AND relnamespace = (SELECT oid FROM pg_catalog.pg_namespace WHERE nspname = c.table_schema)) where table_catalog = 'postgres' AND table_schema = CURRENT_SCHEMA() AND table_name = 'synced_contacts'

2025/12/24 04:19:39 [32m/Users/louislawrence/Music/apps/stack/lazervault-golang/database/migrations.go:164
[0m[33m[1.509ms] [34;1m[rows:-][0m SELECT * FROM "synced_contacts" LIMIT 5

2025/12/24 04:19:39 [32m/Users/louislawrence/Music/apps/stack/lazervault-golang/database/migrations.go:164
[0m[33m[3.068ms] [34;1m[rows:-][0m SELECT constraint_name FROM information_schema.table_constraints tc JOIN information_schema.constraint_column_usage AS ccu USING (constraint_schema, constraint_catalog, table_name, constraint_name) JOIN information_schema.columns AS c ON c.table_schema = tc.constraint_schema AND tc.table_name = c.table_name AND ccu.column_name = c.column_name WHERE constraint_type IN ('PRIMARY KEY', 'UNIQUE') AND c.table_catalog = 'postgres' AND c.table_schema = CURRENT_SCHEMA() AND c.table_name = 'synced_contacts' AND constraint_type = 'UNIQUE'

2025/12/24 04:19:39 [32m/Users/louislawrence/Music/apps/stack/lazervault-golang/database/migrations.go:164
[0m[33m[2.846ms] [34;1m[rows:-][0m SELECT c.column_name, constraint_name, constraint_type FROM information_schema.table_constraints tc JOIN information_schema.constraint_column_usage AS ccu USING (constraint_schema, constraint_catalog, table_name, constraint_name) JOIN information_schema.columns AS c ON c.table_schema = tc.constraint_schema AND tc.table_name = c.table_name AND ccu.column_name = c.column_name WHERE constraint_type IN ('PRIMARY KEY', 'UNIQUE') AND c.table_catalog = 'postgres' AND c.table_schema = CURRENT_SCHEMA() AND c.table_name = 'synced_contacts'

2025/12/24 04:19:39 [32m/Users/louislawrence/Music/apps/stack/lazervault-golang/database/migrations.go:164
[0m[33m[0.149ms] [34;1m[rows:-][0m SELECT a.attname as column_name, format_type(a.atttypid, a.atttypmod) AS data_type
		FROM pg_attribute a JOIN pg_class b ON a.attrelid = b.oid AND relnamespace = (SELECT oid FROM pg_catalog.pg_namespace WHERE nspname = CURRENT_SCHEMA())
		WHERE a.attnum > 0 -- hide internal columns
		AND NOT a.attisdropped -- hide deleted columns
		AND b.relname = 'synced_contacts'

2025/12/24 04:19:39 [32m/Users/louislawrence/Music/apps/stack/lazervault-golang/database/migrations.go:164
[0m[33m[0.240ms] [34;1m[rows:0][0m SELECT description FROM pg_catalog.pg_description WHERE objsubid = (SELECT ordinal_position FROM information_schema.columns WHERE table_schema = CURRENT_SCHEMA() AND table_name = 'synced_contacts' AND column_name = 'id') AND objoid = (SELECT oid FROM pg_catalog.pg_class WHERE relname = 'synced_contacts' AND relnamespace = (SELECT oid FROM pg_catalog.pg_namespace WHERE nspname = CURRENT_SCHEMA()))

2025/12/24 04:19:39 [32m/Users/louislawrence/Music/apps/stack/lazervault-golang/database/migrations.go:164
[0m[33m[0.153ms] [34;1m[rows:0][0m SELECT description FROM pg_catalog.pg_description WHERE objsubid = (SELECT ordinal_position FROM information_schema.columns WHERE table_schema = CURRENT_SCHEMA() AND table_name = 'synced_contacts' AND column_name = 'created_at') AND objoid = (SELECT oid FROM pg_catalog.pg_class WHERE relname = 'synced_contacts' AND relnamespace = (SELECT oid FROM pg_catalog.pg_namespace WHERE nspname = CURRENT_SCHEMA()))

2025/12/24 04:19:39 [32m/Users/louislawrence/Music/apps/stack/lazervault-golang/database/migrations.go:164
[0m[33m[0.148ms] [34;1m[rows:0][0m SELECT description FROM pg_catalog.pg_description WHERE objsubid = (SELECT ordinal_position FROM information_schema.columns WHERE table_schema = CURRENT_SCHEMA() AND table_name = 'synced_contacts' AND column_name = 'updated_at') AND objoid = (SELECT oid FROM pg_catalog.pg_class WHERE relname = 'synced_contacts' AND relnamespace = (SELECT oid FROM pg_catalog.pg_namespace WHERE nspname = CURRENT_SCHEMA()))

2025/12/24 04:19:39 [32m/Users/louislawrence/Music/apps/stack/lazervault-golang/database/migrations.go:164
[0m[33m[0.130ms] [34;1m[rows:0][0m SELECT description FROM pg_catalog.pg_description WHERE objsubid = (SELECT ordinal_position FROM information_schema.columns WHERE table_schema = CURRENT_SCHEMA() AND table_name = 'synced_contacts' AND column_name = 'deleted_at') AND objoid = (SELECT oid FROM pg_catalog.pg_class WHERE relname = 'synced_contacts' AND relnamespace = (SELECT oid FROM pg_catalog.pg_namespace WHERE nspname = CURRENT_SCHEMA()))

2025/12/24 04:19:39 [32m/Users/louislawrence/Music/apps/stack/lazervault-golang/database/migrations.go:164
[0m[33m[0.136ms] [34;1m[rows:0][0m SELECT description FROM pg_catalog.pg_description WHERE objsubid = (SELECT ordinal_position FROM information_schema.columns WHERE table_schema = CURRENT_SCHEMA() AND table_name = 'synced_contacts' AND column_name = 'user_id') AND objoid = (SELECT oid FROM pg_catalog.pg_class WHERE relname = 'synced_contacts' AND relnamespace = (SELECT oid FROM pg_catalog.pg_namespace WHERE nspname = CURRENT_SCHEMA()))

2025/12/24 04:19:39 [32m/Users/louislawrence/Music/apps/stack/lazervault-golang/database/migrations.go:164
[0m[33m[0.131ms] [34;1m[rows:0][0m SELECT description FROM pg_catalog.pg_description WHERE objsubid = (SELECT ordinal_position FROM information_schema.columns WHERE table_schema = CURRENT_SCHEMA() AND table_name = 'synced_contacts' AND column_name = 'name') AND objoid = (SELECT oid FROM pg_catalog.pg_class WHERE relname = 'synced_contacts' AND relnamespace = (SELECT oid FROM pg_catalog.pg_namespace WHERE nspname = CURRENT_SCHEMA()))

2025/12/24 04:19:39 [32m/Users/louislawrence/Music/apps/stack/lazervault-golang/database/migrations.go:164
[0m[33m[0.133ms] [34;1m[rows:0][0m SELECT description FROM pg_catalog.pg_description WHERE objsubid = (SELECT ordinal_position FROM information_schema.columns WHERE table_schema = CURRENT_SCHEMA() AND table_name = 'synced_contacts' AND column_name = 'phone_numbers') AND objoid = (SELECT oid FROM pg_catalog.pg_class WHERE relname = 'synced_contacts' AND relnamespace = (SELECT oid FROM pg_catalog.pg_namespace WHERE nspname = CURRENT_SCHEMA()))

2025/12/24 04:19:39 [32m/Users/louislawrence/Music/apps/stack/lazervault-golang/database/migrations.go:164
[0m[33m[0.165ms] [34;1m[rows:0][0m SELECT description FROM pg_catalog.pg_description WHERE objsubid = (SELECT ordinal_position FROM information_schema.columns WHERE table_schema = CURRENT_SCHEMA() AND table_name = 'synced_contacts' AND column_name = 'emails') AND objoid = (SELECT oid FROM pg_catalog.pg_class WHERE relname = 'synced_contacts' AND relnamespace = (SELECT oid FROM pg_catalog.pg_namespace WHERE nspname = CURRENT_SCHEMA()))

2025/12/24 04:19:39 [32m/Users/louislawrence/Music/apps/stack/lazervault-golang/database/migrations.go:164
[0m[33m[0.139ms] [34;1m[rows:0][0m SELECT description FROM pg_catalog.pg_description WHERE objsubid = (SELECT ordinal_position FROM information_schema.columns WHERE table_schema = CURRENT_SCHEMA() AND table_name = 'synced_contacts' AND column_name = 'photo_url') AND objoid = (SELECT oid FROM pg_catalog.pg_class WHERE relname = 'synced_contacts' AND relnamespace = (SELECT oid FROM pg_catalog.pg_namespace WHERE nspname = CURRENT_SCHEMA()))

2025/12/24 04:19:39 [32m/Users/louislawrence/Music/apps/stack/lazervault-golang/database/migrations.go:164
[0m[33m[0.131ms] [34;1m[rows:0][0m SELECT description FROM pg_catalog.pg_description WHERE objsubid = (SELECT ordinal_position FROM information_schema.columns WHERE table_schema = CURRENT_SCHEMA() AND table_name = 'synced_contacts' AND column_name = 'device_contact_id') AND objoid = (SELECT oid FROM pg_catalog.pg_class WHERE relname = 'synced_contacts' AND relnamespace = (SELECT oid FROM pg_catalog.pg_namespace WHERE nspname = CURRENT_SCHEMA()))

2025/12/24 04:19:39 [32m/Users/louislawrence/Music/apps/stack/lazervault-golang/database/migrations.go:164
[0m[33m[0.132ms] [34;1m[rows:0][0m SELECT description FROM pg_catalog.pg_description WHERE objsubid = (SELECT ordinal_position FROM information_schema.columns WHERE table_schema = CURRENT_SCHEMA() AND table_name = 'synced_contacts' AND column_name = 'is_lazer_vault_user') AND objoid = (SELECT oid FROM pg_catalog.pg_class WHERE relname = 'synced_contacts' AND relnamespace = (SELECT oid FROM pg_catalog.pg_namespace WHERE nspname = CURRENT_SCHEMA()))

2025/12/24 04:19:39 [32m/Users/louislawrence/Music/apps/stack/lazervault-golang/database/migrations.go:164
[0m[33m[0.181ms] [34;1m[rows:0][0m SELECT description FROM pg_catalog.pg_description WHERE objsubid = (SELECT ordinal_position FROM information_schema.columns WHERE table_schema = CURRENT_SCHEMA() AND table_name = 'synced_contacts' AND column_name = 'lazer_vault_user_id') AND objoid = (SELECT oid FROM pg_catalog.pg_class WHERE relname = 'synced_contacts' AND relnamespace = (SELECT oid FROM pg_catalog.pg_namespace WHERE nspname = CURRENT_SCHEMA()))

2025/12/24 04:19:39 [32m/Users/louislawrence/Music/apps/stack/lazervault-golang/database/migrations.go:164
[0m[33m[0.364ms] [34;1m[rows:0][0m SELECT description FROM pg_catalog.pg_description WHERE objsubid = (SELECT ordinal_position FROM information_schema.columns WHERE table_schema = CURRENT_SCHEMA() AND table_name = 'synced_contacts' AND column_name = 'last_synced_at') AND objoid = (SELECT oid FROM pg_catalog.pg_class WHERE relname = 'synced_contacts' AND relnamespace = (SELECT oid FROM pg_catalog.pg_namespace WHERE nspname = CURRENT_SCHEMA()))

2025/12/24 04:19:39 [32m/Users/louislawrence/Music/apps/stack/lazervault-golang/database/migrations.go:164
[0m[33m[0.340ms] [34;1m[rows:1][0m SELECT count(*) FROM INFORMATION_SCHEMA.table_constraints WHERE table_schema = CURRENT_SCHEMA() AND table_name = 'synced_contacts' AND constraint_name = 'fk_synced_contacts_user'

2025/12/24 04:19:39 [32m/Users/louislawrence/Music/apps/stack/lazervault-golang/database/migrations.go:164
[0m[33m[0.256ms] [34;1m[rows:1][0m SELECT count(*) FROM INFORMATION_SCHEMA.table_constraints WHERE table_schema = CURRENT_SCHEMA() AND table_name = 'synced_contacts' AND constraint_name = 'fk_synced_contacts_lazer_vault_user'

2025/12/24 04:19:39 [32m/Users/louislawrence/Music/apps/stack/lazervault-golang/database/migrations.go:164
[0m[33m[0.170ms] [34;1m[rows:1][0m SELECT count(*) FROM pg_indexes WHERE tablename = 'synced_contacts' AND indexname = 'idx_synced_contacts_is_lazer_vault_user' AND schemaname = CURRENT_SCHEMA()

2025/12/24 04:19:39 [32m/Users/louislawrence/Music/apps/stack/lazervault-golang/database/migrations.go:164
[0m[33m[0.132ms] [34;1m[rows:1][0m SELECT count(*) FROM pg_indexes WHERE tablename = 'synced_contacts' AND indexname = 'idx_synced_contacts_lazer_vault_user_id' AND schemaname = CURRENT_SCHEMA()

2025/12/24 04:19:39 [32m/Users/louislawrence/Music/apps/stack/lazervault-golang/database/migrations.go:164
[0m[33m[0.106ms] [34;1m[rows:1][0m SELECT count(*) FROM pg_indexes WHERE tablename = 'synced_contacts' AND indexname = 'idx_synced_contacts_deleted_at' AND schemaname = CURRENT_SCHEMA()

2025/12/24 04:19:39 [32m/Users/louislawrence/Music/apps/stack/lazervault-golang/database/migrations.go:164
[0m[33m[0.097ms] [34;1m[rows:1][0m SELECT count(*) FROM pg_indexes WHERE tablename = 'synced_contacts' AND indexname = 'idx_user_contacts' AND schemaname = CURRENT_SCHEMA()

2025/12/24 04:19:39 [32m/Users/louislawrence/Music/apps/stack/lazervault-golang/database/migrations.go:164
[0m[33m[0.096ms] [34;1m[rows:1][0m SELECT count(*) FROM pg_indexes WHERE tablename = 'synced_contacts' AND indexname = 'idx_contact_search' AND schemaname = CURRENT_SCHEMA()

2025/12/24 04:19:39 [32m/Users/louislawrence/Music/apps/stack/lazervault-golang/database/migrations.go:164
[0m[33m[0.192ms] [34;1m[rows:1][0m SELECT count(*) FROM pg_indexes WHERE tablename = 'synced_contacts' AND indexname = 'idx_synced_contacts_device_contact_id' AND schemaname = CURRENT_SCHEMA()

2025/12/24 04:19:39 [32m/Users/louislawrence/Music/apps/stack/lazervault-golang/database/migrations.go:164
[0m[33m[0.127ms] [34;1m[rows:1][0m SELECT count(*) FROM information_schema.tables WHERE table_schema = CURRENT_SCHEMA() AND table_name = 'sync_preferences' AND table_type = 'BASE TABLE'

2025/12/24 04:19:39 [32m/Users/louislawrence/Music/apps/stack/lazervault-golang/database/migrations.go:164
[0m[33m[0.077ms] [34;1m[rows:1][0m SELECT CURRENT_DATABASE()

2025/12/24 04:19:39 [32m/Users/louislawrence/Music/apps/stack/lazervault-golang/database/migrations.go:164
[0m[33m[1.031ms] [34;1m[rows:-][0m SELECT c.column_name, c.is_nullable = 'YES', c.udt_name, c.character_maximum_length, c.numeric_precision, c.numeric_precision_radix, c.numeric_scale, c.datetime_precision, 8 * typlen, c.column_default, pd.description, c.identity_increment FROM information_schema.columns AS c JOIN pg_type AS pgt ON c.udt_name = pgt.typname LEFT JOIN pg_catalog.pg_description as pd ON pd.objsubid = c.ordinal_position AND pd.objoid = (SELECT oid FROM pg_catalog.pg_class WHERE relname = c.table_name AND relnamespace = (SELECT oid FROM pg_catalog.pg_namespace WHERE nspname = c.table_schema)) where table_catalog = 'postgres' AND table_schema = CURRENT_SCHEMA() AND table_name = 'sync_preferences'

2025/12/24 04:19:39 [32m/Users/louislawrence/Music/apps/stack/lazervault-golang/database/migrations.go:164
[0m[33m[0.487ms] [34;1m[rows:-][0m SELECT * FROM "sync_preferences" LIMIT 5

2025/12/24 04:19:39 [32m/Users/louislawrence/Music/apps/stack/lazervault-golang/database/migrations.go:164
[0m[33m[1.601ms] [34;1m[rows:-][0m SELECT constraint_name FROM information_schema.table_constraints tc JOIN information_schema.constraint_column_usage AS ccu USING (constraint_schema, constraint_catalog, table_name, constraint_name) JOIN information_schema.columns AS c ON c.table_schema = tc.constraint_schema AND tc.table_name = c.table_name AND ccu.column_name = c.column_name WHERE constraint_type IN ('PRIMARY KEY', 'UNIQUE') AND c.table_catalog = 'postgres' AND c.table_schema = CURRENT_SCHEMA() AND c.table_name = 'sync_preferences' AND constraint_type = 'UNIQUE'

2025/12/24 04:19:39 [32m/Users/louislawrence/Music/apps/stack/lazervault-golang/database/migrations.go:164
[0m[33m[1.571ms] [34;1m[rows:-][0m SELECT c.column_name, constraint_name, constraint_type FROM information_schema.table_constraints tc JOIN information_schema.constraint_column_usage AS ccu USING (constraint_schema, constraint_catalog, table_name, constraint_name) JOIN information_schema.columns AS c ON c.table_schema = tc.constraint_schema AND tc.table_name = c.table_name AND ccu.column_name = c.column_name WHERE constraint_type IN ('PRIMARY KEY', 'UNIQUE') AND c.table_catalog = 'postgres' AND c.table_schema = CURRENT_SCHEMA() AND c.table_name = 'sync_preferences'

2025/12/24 04:19:39 [32m/Users/louislawrence/Music/apps/stack/lazervault-golang/database/migrations.go:164
[0m[33m[0.289ms] [34;1m[rows:-][0m SELECT a.attname as column_name, format_type(a.atttypid, a.atttypmod) AS data_type
		FROM pg_attribute a JOIN pg_class b ON a.attrelid = b.oid AND relnamespace = (SELECT oid FROM pg_catalog.pg_namespace WHERE nspname = CURRENT_SCHEMA())
		WHERE a.attnum > 0 -- hide internal columns
		AND NOT a.attisdropped -- hide deleted columns
		AND b.relname = 'sync_preferences'

2025/12/24 04:19:39 [32m/Users/louislawrence/Music/apps/stack/lazervault-golang/database/migrations.go:164
[0m[33m[0.279ms] [34;1m[rows:0][0m SELECT description FROM pg_catalog.pg_description WHERE objsubid = (SELECT ordinal_position FROM information_schema.columns WHERE table_schema = CURRENT_SCHEMA() AND table_name = 'sync_preferences' AND column_name = 'id') AND objoid = (SELECT oid FROM pg_catalog.pg_class WHERE relname = 'sync_preferences' AND relnamespace = (SELECT oid FROM pg_catalog.pg_namespace WHERE nspname = CURRENT_SCHEMA()))

2025/12/24 04:19:39 [32m/Users/louislawrence/Music/apps/stack/lazervault-golang/database/migrations.go:164
[0m[33m[0.279ms] [34;1m[rows:0][0m SELECT description FROM pg_catalog.pg_description WHERE objsubid = (SELECT ordinal_position FROM information_schema.columns WHERE table_schema = CURRENT_SCHEMA() AND table_name = 'sync_preferences' AND column_name = 'created_at') AND objoid = (SELECT oid FROM pg_catalog.pg_class WHERE relname = 'sync_preferences' AND relnamespace = (SELECT oid FROM pg_catalog.pg_namespace WHERE nspname = CURRENT_SCHEMA()))

2025/12/24 04:19:39 [32m/Users/louislawrence/Music/apps/stack/lazervault-golang/database/migrations.go:164
[0m[33m[0.222ms] [34;1m[rows:0][0m SELECT description FROM pg_catalog.pg_description WHERE objsubid = (SELECT ordinal_position FROM information_schema.columns WHERE table_schema = CURRENT_SCHEMA() AND table_name = 'sync_preferences' AND column_name = 'updated_at') AND objoid = (SELECT oid FROM pg_catalog.pg_class WHERE relname = 'sync_preferences' AND relnamespace = (SELECT oid FROM pg_catalog.pg_namespace WHERE nspname = CURRENT_SCHEMA()))

2025/12/24 04:19:39 [32m/Users/louislawrence/Music/apps/stack/lazervault-golang/database/migrations.go:164
[0m[33m[0.317ms] [34;1m[rows:0][0m SELECT description FROM pg_catalog.pg_description WHERE objsubid = (SELECT ordinal_position FROM information_schema.columns WHERE table_schema = CURRENT_SCHEMA() AND table_name = 'sync_preferences' AND column_name = 'deleted_at') AND objoid = (SELECT oid FROM pg_catalog.pg_class WHERE relname = 'sync_preferences' AND relnamespace = (SELECT oid FROM pg_catalog.pg_namespace WHERE nspname = CURRENT_SCHEMA()))

2025/12/24 04:19:39 [32m/Users/louislawrence/Music/apps/stack/lazervault-golang/database/migrations.go:164
[0m[33m[0.233ms] [34;1m[rows:0][0m SELECT description FROM pg_catalog.pg_description WHERE objsubid = (SELECT ordinal_position FROM information_schema.columns WHERE table_schema = CURRENT_SCHEMA() AND table_name = 'sync_preferences' AND column_name = 'user_id') AND objoid = (SELECT oid FROM pg_catalog.pg_class WHERE relname = 'sync_preferences' AND relnamespace = (SELECT oid FROM pg_catalog.pg_namespace WHERE nspname = CURRENT_SCHEMA()))

2025/12/24 04:19:39 [32m/Users/louislawrence/Music/apps/stack/lazervault-golang/database/migrations.go:164
[0m[33m[0.255ms] [34;1m[rows:0][0m SELECT description FROM pg_catalog.pg_description WHERE objsubid = (SELECT ordinal_position FROM information_schema.columns WHERE table_schema = CURRENT_SCHEMA() AND table_name = 'sync_preferences' AND column_name = 'auto_sync_enabled') AND objoid = (SELECT oid FROM pg_catalog.pg_class WHERE relname = 'sync_preferences' AND relnamespace = (SELECT oid FROM pg_catalog.pg_namespace WHERE nspname = CURRENT_SCHEMA()))

2025/12/24 04:19:39 [32m/Users/louislawrence/Music/apps/stack/lazervault-golang/database/migrations.go:164
[0m[33m[0.256ms] [34;1m[rows:0][0m SELECT description FROM pg_catalog.pg_description WHERE objsubid = (SELECT ordinal_position FROM information_schema.columns WHERE table_schema = CURRENT_SCHEMA() AND table_name = 'sync_preferences' AND column_name = 'sync_frequency') AND objoid = (SELECT oid FROM pg_catalog.pg_class WHERE relname = 'sync_preferences' AND relnamespace = (SELECT oid FROM pg_catalog.pg_namespace WHERE nspname = CURRENT_SCHEMA()))

2025/12/24 04:19:39 [32m/Users/louislawrence/Music/apps/stack/lazervault-golang/database/migrations.go:164
[0m[33m[0.235ms] [34;1m[rows:0][0m SELECT description FROM pg_catalog.pg_description WHERE objsubid = (SELECT ordinal_position FROM information_schema.columns WHERE table_schema = CURRENT_SCHEMA() AND table_name = 'sync_preferences' AND column_name = 'match_with_users') AND objoid = (SELECT oid FROM pg_catalog.pg_class WHERE relname = 'sync_preferences' AND relnamespace = (SELECT oid FROM pg_catalog.pg_namespace WHERE nspname = CURRENT_SCHEMA()))

2025/12/24 04:19:39 [32m/Users/louislawrence/Music/apps/stack/lazervault-golang/database/migrations.go:164
[0m[33m[0.280ms] [34;1m[rows:0][0m SELECT description FROM pg_catalog.pg_description WHERE objsubid = (SELECT ordinal_position FROM information_schema.columns WHERE table_schema = CURRENT_SCHEMA() AND table_name = 'sync_preferences' AND column_name = 'sync_photos') AND objoid = (SELECT oid FROM pg_catalog.pg_class WHERE relname = 'sync_preferences' AND relnamespace = (SELECT oid FROM pg_catalog.pg_namespace WHERE nspname = CURRENT_SCHEMA()))

2025/12/24 04:19:39 [32m/Users/louislawrence/Music/apps/stack/lazervault-golang/database/migrations.go:164
[0m[33m[0.359ms] [34;1m[rows:0][0m SELECT description FROM pg_catalog.pg_description WHERE objsubid = (SELECT ordinal_position FROM information_schema.columns WHERE table_schema = CURRENT_SCHEMA() AND table_name = 'sync_preferences' AND column_name = 'last_sync_at') AND objoid = (SELECT oid FROM pg_catalog.pg_class WHERE relname = 'sync_preferences' AND relnamespace = (SELECT oid FROM pg_catalog.pg_namespace WHERE nspname = CURRENT_SCHEMA()))

2025/12/24 04:19:39 [32m/Users/louislawrence/Music/apps/stack/lazervault-golang/database/migrations.go:164
[0m[33m[0.352ms] [34;1m[rows:0][0m SELECT description FROM pg_catalog.pg_description WHERE objsubid = (SELECT ordinal_position FROM information_schema.columns WHERE table_schema = CURRENT_SCHEMA() AND table_name = 'sync_preferences' AND column_name = 'total_synced_contacts') AND objoid = (SELECT oid FROM pg_catalog.pg_class WHERE relname = 'sync_preferences' AND relnamespace = (SELECT oid FROM pg_catalog.pg_namespace WHERE nspname = CURRENT_SCHEMA()))

2025/12/24 04:19:39 [32m/Users/louislawrence/Music/apps/stack/lazervault-golang/database/migrations.go:164
[0m[33m[0.205ms] [34;1m[rows:0][0m SELECT description FROM pg_catalog.pg_description WHERE objsubid = (SELECT ordinal_position FROM information_schema.columns WHERE table_schema = CURRENT_SCHEMA() AND table_name = 'sync_preferences' AND column_name = 'total_matched_users') AND objoid = (SELECT oid FROM pg_catalog.pg_class WHERE relname = 'sync_preferences' AND relnamespace = (SELECT oid FROM pg_catalog.pg_namespace WHERE nspname = CURRENT_SCHEMA()))

2025/12/24 04:19:39 [32m/Users/louislawrence/Music/apps/stack/lazervault-golang/database/migrations.go:164
[0m[33m[0.190ms] [34;1m[rows:1][0m SELECT count(*) FROM INFORMATION_SCHEMA.table_constraints WHERE table_schema = CURRENT_SCHEMA() AND table_name = 'sync_preferences' AND constraint_name = 'fk_sync_preferences_user'

2025/12/24 04:19:39 [32m/Users/louislawrence/Music/apps/stack/lazervault-golang/database/migrations.go:164
[0m[33m[0.171ms] [34;1m[rows:1][0m SELECT count(*) FROM pg_indexes WHERE tablename = 'sync_preferences' AND indexname = 'idx_sync_preferences_last_sync_at' AND schemaname = CURRENT_SCHEMA()

2025/12/24 04:19:39 [32m/Users/louislawrence/Music/apps/stack/lazervault-golang/database/migrations.go:164
[0m[33m[0.164ms] [34;1m[rows:1][0m SELECT count(*) FROM pg_indexes WHERE tablename = 'sync_preferences' AND indexname = 'idx_sync_preferences_deleted_at' AND schemaname = CURRENT_SCHEMA()

2025/12/24 04:19:39 [32m/Users/louislawrence/Music/apps/stack/lazervault-golang/database/migrations.go:164
[0m[33m[0.232ms] [34;1m[rows:1][0m SELECT count(*) FROM pg_indexes WHERE tablename = 'sync_preferences' AND indexname = 'idx_sync_preferences_user_id' AND schemaname = CURRENT_SCHEMA()

2025/12/24 04:19:39 [32m/Users/louislawrence/Music/apps/stack/lazervault-golang/database/migrations.go:164
[0m[33m[0.157ms] [34;1m[rows:1][0m SELECT count(*) FROM information_schema.tables WHERE table_schema = CURRENT_SCHEMA() AND table_name = 'expenses' AND table_type = 'BASE TABLE'

2025/12/24 04:19:39 [32m/Users/louislawrence/Music/apps/stack/lazervault-golang/database/migrations.go:164
[0m[33m[0.077ms] [34;1m[rows:1][0m SELECT CURRENT_DATABASE()

2025/12/24 04:19:39 [32m/Users/louislawrence/Music/apps/stack/lazervault-golang/database/migrations.go:164
[0m[33m[1.538ms] [34;1m[rows:-][0m SELECT c.column_name, c.is_nullable = 'YES', c.udt_name, c.character_maximum_length, c.numeric_precision, c.numeric_precision_radix, c.numeric_scale, c.datetime_precision, 8 * typlen, c.column_default, pd.description, c.identity_increment FROM information_schema.columns AS c JOIN pg_type AS pgt ON c.udt_name = pgt.typname LEFT JOIN pg_catalog.pg_description as pd ON pd.objsubid = c.ordinal_position AND pd.objoid = (SELECT oid FROM pg_catalog.pg_class WHERE relname = c.table_name AND relnamespace = (SELECT oid FROM pg_catalog.pg_namespace WHERE nspname = c.table_schema)) where table_catalog = 'postgres' AND table_schema = CURRENT_SCHEMA() AND table_name = 'expenses'

2025/12/24 04:19:39 [32m/Users/louislawrence/Music/apps/stack/lazervault-golang/database/migrations.go:164
[0m[33m[1.274ms] [34;1m[rows:-][0m SELECT * FROM "expenses" LIMIT 5

2025/12/24 04:19:39 [32m/Users/louislawrence/Music/apps/stack/lazervault-golang/database/migrations.go:164
[0m[33m[3.612ms] [34;1m[rows:-][0m SELECT constraint_name FROM information_schema.table_constraints tc JOIN information_schema.constraint_column_usage AS ccu USING (constraint_schema, constraint_catalog, table_name, constraint_name) JOIN information_schema.columns AS c ON c.table_schema = tc.constraint_schema AND tc.table_name = c.table_name AND ccu.column_name = c.column_name WHERE constraint_type IN ('PRIMARY KEY', 'UNIQUE') AND c.table_catalog = 'postgres' AND c.table_schema = CURRENT_SCHEMA() AND c.table_name = 'expenses' AND constraint_type = 'UNIQUE'

2025/12/24 04:19:39 [32m/Users/louislawrence/Music/apps/stack/lazervault-golang/database/migrations.go:164
[0m[33m[4.042ms] [34;1m[rows:-][0m SELECT c.column_name, constraint_name, constraint_type FROM information_schema.table_constraints tc JOIN information_schema.constraint_column_usage AS ccu USING (constraint_schema, constraint_catalog, table_name, constraint_name) JOIN information_schema.columns AS c ON c.table_schema = tc.constraint_schema AND tc.table_name = c.table_name AND ccu.column_name = c.column_name WHERE constraint_type IN ('PRIMARY KEY', 'UNIQUE') AND c.table_catalog = 'postgres' AND c.table_schema = CURRENT_SCHEMA() AND c.table_name = 'expenses'

2025/12/24 04:19:39 [32m/Users/louislawrence/Music/apps/stack/lazervault-golang/database/migrations.go:164
[0m[33m[0.186ms] [34;1m[rows:-][0m SELECT a.attname as column_name, format_type(a.atttypid, a.atttypmod) AS data_type
		FROM pg_attribute a JOIN pg_class b ON a.attrelid = b.oid AND relnamespace = (SELECT oid FROM pg_catalog.pg_namespace WHERE nspname = CURRENT_SCHEMA())
		WHERE a.attnum > 0 -- hide internal columns
		AND NOT a.attisdropped -- hide deleted columns
		AND b.relname = 'expenses'

2025/12/24 04:19:39 [32m/Users/louislawrence/Music/apps/stack/lazervault-golang/database/migrations.go:164
[0m[33m[0.393ms] [34;1m[rows:0][0m SELECT description FROM pg_catalog.pg_description WHERE objsubid = (SELECT ordinal_position FROM information_schema.columns WHERE table_schema = CURRENT_SCHEMA() AND table_name = 'expenses' AND column_name = 'id') AND objoid = (SELECT oid FROM pg_catalog.pg_class WHERE relname = 'expenses' AND relnamespace = (SELECT oid FROM pg_catalog.pg_namespace WHERE nspname = CURRENT_SCHEMA()))

2025/12/24 04:19:39 [32m/Users/louislawrence/Music/apps/stack/lazervault-golang/database/migrations.go:164
[0m[33m[0.333ms] [34;1m[rows:0][0m SELECT description FROM pg_catalog.pg_description WHERE objsubid = (SELECT ordinal_position FROM information_schema.columns WHERE table_schema = CURRENT_SCHEMA() AND table_name = 'expenses' AND column_name = 'user_id') AND objoid = (SELECT oid FROM pg_catalog.pg_class WHERE relname = 'expenses' AND relnamespace = (SELECT oid FROM pg_catalog.pg_namespace WHERE nspname = CURRENT_SCHEMA()))

2025/12/24 04:19:39 [32m/Users/louislawrence/Music/apps/stack/lazervault-golang/database/migrations.go:164
[0m[33m[0.396ms] [34;1m[rows:0][0m SELECT description FROM pg_catalog.pg_description WHERE objsubid = (SELECT ordinal_position FROM information_schema.columns WHERE table_schema = CURRENT_SCHEMA() AND table_name = 'expenses' AND column_name = 'account_id') AND objoid = (SELECT oid FROM pg_catalog.pg_class WHERE relname = 'expenses' AND relnamespace = (SELECT oid FROM pg_catalog.pg_namespace WHERE nspname = CURRENT_SCHEMA()))

2025/12/24 04:19:39 [32m/Users/louislawrence/Music/apps/stack/lazervault-golang/database/migrations.go:164
[0m[33m[0.250ms] [34;1m[rows:0][0m SELECT description FROM pg_catalog.pg_description WHERE objsubid = (SELECT ordinal_position FROM information_schema.columns WHERE table_schema = CURRENT_SCHEMA() AND table_name = 'expenses' AND column_name = 'amount') AND objoid = (SELECT oid FROM pg_catalog.pg_class WHERE relname = 'expenses' AND relnamespace = (SELECT oid FROM pg_catalog.pg_namespace WHERE nspname = CURRENT_SCHEMA()))

2025/12/24 04:19:39 [32m/Users/louislawrence/Music/apps/stack/lazervault-golang/database/migrations.go:164
[0m[33m[0.333ms] [34;1m[rows:0][0m SELECT description FROM pg_catalog.pg_description WHERE objsubid = (SELECT ordinal_position FROM information_schema.columns WHERE table_schema = CURRENT_SCHEMA() AND table_name = 'expenses' AND column_name = 'currency') AND objoid = (SELECT oid FROM pg_catalog.pg_class WHERE relname = 'expenses' AND relnamespace = (SELECT oid FROM pg_catalog.pg_namespace WHERE nspname = CURRENT_SCHEMA()))

2025/12/24 04:19:39 [32m/Users/louislawrence/Music/apps/stack/lazervault-golang/database/migrations.go:164
[0m[33m[0.250ms] [34;1m[rows:0][0m SELECT description FROM pg_catalog.pg_description WHERE objsubid = (SELECT ordinal_position FROM information_schema.columns WHERE table_schema = CURRENT_SCHEMA() AND table_name = 'expenses' AND column_name = 'category') AND objoid = (SELECT oid FROM pg_catalog.pg_class WHERE relname = 'expenses' AND relnamespace = (SELECT oid FROM pg_catalog.pg_namespace WHERE nspname = CURRENT_SCHEMA()))

2025/12/24 04:19:39 [32m/Users/louislawrence/Music/apps/stack/lazervault-golang/database/migrations.go:164
[0m[33m[0.544ms] [34;1m[rows:0][0m SELECT description FROM pg_catalog.pg_description WHERE objsubid = (SELECT ordinal_position FROM information_schema.columns WHERE table_schema = CURRENT_SCHEMA() AND table_name = 'expenses' AND column_name = 'subcategory') AND objoid = (SELECT oid FROM pg_catalog.pg_class WHERE relname = 'expenses' AND relnamespace = (SELECT oid FROM pg_catalog.pg_namespace WHERE nspname = CURRENT_SCHEMA()))

2025/12/24 04:19:39 [32m/Users/louislawrence/Music/apps/stack/lazervault-golang/database/migrations.go:164
[0m[33m[0.271ms] [34;1m[rows:0][0m SELECT description FROM pg_catalog.pg_description WHERE objsubid = (SELECT ordinal_position FROM information_schema.columns WHERE table_schema = CURRENT_SCHEMA() AND table_name = 'expenses' AND column_name = 'description') AND objoid = (SELECT oid FROM pg_catalog.pg_class WHERE relname = 'expenses' AND relnamespace = (SELECT oid FROM pg_catalog.pg_namespace WHERE nspname = CURRENT_SCHEMA()))

2025/12/24 04:19:39 [32m/Users/louislawrence/Music/apps/stack/lazervault-golang/database/migrations.go:164
[0m[33m[0.297ms] [34;1m[rows:0][0m SELECT description FROM pg_catalog.pg_description WHERE objsubid = (SELECT ordinal_position FROM information_schema.columns WHERE table_schema = CURRENT_SCHEMA() AND table_name = 'expenses' AND column_name = 'merchant') AND objoid = (SELECT oid FROM pg_catalog.pg_class WHERE relname = 'expenses' AND relnamespace = (SELECT oid FROM pg_catalog.pg_namespace WHERE nspname = CURRENT_SCHEMA()))

2025/12/24 04:19:39 [32m/Users/louislawrence/Music/apps/stack/lazervault-golang/database/migrations.go:164
[0m[33m[0.278ms] [34;1m[rows:0][0m SELECT description FROM pg_catalog.pg_description WHERE objsubid = (SELECT ordinal_position FROM information_schema.columns WHERE table_schema = CURRENT_SCHEMA() AND table_name = 'expenses' AND column_name = 'transaction_date') AND objoid = (SELECT oid FROM pg_catalog.pg_class WHERE relname = 'expenses' AND relnamespace = (SELECT oid FROM pg_catalog.pg_namespace WHERE nspname = CURRENT_SCHEMA()))

2025/12/24 04:19:39 [32m/Users/louislawrence/Music/apps/stack/lazervault-golang/database/migrations.go:164
[0m[33m[0.247ms] [34;1m[rows:0][0m SELECT description FROM pg_catalog.pg_description WHERE objsubid = (SELECT ordinal_position FROM information_schema.columns WHERE table_schema = CURRENT_SCHEMA() AND table_name = 'expenses' AND column_name = 'payment_method') AND objoid = (SELECT oid FROM pg_catalog.pg_class WHERE relname = 'expenses' AND relnamespace = (SELECT oid FROM pg_catalog.pg_namespace WHERE nspname = CURRENT_SCHEMA()))

2025/12/24 04:19:39 [32m/Users/louislawrence/Music/apps/stack/lazervault-golang/database/migrations.go:164
[0m[33m[0.214ms] [34;1m[rows:0][0m SELECT description FROM pg_catalog.pg_description WHERE objsubid = (SELECT ordinal_position FROM information_schema.columns WHERE table_schema = CURRENT_SCHEMA() AND table_name = 'expenses' AND column_name = 'receipt_url') AND objoid = (SELECT oid FROM pg_catalog.pg_class WHERE relname = 'expenses' AND relnamespace = (SELECT oid FROM pg_catalog.pg_namespace WHERE nspname = CURRENT_SCHEMA()))

2025/12/24 04:19:39 [32m/Users/louislawrence/Music/apps/stack/lazervault-golang/database/migrations.go:164
[0m[33m[0.248ms] [34;1m[rows:0][0m SELECT description FROM pg_catalog.pg_description WHERE objsubid = (SELECT ordinal_position FROM information_schema.columns WHERE table_schema = CURRENT_SCHEMA() AND table_name = 'expenses' AND column_name = 'tags') AND objoid = (SELECT oid FROM pg_catalog.pg_class WHERE relname = 'expenses' AND relnamespace = (SELECT oid FROM pg_catalog.pg_namespace WHERE nspname = CURRENT_SCHEMA()))

2025/12/24 04:19:39 [32m/Users/louislawrence/Music/apps/stack/lazervault-golang/database/migrations.go:164
[0m[33m[0.228ms] [34;1m[rows:0][0m SELECT description FROM pg_catalog.pg_description WHERE objsubid = (SELECT ordinal_position FROM information_schema.columns WHERE table_schema = CURRENT_SCHEMA() AND table_name = 'expenses' AND column_name = 'notes') AND objoid = (SELECT oid FROM pg_catalog.pg_class WHERE relname = 'expenses' AND relnamespace = (SELECT oid FROM pg_catalog.pg_namespace WHERE nspname = CURRENT_SCHEMA()))

2025/12/24 04:19:39 [32m/Users/louislawrence/Music/apps/stack/lazervault-golang/database/migrations.go:164
[0m[33m[0.220ms] [34;1m[rows:0][0m SELECT description FROM pg_catalog.pg_description WHERE objsubid = (SELECT ordinal_position FROM information_schema.columns WHERE table_schema = CURRENT_SCHEMA() AND table_name = 'expenses' AND column_name = 'is_recurring') AND objoid = (SELECT oid FROM pg_catalog.pg_class WHERE relname = 'expenses' AND relnamespace = (SELECT oid FROM pg_catalog.pg_namespace WHERE nspname = CURRENT_SCHEMA()))

2025/12/24 04:19:39 [32m/Users/louislawrence/Music/apps/stack/lazervault-golang/database/migrations.go:164
[0m[33m[0.223ms] [34;1m[rows:0][0m SELECT description FROM pg_catalog.pg_description WHERE objsubid = (SELECT ordinal_position FROM information_schema.columns WHERE table_schema = CURRENT_SCHEMA() AND table_name = 'expenses' AND column_name = 'recurrence_pattern') AND objoid = (SELECT oid FROM pg_catalog.pg_class WHERE relname = 'expenses' AND relnamespace = (SELECT oid FROM pg_catalog.pg_namespace WHERE nspname = CURRENT_SCHEMA()))

2025/12/24 04:19:39 [32m/Users/louislawrence/Music/apps/stack/lazervault-golang/database/migrations.go:164
[0m[33m[0.212ms] [34;1m[rows:0][0m SELECT description FROM pg_catalog.pg_description WHERE objsubid = (SELECT ordinal_position FROM information_schema.columns WHERE table_schema = CURRENT_SCHEMA() AND table_name = 'expenses' AND column_name = 'created_at') AND objoid = (SELECT oid FROM pg_catalog.pg_class WHERE relname = 'expenses' AND relnamespace = (SELECT oid FROM pg_catalog.pg_namespace WHERE nspname = CURRENT_SCHEMA()))

2025/12/24 04:19:39 [32m/Users/louislawrence/Music/apps/stack/lazervault-golang/database/migrations.go:164
[0m[33m[0.207ms] [34;1m[rows:0][0m SELECT description FROM pg_catalog.pg_description WHERE objsubid = (SELECT ordinal_position FROM information_schema.columns WHERE table_schema = CURRENT_SCHEMA() AND table_name = 'expenses' AND column_name = 'updated_at') AND objoid = (SELECT oid FROM pg_catalog.pg_class WHERE relname = 'expenses' AND relnamespace = (SELECT oid FROM pg_catalog.pg_namespace WHERE nspname = CURRENT_SCHEMA()))

2025/12/24 04:19:39 [32m/Users/louislawrence/Music/apps/stack/lazervault-golang/database/migrations.go:164
[0m[33m[0.217ms] [34;1m[rows:0][0m SELECT description FROM pg_catalog.pg_description WHERE objsubid = (SELECT ordinal_position FROM information_schema.columns WHERE table_schema = CURRENT_SCHEMA() AND table_name = 'expenses' AND column_name = 'deleted_at') AND objoid = (SELECT oid FROM pg_catalog.pg_class WHERE relname = 'expenses' AND relnamespace = (SELECT oid FROM pg_catalog.pg_namespace WHERE nspname = CURRENT_SCHEMA()))

2025/12/24 04:19:39 [32m/Users/louislawrence/Music/apps/stack/lazervault-golang/database/migrations.go:164
[0m[33m[0.236ms] [34;1m[rows:1][0m SELECT count(*) FROM INFORMATION_SCHEMA.table_constraints WHERE table_schema = CURRENT_SCHEMA() AND table_name = 'expenses' AND constraint_name = 'fk_expenses_user'

2025/12/24 04:19:39 [32m/Users/louislawrence/Music/apps/stack/lazervault-golang/database/migrations.go:164
[0m[33m[0.168ms] [34;1m[rows:1][0m SELECT count(*) FROM pg_indexes WHERE tablename = 'expenses' AND indexname = 'idx_expense_user' AND schemaname = CURRENT_SCHEMA()

2025/12/24 04:19:39 [32m/Users/louislawrence/Music/apps/stack/lazervault-golang/database/migrations.go:164
[0m[33m[0.157ms] [34;1m[rows:1][0m SELECT count(*) FROM pg_indexes WHERE tablename = 'expenses' AND indexname = 'idx_expense_account' AND schemaname = CURRENT_SCHEMA()

2025/12/24 04:19:39 [32m/Users/louislawrence/Music/apps/stack/lazervault-golang/database/migrations.go:164
[0m[33m[0.143ms] [34;1m[rows:1][0m SELECT count(*) FROM pg_indexes WHERE tablename = 'expenses' AND indexname = 'idx_expense_category' AND schemaname = CURRENT_SCHEMA()

2025/12/24 04:19:39 [32m/Users/louislawrence/Music/apps/stack/lazervault-golang/database/migrations.go:164
[0m[33m[0.162ms] [34;1m[rows:1][0m SELECT count(*) FROM pg_indexes WHERE tablename = 'expenses' AND indexname = 'idx_expense_merchant' AND schemaname = CURRENT_SCHEMA()

2025/12/24 04:19:39 [32m/Users/louislawrence/Music/apps/stack/lazervault-golang/database/migrations.go:164
[0m[33m[0.145ms] [34;1m[rows:1][0m SELECT count(*) FROM pg_indexes WHERE tablename = 'expenses' AND indexname = 'idx_expense_transaction_date' AND schemaname = CURRENT_SCHEMA()

2025/12/24 04:19:39 [32m/Users/louislawrence/Music/apps/stack/lazervault-golang/database/migrations.go:164
[0m[33m[0.166ms] [34;1m[rows:1][0m SELECT count(*) FROM pg_indexes WHERE tablename = 'expenses' AND indexname = 'idx_expenses_deleted_at' AND schemaname = CURRENT_SCHEMA()

2025/12/24 04:19:39 [32m/Users/louislawrence/Music/apps/stack/lazervault-golang/database/migrations.go:164
[0m[33m[0.209ms] [34;1m[rows:1][0m SELECT count(*) FROM information_schema.tables WHERE table_schema = CURRENT_SCHEMA() AND table_name = 'budgets' AND table_type = 'BASE TABLE'

2025/12/24 04:19:39 [32m/Users/louislawrence/Music/apps/stack/lazervault-golang/database/migrations.go:164
[0m[33m[0.150ms] [34;1m[rows:1][0m SELECT CURRENT_DATABASE()

2025/12/24 04:19:39 [32m/Users/louislawrence/Music/apps/stack/lazervault-golang/database/migrations.go:164
[0m[33m[1.482ms] [34;1m[rows:-][0m SELECT c.column_name, c.is_nullable = 'YES', c.udt_name, c.character_maximum_length, c.numeric_precision, c.numeric_precision_radix, c.numeric_scale, c.datetime_precision, 8 * typlen, c.column_default, pd.description, c.identity_increment FROM information_schema.columns AS c JOIN pg_type AS pgt ON c.udt_name = pgt.typname LEFT JOIN pg_catalog.pg_description as pd ON pd.objsubid = c.ordinal_position AND pd.objoid = (SELECT oid FROM pg_catalog.pg_class WHERE relname = c.table_name AND relnamespace = (SELECT oid FROM pg_catalog.pg_namespace WHERE nspname = c.table_schema)) where table_catalog = 'postgres' AND table_schema = CURRENT_SCHEMA() AND table_name = 'budgets'

2025/12/24 04:19:39 [32m/Users/louislawrence/Music/apps/stack/lazervault-golang/database/migrations.go:164
[0m[33m[1.321ms] [34;1m[rows:-][0m SELECT * FROM "budgets" LIMIT 5

2025/12/24 04:19:39 [32m/Users/louislawrence/Music/apps/stack/lazervault-golang/database/migrations.go:164
[0m[33m[2.920ms] [34;1m[rows:-][0m SELECT constraint_name FROM information_schema.table_constraints tc JOIN information_schema.constraint_column_usage AS ccu USING (constraint_schema, constraint_catalog, table_name, constraint_name) JOIN information_schema.columns AS c ON c.table_schema = tc.constraint_schema AND tc.table_name = c.table_name AND ccu.column_name = c.column_name WHERE constraint_type IN ('PRIMARY KEY', 'UNIQUE') AND c.table_catalog = 'postgres' AND c.table_schema = CURRENT_SCHEMA() AND c.table_name = 'budgets' AND constraint_type = 'UNIQUE'

2025/12/24 04:19:39 [32m/Users/louislawrence/Music/apps/stack/lazervault-golang/database/migrations.go:164
[0m[33m[3.940ms] [34;1m[rows:-][0m SELECT c.column_name, constraint_name, constraint_type FROM information_schema.table_constraints tc JOIN information_schema.constraint_column_usage AS ccu USING (constraint_schema, constraint_catalog, table_name, constraint_name) JOIN information_schema.columns AS c ON c.table_schema = tc.constraint_schema AND tc.table_name = c.table_name AND ccu.column_name = c.column_name WHERE constraint_type IN ('PRIMARY KEY', 'UNIQUE') AND c.table_catalog = 'postgres' AND c.table_schema = CURRENT_SCHEMA() AND c.table_name = 'budgets'

2025/12/24 04:19:39 [32m/Users/louislawrence/Music/apps/stack/lazervault-golang/database/migrations.go:164
[0m[33m[0.310ms] [34;1m[rows:-][0m SELECT a.attname as column_name, format_type(a.atttypid, a.atttypmod) AS data_type
		FROM pg_attribute a JOIN pg_class b ON a.attrelid = b.oid AND relnamespace = (SELECT oid FROM pg_catalog.pg_namespace WHERE nspname = CURRENT_SCHEMA())
		WHERE a.attnum > 0 -- hide internal columns
		AND NOT a.attisdropped -- hide deleted columns
		AND b.relname = 'budgets'

2025/12/24 04:19:39 [32m/Users/louislawrence/Music/apps/stack/lazervault-golang/database/migrations.go:164
[0m[33m[0.449ms] [34;1m[rows:0][0m SELECT description FROM pg_catalog.pg_description WHERE objsubid = (SELECT ordinal_position FROM information_schema.columns WHERE table_schema = CURRENT_SCHEMA() AND table_name = 'budgets' AND column_name = 'id') AND objoid = (SELECT oid FROM pg_catalog.pg_class WHERE relname = 'budgets' AND relnamespace = (SELECT oid FROM pg_catalog.pg_namespace WHERE nspname = CURRENT_SCHEMA()))

2025/12/24 04:19:39 [32m/Users/louislawrence/Music/apps/stack/lazervault-golang/database/migrations.go:164
[0m[33m[0.274ms] [34;1m[rows:0][0m SELECT description FROM pg_catalog.pg_description WHERE objsubid = (SELECT ordinal_position FROM information_schema.columns WHERE table_schema = CURRENT_SCHEMA() AND table_name = 'budgets' AND column_name = 'user_id') AND objoid = (SELECT oid FROM pg_catalog.pg_class WHERE relname = 'budgets' AND relnamespace = (SELECT oid FROM pg_catalog.pg_namespace WHERE nspname = CURRENT_SCHEMA()))

2025/12/24 04:19:39 [32m/Users/louislawrence/Music/apps/stack/lazervault-golang/database/migrations.go:164
[0m[33m[0.262ms] [34;1m[rows:0][0m SELECT description FROM pg_catalog.pg_description WHERE objsubid = (SELECT ordinal_position FROM information_schema.columns WHERE table_schema = CURRENT_SCHEMA() AND table_name = 'budgets' AND column_name = 'name') AND objoid = (SELECT oid FROM pg_catalog.pg_class WHERE relname = 'budgets' AND relnamespace = (SELECT oid FROM pg_catalog.pg_namespace WHERE nspname = CURRENT_SCHEMA()))

2025/12/24 04:19:39 [32m/Users/louislawrence/Music/apps/stack/lazervault-golang/database/migrations.go:164
[0m[33m[0.301ms] [34;1m[rows:0][0m SELECT description FROM pg_catalog.pg_description WHERE objsubid = (SELECT ordinal_position FROM information_schema.columns WHERE table_schema = CURRENT_SCHEMA() AND table_name = 'budgets' AND column_name = 'amount') AND objoid = (SELECT oid FROM pg_catalog.pg_class WHERE relname = 'budgets' AND relnamespace = (SELECT oid FROM pg_catalog.pg_namespace WHERE nspname = CURRENT_SCHEMA()))

2025/12/24 04:19:39 [32m/Users/louislawrence/Music/apps/stack/lazervault-golang/database/migrations.go:164
[0m[33m[0.253ms] [34;1m[rows:0][0m SELECT description FROM pg_catalog.pg_description WHERE objsubid = (SELECT ordinal_position FROM information_schema.columns WHERE table_schema = CURRENT_SCHEMA() AND table_name = 'budgets' AND column_name = 'currency') AND objoid = (SELECT oid FROM pg_catalog.pg_class WHERE relname = 'budgets' AND relnamespace = (SELECT oid FROM pg_catalog.pg_namespace WHERE nspname = CURRENT_SCHEMA()))

2025/12/24 04:19:39 [32m/Users/louislawrence/Music/apps/stack/lazervault-golang/database/migrations.go:164
[0m[33m[0.317ms] [34;1m[rows:0][0m SELECT description FROM pg_catalog.pg_description WHERE objsubid = (SELECT ordinal_position FROM information_schema.columns WHERE table_schema = CURRENT_SCHEMA() AND table_name = 'budgets' AND column_name = 'category') AND objoid = (SELECT oid FROM pg_catalog.pg_class WHERE relname = 'budgets' AND relnamespace = (SELECT oid FROM pg_catalog.pg_namespace WHERE nspname = CURRENT_SCHEMA()))

2025/12/24 04:19:39 [32m/Users/louislawrence/Music/apps/stack/lazervault-golang/database/migrations.go:164
[0m[33m[0.347ms] [34;1m[rows:0][0m SELECT description FROM pg_catalog.pg_description WHERE objsubid = (SELECT ordinal_position FROM information_schema.columns WHERE table_schema = CURRENT_SCHEMA() AND table_name = 'budgets' AND column_name = 'period') AND objoid = (SELECT oid FROM pg_catalog.pg_class WHERE relname = 'budgets' AND relnamespace = (SELECT oid FROM pg_catalog.pg_namespace WHERE nspname = CURRENT_SCHEMA()))

2025/12/24 04:19:39 [32m/Users/louislawrence/Music/apps/stack/lazervault-golang/database/migrations.go:164
[0m[33m[0.511ms] [34;1m[rows:0][0m SELECT description FROM pg_catalog.pg_description WHERE objsubid = (SELECT ordinal_position FROM information_schema.columns WHERE table_schema = CURRENT_SCHEMA() AND table_name = 'budgets' AND column_name = 'start_date') AND objoid = (SELECT oid FROM pg_catalog.pg_class WHERE relname = 'budgets' AND relnamespace = (SELECT oid FROM pg_catalog.pg_namespace WHERE nspname = CURRENT_SCHEMA()))

2025/12/24 04:19:39 [32m/Users/louislawrence/Music/apps/stack/lazervault-golang/database/migrations.go:164
[0m[33m[0.299ms] [34;1m[rows:0][0m SELECT description FROM pg_catalog.pg_description WHERE objsubid = (SELECT ordinal_position FROM information_schema.columns WHERE table_schema = CURRENT_SCHEMA() AND table_name = 'budgets' AND column_name = 'end_date') AND objoid = (SELECT oid FROM pg_catalog.pg_class WHERE relname = 'budgets' AND relnamespace = (SELECT oid FROM pg_catalog.pg_namespace WHERE nspname = CURRENT_SCHEMA()))

2025/12/24 04:19:39 [32m/Users/louislawrence/Music/apps/stack/lazervault-golang/database/migrations.go:164
[0m[33m[0.317ms] [34;1m[rows:0][0m SELECT description FROM pg_catalog.pg_description WHERE objsubid = (SELECT ordinal_position FROM information_schema.columns WHERE table_schema = CURRENT_SCHEMA() AND table_name = 'budgets' AND column_name = 'spent_amount') AND objoid = (SELECT oid FROM pg_catalog.pg_class WHERE relname = 'budgets' AND relnamespace = (SELECT oid FROM pg_catalog.pg_namespace WHERE nspname = CURRENT_SCHEMA()))

2025/12/24 04:19:39 [32m/Users/louislawrence/Music/apps/stack/lazervault-golang/database/migrations.go:164
[0m[33m[0.272ms] [34;1m[rows:0][0m SELECT description FROM pg_catalog.pg_description WHERE objsubid = (SELECT ordinal_position FROM information_schema.columns WHERE table_schema = CURRENT_SCHEMA() AND table_name = 'budgets' AND column_name = 'remaining_amount') AND objoid = (SELECT oid FROM pg_catalog.pg_class WHERE relname = 'budgets' AND relnamespace = (SELECT oid FROM pg_catalog.pg_namespace WHERE nspname = CURRENT_SCHEMA()))

2025/12/24 04:19:39 [32m/Users/louislawrence/Music/apps/stack/lazervault-golang/database/migrations.go:164
[0m[33m[0.351ms] [34;1m[rows:0][0m SELECT description FROM pg_catalog.pg_description WHERE objsubid = (SELECT ordinal_position FROM information_schema.columns WHERE table_schema = CURRENT_SCHEMA() AND table_name = 'budgets' AND column_name = 'percentage_used') AND objoid = (SELECT oid FROM pg_catalog.pg_class WHERE relname = 'budgets' AND relnamespace = (SELECT oid FROM pg_catalog.pg_namespace WHERE nspname = CURRENT_SCHEMA()))

2025/12/24 04:19:39 [32m/Users/louislawrence/Music/apps/stack/lazervault-golang/database/migrations.go:164
[0m[33m[0.279ms] [34;1m[rows:0][0m SELECT description FROM pg_catalog.pg_description WHERE objsubid = (SELECT ordinal_position FROM information_schema.columns WHERE table_schema = CURRENT_SCHEMA() AND table_name = 'budgets' AND column_name = 'status') AND objoid = (SELECT oid FROM pg_catalog.pg_class WHERE relname = 'budgets' AND relnamespace = (SELECT oid FROM pg_catalog.pg_namespace WHERE nspname = CURRENT_SCHEMA()))

2025/12/24 04:19:39 [32m/Users/louislawrence/Music/apps/stack/lazervault-golang/database/migrations.go:164
[0m[33m[0.244ms] [34;1m[rows:0][0m SELECT description FROM pg_catalog.pg_description WHERE objsubid = (SELECT ordinal_position FROM information_schema.columns WHERE table_schema = CURRENT_SCHEMA() AND table_name = 'budgets' AND column_name = 'enable_alerts') AND objoid = (SELECT oid FROM pg_catalog.pg_class WHERE relname = 'budgets' AND relnamespace = (SELECT oid FROM pg_catalog.pg_namespace WHERE nspname = CURRENT_SCHEMA()))

2025/12/24 04:19:39 [32m/Users/louislawrence/Music/apps/stack/lazervault-golang/database/migrations.go:164
[0m[33m[0.210ms] [34;1m[rows:0][0m SELECT description FROM pg_catalog.pg_description WHERE objsubid = (SELECT ordinal_position FROM information_schema.columns WHERE table_schema = CURRENT_SCHEMA() AND table_name = 'budgets' AND column_name = 'alert_threshold') AND objoid = (SELECT oid FROM pg_catalog.pg_class WHERE relname = 'budgets' AND relnamespace = (SELECT oid FROM pg_catalog.pg_namespace WHERE nspname = CURRENT_SCHEMA()))

2025/12/24 04:19:39 [32m/Users/louislawrence/Music/apps/stack/lazervault-golang/database/migrations.go:164
[0m[33m[0.225ms] [34;1m[rows:0][0m SELECT description FROM pg_catalog.pg_description WHERE objsubid = (SELECT ordinal_position FROM information_schema.columns WHERE table_schema = CURRENT_SCHEMA() AND table_name = 'budgets' AND column_name = 'created_at') AND objoid = (SELECT oid FROM pg_catalog.pg_class WHERE relname = 'budgets' AND relnamespace = (SELECT oid FROM pg_catalog.pg_namespace WHERE nspname = CURRENT_SCHEMA()))

2025/12/24 04:19:39 [32m/Users/louislawrence/Music/apps/stack/lazervault-golang/database/migrations.go:164
[0m[33m[0.248ms] [34;1m[rows:0][0m SELECT description FROM pg_catalog.pg_description WHERE objsubid = (SELECT ordinal_position FROM information_schema.columns WHERE table_schema = CURRENT_SCHEMA() AND table_name = 'budgets' AND column_name = 'updated_at') AND objoid = (SELECT oid FROM pg_catalog.pg_class WHERE relname = 'budgets' AND relnamespace = (SELECT oid FROM pg_catalog.pg_namespace WHERE nspname = CURRENT_SCHEMA()))

2025/12/24 04:19:39 [32m/Users/louislawrence/Music/apps/stack/lazervault-golang/database/migrations.go:164
[0m[33m[0.197ms] [34;1m[rows:0][0m SELECT description FROM pg_catalog.pg_description WHERE objsubid = (SELECT ordinal_position FROM information_schema.columns WHERE table_schema = CURRENT_SCHEMA() AND table_name = 'budgets' AND column_name = 'deleted_at') AND objoid = (SELECT oid FROM pg_catalog.pg_class WHERE relname = 'budgets' AND relnamespace = (SELECT oid FROM pg_catalog.pg_namespace WHERE nspname = CURRENT_SCHEMA()))

2025/12/24 04:19:39 [32m/Users/louislawrence/Music/apps/stack/lazervault-golang/database/migrations.go:164
[0m[33m[0.183ms] [34;1m[rows:1][0m SELECT count(*) FROM INFORMATION_SCHEMA.table_constraints WHERE table_schema = CURRENT_SCHEMA() AND table_name = 'budgets' AND constraint_name = 'fk_budgets_user'

2025/12/24 04:19:39 [32m/Users/louislawrence/Music/apps/stack/lazervault-golang/database/migrations.go:164
[0m[33m[0.238ms] [34;1m[rows:1][0m SELECT count(*) FROM pg_indexes WHERE tablename = 'budgets' AND indexname = 'idx_budget_user' AND schemaname = CURRENT_SCHEMA()

2025/12/24 04:19:39 [32m/Users/louislawrence/Music/apps/stack/lazervault-golang/database/migrations.go:164
[0m[33m[0.128ms] [34;1m[rows:1][0m SELECT count(*) FROM pg_indexes WHERE tablename = 'budgets' AND indexname = 'idx_budget_category' AND schemaname = CURRENT_SCHEMA()

2025/12/24 04:19:39 [32m/Users/louislawrence/Music/apps/stack/lazervault-golang/database/migrations.go:164
[0m[33m[0.142ms] [34;1m[rows:1][0m SELECT count(*) FROM pg_indexes WHERE tablename = 'budgets' AND indexname = 'idx_budget_start_date' AND schemaname = CURRENT_SCHEMA()

2025/12/24 04:19:39 [32m/Users/louislawrence/Music/apps/stack/lazervault-golang/database/migrations.go:164
[0m[33m[0.113ms] [34;1m[rows:1][0m SELECT count(*) FROM pg_indexes WHERE tablename = 'budgets' AND indexname = 'idx_budget_end_date' AND schemaname = CURRENT_SCHEMA()

2025/12/24 04:19:39 [32m/Users/louislawrence/Music/apps/stack/lazervault-golang/database/migrations.go:164
[0m[33m[0.144ms] [34;1m[rows:1][0m SELECT count(*) FROM pg_indexes WHERE tablename = 'budgets' AND indexname = 'idx_budget_status' AND schemaname = CURRENT_SCHEMA()

2025/12/24 04:19:39 [32m/Users/louislawrence/Music/apps/stack/lazervault-golang/database/migrations.go:164
[0m[33m[0.229ms] [34;1m[rows:1][0m SELECT count(*) FROM pg_indexes WHERE tablename = 'budgets' AND indexname = 'idx_budgets_deleted_at' AND schemaname = CURRENT_SCHEMA()

2025/12/24 04:19:39 [32m/Users/louislawrence/Music/apps/stack/lazervault-golang/database/migrations.go:164
[0m[33m[0.151ms] [34;1m[rows:1][0m SELECT count(*) FROM information_schema.tables WHERE table_schema = CURRENT_SCHEMA() AND table_name = 'budget_alerts' AND table_type = 'BASE TABLE'

2025/12/24 04:19:39 [32m/Users/louislawrence/Music/apps/stack/lazervault-golang/database/migrations.go:164
[0m[33m[0.086ms] [34;1m[rows:1][0m SELECT CURRENT_DATABASE()

2025/12/24 04:19:39 [32m/Users/louislawrence/Music/apps/stack/lazervault-golang/database/migrations.go:164
[0m[33m[1.394ms] [34;1m[rows:-][0m SELECT c.column_name, c.is_nullable = 'YES', c.udt_name, c.character_maximum_length, c.numeric_precision, c.numeric_precision_radix, c.numeric_scale, c.datetime_precision, 8 * typlen, c.column_default, pd.description, c.identity_increment FROM information_schema.columns AS c JOIN pg_type AS pgt ON c.udt_name = pgt.typname LEFT JOIN pg_catalog.pg_description as pd ON pd.objsubid = c.ordinal_position AND pd.objoid = (SELECT oid FROM pg_catalog.pg_class WHERE relname = c.table_name AND relnamespace = (SELECT oid FROM pg_catalog.pg_namespace WHERE nspname = c.table_schema)) where table_catalog = 'postgres' AND table_schema = CURRENT_SCHEMA() AND table_name = 'budget_alerts'

2025/12/24 04:19:39 [32m/Users/louislawrence/Music/apps/stack/lazervault-golang/database/migrations.go:164
[0m[33m[0.842ms] [34;1m[rows:-][0m SELECT * FROM "budget_alerts" LIMIT 5

2025/12/24 04:19:39 [32m/Users/louislawrence/Music/apps/stack/lazervault-golang/database/migrations.go:164
[0m[33m[1.877ms] [34;1m[rows:-][0m SELECT constraint_name FROM information_schema.table_constraints tc JOIN information_schema.constraint_column_usage AS ccu USING (constraint_schema, constraint_catalog, table_name, constraint_name) JOIN information_schema.columns AS c ON c.table_schema = tc.constraint_schema AND tc.table_name = c.table_name AND ccu.column_name = c.column_name WHERE constraint_type IN ('PRIMARY KEY', 'UNIQUE') AND c.table_catalog = 'postgres' AND c.table_schema = CURRENT_SCHEMA() AND c.table_name = 'budget_alerts' AND constraint_type = 'UNIQUE'

2025/12/24 04:19:39 [32m/Users/louislawrence/Music/apps/stack/lazervault-golang/database/migrations.go:164
[0m[33m[1.767ms] [34;1m[rows:-][0m SELECT c.column_name, constraint_name, constraint_type FROM information_schema.table_constraints tc JOIN information_schema.constraint_column_usage AS ccu USING (constraint_schema, constraint_catalog, table_name, constraint_name) JOIN information_schema.columns AS c ON c.table_schema = tc.constraint_schema AND tc.table_name = c.table_name AND ccu.column_name = c.column_name WHERE constraint_type IN ('PRIMARY KEY', 'UNIQUE') AND c.table_catalog = 'postgres' AND c.table_schema = CURRENT_SCHEMA() AND c.table_name = 'budget_alerts'

2025/12/24 04:19:39 [32m/Users/louislawrence/Music/apps/stack/lazervault-golang/database/migrations.go:164
[0m[33m[0.198ms] [34;1m[rows:-][0m SELECT a.attname as column_name, format_type(a.atttypid, a.atttypmod) AS data_type
		FROM pg_attribute a JOIN pg_class b ON a.attrelid = b.oid AND relnamespace = (SELECT oid FROM pg_catalog.pg_namespace WHERE nspname = CURRENT_SCHEMA())
		WHERE a.attnum > 0 -- hide internal columns
		AND NOT a.attisdropped -- hide deleted columns
		AND b.relname = 'budget_alerts'

2025/12/24 04:19:39 [32m/Users/louislawrence/Music/apps/stack/lazervault-golang/database/migrations.go:164
[0m[33m[0.197ms] [34;1m[rows:0][0m SELECT description FROM pg_catalog.pg_description WHERE objsubid = (SELECT ordinal_position FROM information_schema.columns WHERE table_schema = CURRENT_SCHEMA() AND table_name = 'budget_alerts' AND column_name = 'id') AND objoid = (SELECT oid FROM pg_catalog.pg_class WHERE relname = 'budget_alerts' AND relnamespace = (SELECT oid FROM pg_catalog.pg_namespace WHERE nspname = CURRENT_SCHEMA()))

2025/12/24 04:19:39 [32m/Users/louislawrence/Music/apps/stack/lazervault-golang/database/migrations.go:164
[0m[33m[0.354ms] [34;1m[rows:0][0m SELECT description FROM pg_catalog.pg_description WHERE objsubid = (SELECT ordinal_position FROM information_schema.columns WHERE table_schema = CURRENT_SCHEMA() AND table_name = 'budget_alerts' AND column_name = 'user_id') AND objoid = (SELECT oid FROM pg_catalog.pg_class WHERE relname = 'budget_alerts' AND relnamespace = (SELECT oid FROM pg_catalog.pg_namespace WHERE nspname = CURRENT_SCHEMA()))

2025/12/24 04:19:39 [32m/Users/louislawrence/Music/apps/stack/lazervault-golang/database/migrations.go:164
[0m[33m[0.232ms] [34;1m[rows:0][0m SELECT description FROM pg_catalog.pg_description WHERE objsubid = (SELECT ordinal_position FROM information_schema.columns WHERE table_schema = CURRENT_SCHEMA() AND table_name = 'budget_alerts' AND column_name = 'budget_id') AND objoid = (SELECT oid FROM pg_catalog.pg_class WHERE relname = 'budget_alerts' AND relnamespace = (SELECT oid FROM pg_catalog.pg_namespace WHERE nspname = CURRENT_SCHEMA()))

2025/12/24 04:19:39 [32m/Users/louislawrence/Music/apps/stack/lazervault-golang/database/migrations.go:164
[0m[33m[0.147ms] [34;1m[rows:0][0m SELECT description FROM pg_catalog.pg_description WHERE objsubid = (SELECT ordinal_position FROM information_schema.columns WHERE table_schema = CURRENT_SCHEMA() AND table_name = 'budget_alerts' AND column_name = 'budget_name') AND objoid = (SELECT oid FROM pg_catalog.pg_class WHERE relname = 'budget_alerts' AND relnamespace = (SELECT oid FROM pg_catalog.pg_namespace WHERE nspname = CURRENT_SCHEMA()))

2025/12/24 04:19:39 [32m/Users/louislawrence/Music/apps/stack/lazervault-golang/database/migrations.go:164
[0m[33m[0.135ms] [34;1m[rows:0][0m SELECT description FROM pg_catalog.pg_description WHERE objsubid = (SELECT ordinal_position FROM information_schema.columns WHERE table_schema = CURRENT_SCHEMA() AND table_name = 'budget_alerts' AND column_name = 'alert_type') AND objoid = (SELECT oid FROM pg_catalog.pg_class WHERE relname = 'budget_alerts' AND relnamespace = (SELECT oid FROM pg_catalog.pg_namespace WHERE nspname = CURRENT_SCHEMA()))

2025/12/24 04:19:39 [32m/Users/louislawrence/Music/apps/stack/lazervault-golang/database/migrations.go:164
[0m[33m[0.127ms] [34;1m[rows:0][0m SELECT description FROM pg_catalog.pg_description WHERE objsubid = (SELECT ordinal_position FROM information_schema.columns WHERE table_schema = CURRENT_SCHEMA() AND table_name = 'budget_alerts' AND column_name = 'message') AND objoid = (SELECT oid FROM pg_catalog.pg_class WHERE relname = 'budget_alerts' AND relnamespace = (SELECT oid FROM pg_catalog.pg_namespace WHERE nspname = CURRENT_SCHEMA()))

2025/12/24 04:19:39 [32m/Users/louislawrence/Music/apps/stack/lazervault-golang/database/migrations.go:164
[0m[33m[0.125ms] [34;1m[rows:0][0m SELECT description FROM pg_catalog.pg_description WHERE objsubid = (SELECT ordinal_position FROM information_schema.columns WHERE table_schema = CURRENT_SCHEMA() AND table_name = 'budget_alerts' AND column_name = 'current_spent') AND objoid = (SELECT oid FROM pg_catalog.pg_class WHERE relname = 'budget_alerts' AND relnamespace = (SELECT oid FROM pg_catalog.pg_namespace WHERE nspname = CURRENT_SCHEMA()))

2025/12/24 04:19:39 [32m/Users/louislawrence/Music/apps/stack/lazervault-golang/database/migrations.go:164
[0m[33m[0.124ms] [34;1m[rows:0][0m SELECT description FROM pg_catalog.pg_description WHERE objsubid = (SELECT ordinal_position FROM information_schema.columns WHERE table_schema = CURRENT_SCHEMA() AND table_name = 'budget_alerts' AND column_name = 'budget_limit') AND objoid = (SELECT oid FROM pg_catalog.pg_class WHERE relname = 'budget_alerts' AND relnamespace = (SELECT oid FROM pg_catalog.pg_namespace WHERE nspname = CURRENT_SCHEMA()))

2025/12/24 04:19:39 [32m/Users/louislawrence/Music/apps/stack/lazervault-golang/database/migrations.go:164
[0m[33m[0.125ms] [34;1m[rows:0][0m SELECT description FROM pg_catalog.pg_description WHERE objsubid = (SELECT ordinal_position FROM information_schema.columns WHERE table_schema = CURRENT_SCHEMA() AND table_name = 'budget_alerts' AND column_name = 'percentage_used') AND objoid = (SELECT oid FROM pg_catalog.pg_class WHERE relname = 'budget_alerts' AND relnamespace = (SELECT oid FROM pg_catalog.pg_namespace WHERE nspname = CURRENT_SCHEMA()))

2025/12/24 04:19:39 [32m/Users/louislawrence/Music/apps/stack/lazervault-golang/database/migrations.go:164
[0m[33m[0.152ms] [34;1m[rows:0][0m SELECT description FROM pg_catalog.pg_description WHERE objsubid = (SELECT ordinal_position FROM information_schema.columns WHERE table_schema = CURRENT_SCHEMA() AND table_name = 'budget_alerts' AND column_name = 'is_read') AND objoid = (SELECT oid FROM pg_catalog.pg_class WHERE relname = 'budget_alerts' AND relnamespace = (SELECT oid FROM pg_catalog.pg_namespace WHERE nspname = CURRENT_SCHEMA()))

2025/12/24 04:19:39 [32m/Users/louislawrence/Music/apps/stack/lazervault-golang/database/migrations.go:164
[0m[33m[0.126ms] [34;1m[rows:0][0m SELECT description FROM pg_catalog.pg_description WHERE objsubid = (SELECT ordinal_position FROM information_schema.columns WHERE table_schema = CURRENT_SCHEMA() AND table_name = 'budget_alerts' AND column_name = 'created_at') AND objoid = (SELECT oid FROM pg_catalog.pg_class WHERE relname = 'budget_alerts' AND relnamespace = (SELECT oid FROM pg_catalog.pg_namespace WHERE nspname = CURRENT_SCHEMA()))

2025/12/24 04:19:39 [32m/Users/louislawrence/Music/apps/stack/lazervault-golang/database/migrations.go:164
[0m[33m[0.123ms] [34;1m[rows:0][0m SELECT description FROM pg_catalog.pg_description WHERE objsubid = (SELECT ordinal_position FROM information_schema.columns WHERE table_schema = CURRENT_SCHEMA() AND table_name = 'budget_alerts' AND column_name = 'updated_at') AND objoid = (SELECT oid FROM pg_catalog.pg_class WHERE relname = 'budget_alerts' AND relnamespace = (SELECT oid FROM pg_catalog.pg_namespace WHERE nspname = CURRENT_SCHEMA()))

2025/12/24 04:19:39 [32m/Users/louislawrence/Music/apps/stack/lazervault-golang/database/migrations.go:164
[0m[33m[0.120ms] [34;1m[rows:0][0m SELECT description FROM pg_catalog.pg_description WHERE objsubid = (SELECT ordinal_position FROM information_schema.columns WHERE table_schema = CURRENT_SCHEMA() AND table_name = 'budget_alerts' AND column_name = 'deleted_at') AND objoid = (SELECT oid FROM pg_catalog.pg_class WHERE relname = 'budget_alerts' AND relnamespace = (SELECT oid FROM pg_catalog.pg_namespace WHERE nspname = CURRENT_SCHEMA()))

2025/12/24 04:19:39 [32m/Users/louislawrence/Music/apps/stack/lazervault-golang/database/migrations.go:164
[0m[33m[0.150ms] [34;1m[rows:1][0m SELECT count(*) FROM INFORMATION_SCHEMA.table_constraints WHERE table_schema = CURRENT_SCHEMA() AND table_name = 'budget_alerts' AND constraint_name = 'fk_budget_alerts_user'

2025/12/24 04:19:39 [32m/Users/louislawrence/Music/apps/stack/lazervault-golang/database/migrations.go:164
[0m[33m[0.132ms] [34;1m[rows:1][0m SELECT count(*) FROM INFORMATION_SCHEMA.table_constraints WHERE table_schema = CURRENT_SCHEMA() AND table_name = 'budget_alerts' AND constraint_name = 'fk_budget_alerts_budget'

2025/12/24 04:19:39 [32m/Users/louislawrence/Music/apps/stack/lazervault-golang/database/migrations.go:164
[0m[33m[0.102ms] [34;1m[rows:1][0m SELECT count(*) FROM pg_indexes WHERE tablename = 'budget_alerts' AND indexname = 'idx_alert_user' AND schemaname = CURRENT_SCHEMA()

2025/12/24 04:19:39 [32m/Users/louislawrence/Music/apps/stack/lazervault-golang/database/migrations.go:164
[0m[33m[0.100ms] [34;1m[rows:1][0m SELECT count(*) FROM pg_indexes WHERE tablename = 'budget_alerts' AND indexname = 'idx_alert_budget' AND schemaname = CURRENT_SCHEMA()

2025/12/24 04:19:39 [32m/Users/louislawrence/Music/apps/stack/lazervault-golang/database/migrations.go:164
[0m[33m[0.113ms] [34;1m[rows:1][0m SELECT count(*) FROM pg_indexes WHERE tablename = 'budget_alerts' AND indexname = 'idx_alert_read' AND schemaname = CURRENT_SCHEMA()

2025/12/24 04:19:39 [32m/Users/louislawrence/Music/apps/stack/lazervault-golang/database/migrations.go:164
[0m[33m[0.093ms] [34;1m[rows:1][0m SELECT count(*) FROM pg_indexes WHERE tablename = 'budget_alerts' AND indexname = 'idx_budget_alerts_deleted_at' AND schemaname = CURRENT_SCHEMA()

2025/12/24 04:19:39 [32m/Users/louislawrence/Music/apps/stack/lazervault-golang/database/migrations.go:164
[0m[33m[0.097ms] [34;1m[rows:1][0m SELECT count(*) FROM information_schema.tables WHERE table_schema = CURRENT_SCHEMA() AND table_name = 'income_sources' AND table_type = 'BASE TABLE'

2025/12/24 04:19:39 [32m/Users/louislawrence/Music/apps/stack/lazervault-golang/database/migrations.go:164
[0m[33m[0.059ms] [34;1m[rows:1][0m SELECT CURRENT_DATABASE()

2025/12/24 04:19:39 [32m/Users/louislawrence/Music/apps/stack/lazervault-golang/database/migrations.go:164
[0m[33m[1.230ms] [34;1m[rows:-][0m SELECT c.column_name, c.is_nullable = 'YES', c.udt_name, c.character_maximum_length, c.numeric_precision, c.numeric_precision_radix, c.numeric_scale, c.datetime_precision, 8 * typlen, c.column_default, pd.description, c.identity_increment FROM information_schema.columns AS c JOIN pg_type AS pgt ON c.udt_name = pgt.typname LEFT JOIN pg_catalog.pg_description as pd ON pd.objsubid = c.ordinal_position AND pd.objoid = (SELECT oid FROM pg_catalog.pg_class WHERE relname = c.table_name AND relnamespace = (SELECT oid FROM pg_catalog.pg_namespace WHERE nspname = c.table_schema)) where table_catalog = 'postgres' AND table_schema = CURRENT_SCHEMA() AND table_name = 'income_sources'

2025/12/24 04:19:39 [32m/Users/louislawrence/Music/apps/stack/lazervault-golang/database/migrations.go:164
[0m[33m[1.125ms] [34;1m[rows:-][0m SELECT * FROM "income_sources" LIMIT 5

2025/12/24 04:19:39 [32m/Users/louislawrence/Music/apps/stack/lazervault-golang/database/migrations.go:164
[0m[33m[1.876ms] [34;1m[rows:-][0m SELECT constraint_name FROM information_schema.table_constraints tc JOIN information_schema.constraint_column_usage AS ccu USING (constraint_schema, constraint_catalog, table_name, constraint_name) JOIN information_schema.columns AS c ON c.table_schema = tc.constraint_schema AND tc.table_name = c.table_name AND ccu.column_name = c.column_name WHERE constraint_type IN ('PRIMARY KEY', 'UNIQUE') AND c.table_catalog = 'postgres' AND c.table_schema = CURRENT_SCHEMA() AND c.table_name = 'income_sources' AND constraint_type = 'UNIQUE'

2025/12/24 04:19:39 [32m/Users/louislawrence/Music/apps/stack/lazervault-golang/database/migrations.go:164
[0m[33m[2.361ms] [34;1m[rows:-][0m SELECT c.column_name, constraint_name, constraint_type FROM information_schema.table_constraints tc JOIN information_schema.constraint_column_usage AS ccu USING (constraint_schema, constraint_catalog, table_name, constraint_name) JOIN information_schema.columns AS c ON c.table_schema = tc.constraint_schema AND tc.table_name = c.table_name AND ccu.column_name = c.column_name WHERE constraint_type IN ('PRIMARY KEY', 'UNIQUE') AND c.table_catalog = 'postgres' AND c.table_schema = CURRENT_SCHEMA() AND c.table_name = 'income_sources'

2025/12/24 04:19:39 [32m/Users/louislawrence/Music/apps/stack/lazervault-golang/database/migrations.go:164
[0m[33m[0.138ms] [34;1m[rows:-][0m SELECT a.attname as column_name, format_type(a.atttypid, a.atttypmod) AS data_type
		FROM pg_attribute a JOIN pg_class b ON a.attrelid = b.oid AND relnamespace = (SELECT oid FROM pg_catalog.pg_namespace WHERE nspname = CURRENT_SCHEMA())
		WHERE a.attnum > 0 -- hide internal columns
		AND NOT a.attisdropped -- hide deleted columns
		AND b.relname = 'income_sources'

2025/12/24 04:19:39 [32m/Users/louislawrence/Music/apps/stack/lazervault-golang/database/migrations.go:164
[0m[33m[0.170ms] [34;1m[rows:0][0m SELECT description FROM pg_catalog.pg_description WHERE objsubid = (SELECT ordinal_position FROM information_schema.columns WHERE table_schema = CURRENT_SCHEMA() AND table_name = 'income_sources' AND column_name = 'id') AND objoid = (SELECT oid FROM pg_catalog.pg_class WHERE relname = 'income_sources' AND relnamespace = (SELECT oid FROM pg_catalog.pg_namespace WHERE nspname = CURRENT_SCHEMA()))

2025/12/24 04:19:39 [32m/Users/louislawrence/Music/apps/stack/lazervault-golang/database/migrations.go:164
[0m[33m[0.147ms] [34;1m[rows:0][0m SELECT description FROM pg_catalog.pg_description WHERE objsubid = (SELECT ordinal_position FROM information_schema.columns WHERE table_schema = CURRENT_SCHEMA() AND table_name = 'income_sources' AND column_name = 'user_id') AND objoid = (SELECT oid FROM pg_catalog.pg_class WHERE relname = 'income_sources' AND relnamespace = (SELECT oid FROM pg_catalog.pg_namespace WHERE nspname = CURRENT_SCHEMA()))

2025/12/24 04:19:39 [32m/Users/louislawrence/Music/apps/stack/lazervault-golang/database/migrations.go:164
[0m[33m[0.177ms] [34;1m[rows:0][0m SELECT description FROM pg_catalog.pg_description WHERE objsubid = (SELECT ordinal_position FROM information_schema.columns WHERE table_schema = CURRENT_SCHEMA() AND table_name = 'income_sources' AND column_name = 'name') AND objoid = (SELECT oid FROM pg_catalog.pg_class WHERE relname = 'income_sources' AND relnamespace = (SELECT oid FROM pg_catalog.pg_namespace WHERE nspname = CURRENT_SCHEMA()))

2025/12/24 04:19:39 [32m/Users/louislawrence/Music/apps/stack/lazervault-golang/database/migrations.go:164
[0m[33m[0.226ms] [34;1m[rows:0][0m SELECT description FROM pg_catalog.pg_description WHERE objsubid = (SELECT ordinal_position FROM information_schema.columns WHERE table_schema = CURRENT_SCHEMA() AND table_name = 'income_sources' AND column_name = 'amount') AND objoid = (SELECT oid FROM pg_catalog.pg_class WHERE relname = 'income_sources' AND relnamespace = (SELECT oid FROM pg_catalog.pg_namespace WHERE nspname = CURRENT_SCHEMA()))

2025/12/24 04:19:39 [32m/Users/louislawrence/Music/apps/stack/lazervault-golang/database/migrations.go:164
[0m[33m[0.255ms] [34;1m[rows:0][0m SELECT description FROM pg_catalog.pg_description WHERE objsubid = (SELECT ordinal_position FROM information_schema.columns WHERE table_schema = CURRENT_SCHEMA() AND table_name = 'income_sources' AND column_name = 'currency') AND objoid = (SELECT oid FROM pg_catalog.pg_class WHERE relname = 'income_sources' AND relnamespace = (SELECT oid FROM pg_catalog.pg_namespace WHERE nspname = CURRENT_SCHEMA()))

2025/12/24 04:19:39 [32m/Users/louislawrence/Music/apps/stack/lazervault-golang/database/migrations.go:164
[0m[33m[0.368ms] [34;1m[rows:0][0m SELECT description FROM pg_catalog.pg_description WHERE objsubid = (SELECT ordinal_position FROM information_schema.columns WHERE table_schema = CURRENT_SCHEMA() AND table_name = 'income_sources' AND column_name = 'category') AND objoid = (SELECT oid FROM pg_catalog.pg_class WHERE relname = 'income_sources' AND relnamespace = (SELECT oid FROM pg_catalog.pg_namespace WHERE nspname = CURRENT_SCHEMA()))

2025/12/24 04:19:39 [32m/Users/louislawrence/Music/apps/stack/lazervault-golang/database/migrations.go:164
[0m[33m[0.269ms] [34;1m[rows:0][0m SELECT description FROM pg_catalog.pg_description WHERE objsubid = (SELECT ordinal_position FROM information_schema.columns WHERE table_schema = CURRENT_SCHEMA() AND table_name = 'income_sources' AND column_name = 'is_recurring') AND objoid = (SELECT oid FROM pg_catalog.pg_class WHERE relname = 'income_sources' AND relnamespace = (SELECT oid FROM pg_catalog.pg_namespace WHERE nspname = CURRENT_SCHEMA()))

2025/12/24 04:19:39 [32m/Users/louislawrence/Music/apps/stack/lazervault-golang/database/migrations.go:164
[0m[33m[0.167ms] [34;1m[rows:0][0m SELECT description FROM pg_catalog.pg_description WHERE objsubid = (SELECT ordinal_position FROM information_schema.columns WHERE table_schema = CURRENT_SCHEMA() AND table_name = 'income_sources' AND column_name = 'recurrence_pattern') AND objoid = (SELECT oid FROM pg_catalog.pg_class WHERE relname = 'income_sources' AND relnamespace = (SELECT oid FROM pg_catalog.pg_namespace WHERE nspname = CURRENT_SCHEMA()))

2025/12/24 04:19:39 [32m/Users/louislawrence/Music/apps/stack/lazervault-golang/database/migrations.go:164
[0m[33m[0.146ms] [34;1m[rows:0][0m SELECT description FROM pg_catalog.pg_description WHERE objsubid = (SELECT ordinal_position FROM information_schema.columns WHERE table_schema = CURRENT_SCHEMA() AND table_name = 'income_sources' AND column_name = 'last_received') AND objoid = (SELECT oid FROM pg_catalog.pg_class WHERE relname = 'income_sources' AND relnamespace = (SELECT oid FROM pg_catalog.pg_namespace WHERE nspname = CURRENT_SCHEMA()))

2025/12/24 04:19:39 [32m/Users/louislawrence/Music/apps/stack/lazervault-golang/database/migrations.go:164
[0m[33m[0.178ms] [34;1m[rows:0][0m SELECT description FROM pg_catalog.pg_description WHERE objsubid = (SELECT ordinal_position FROM information_schema.columns WHERE table_schema = CURRENT_SCHEMA() AND table_name = 'income_sources' AND column_name = 'next_expected') AND objoid = (SELECT oid FROM pg_catalog.pg_class WHERE relname = 'income_sources' AND relnamespace = (SELECT oid FROM pg_catalog.pg_namespace WHERE nspname = CURRENT_SCHEMA()))

2025/12/24 04:19:39 [32m/Users/louislawrence/Music/apps/stack/lazervault-golang/database/migrations.go:164
[0m[33m[0.142ms] [34;1m[rows:0][0m SELECT description FROM pg_catalog.pg_description WHERE objsubid = (SELECT ordinal_position FROM information_schema.columns WHERE table_schema = CURRENT_SCHEMA() AND table_name = 'income_sources' AND column_name = 'is_active') AND objoid = (SELECT oid FROM pg_catalog.pg_class WHERE relname = 'income_sources' AND relnamespace = (SELECT oid FROM pg_catalog.pg_namespace WHERE nspname = CURRENT_SCHEMA()))

2025/12/24 04:19:39 [32m/Users/louislawrence/Music/apps/stack/lazervault-golang/database/migrations.go:164
[0m[33m[0.129ms] [34;1m[rows:0][0m SELECT description FROM pg_catalog.pg_description WHERE objsubid = (SELECT ordinal_position FROM information_schema.columns WHERE table_schema = CURRENT_SCHEMA() AND table_name = 'income_sources' AND column_name = 'created_at') AND objoid = (SELECT oid FROM pg_catalog.pg_class WHERE relname = 'income_sources' AND relnamespace = (SELECT oid FROM pg_catalog.pg_namespace WHERE nspname = CURRENT_SCHEMA()))

2025/12/24 04:19:39 [32m/Users/louislawrence/Music/apps/stack/lazervault-golang/database/migrations.go:164
[0m[33m[0.126ms] [34;1m[rows:0][0m SELECT description FROM pg_catalog.pg_description WHERE objsubid = (SELECT ordinal_position FROM information_schema.columns WHERE table_schema = CURRENT_SCHEMA() AND table_name = 'income_sources' AND column_name = 'updated_at') AND objoid = (SELECT oid FROM pg_catalog.pg_class WHERE relname = 'income_sources' AND relnamespace = (SELECT oid FROM pg_catalog.pg_namespace WHERE nspname = CURRENT_SCHEMA()))

2025/12/24 04:19:39 [32m/Users/louislawrence/Music/apps/stack/lazervault-golang/database/migrations.go:164
[0m[33m[0.136ms] [34;1m[rows:0][0m SELECT description FROM pg_catalog.pg_description WHERE objsubid = (SELECT ordinal_position FROM information_schema.columns WHERE table_schema = CURRENT_SCHEMA() AND table_name = 'income_sources' AND column_name = 'deleted_at') AND objoid = (SELECT oid FROM pg_catalog.pg_class WHERE relname = 'income_sources' AND relnamespace = (SELECT oid FROM pg_catalog.pg_namespace WHERE nspname = CURRENT_SCHEMA()))

2025/12/24 04:19:39 [32m/Users/louislawrence/Music/apps/stack/lazervault-golang/database/migrations.go:164
[0m[33m[0.152ms] [34;1m[rows:1][0m SELECT count(*) FROM INFORMATION_SCHEMA.table_constraints WHERE table_schema = CURRENT_SCHEMA() AND table_name = 'income_sources' AND constraint_name = 'fk_income_sources_user'

2025/12/24 04:19:39 [32m/Users/louislawrence/Music/apps/stack/lazervault-golang/database/migrations.go:164
[0m[33m[0.113ms] [34;1m[rows:1][0m SELECT count(*) FROM pg_indexes WHERE tablename = 'income_sources' AND indexname = 'idx_income_user' AND schemaname = CURRENT_SCHEMA()

2025/12/24 04:19:39 [32m/Users/louislawrence/Music/apps/stack/lazervault-golang/database/migrations.go:164
[0m[33m[0.098ms] [34;1m[rows:1][0m SELECT count(*) FROM pg_indexes WHERE tablename = 'income_sources' AND indexname = 'idx_income_category' AND schemaname = CURRENT_SCHEMA()

2025/12/24 04:19:39 [32m/Users/louislawrence/Music/apps/stack/lazervault-golang/database/migrations.go:164
[0m[33m[0.114ms] [34;1m[rows:1][0m SELECT count(*) FROM pg_indexes WHERE tablename = 'income_sources' AND indexname = 'idx_income_active' AND schemaname = CURRENT_SCHEMA()

2025/12/24 04:19:39 [32m/Users/louislawrence/Music/apps/stack/lazervault-golang/database/migrations.go:164
[0m[33m[0.098ms] [34;1m[rows:1][0m SELECT count(*) FROM pg_indexes WHERE tablename = 'income_sources' AND indexname = 'idx_income_sources_deleted_at' AND schemaname = CURRENT_SCHEMA()

2025/12/24 04:19:39 [32m/Users/louislawrence/Music/apps/stack/lazervault-golang/database/migrations.go:164
[0m[33m[0.100ms] [34;1m[rows:1][0m SELECT count(*) FROM information_schema.tables WHERE table_schema = CURRENT_SCHEMA() AND table_name = 'investments' AND table_type = 'BASE TABLE'

2025/12/24 04:19:39 [32m/Users/louislawrence/Music/apps/stack/lazervault-golang/database/migrations.go:164
[0m[33m[0.068ms] [34;1m[rows:1][0m SELECT CURRENT_DATABASE()

2025/12/24 04:19:39 [32m/Users/louislawrence/Music/apps/stack/lazervault-golang/database/migrations.go:164
[0m[33m[1.199ms] [34;1m[rows:-][0m SELECT c.column_name, c.is_nullable = 'YES', c.udt_name, c.character_maximum_length, c.numeric_precision, c.numeric_precision_radix, c.numeric_scale, c.datetime_precision, 8 * typlen, c.column_default, pd.description, c.identity_increment FROM information_schema.columns AS c JOIN pg_type AS pgt ON c.udt_name = pgt.typname LEFT JOIN pg_catalog.pg_description as pd ON pd.objsubid = c.ordinal_position AND pd.objoid = (SELECT oid FROM pg_catalog.pg_class WHERE relname = c.table_name AND relnamespace = (SELECT oid FROM pg_catalog.pg_namespace WHERE nspname = c.table_schema)) where table_catalog = 'postgres' AND table_schema = CURRENT_SCHEMA() AND table_name = 'investments'

2025/12/24 04:19:39 [32m/Users/louislawrence/Music/apps/stack/lazervault-golang/database/migrations.go:164
[0m[33m[1.427ms] [34;1m[rows:-][0m SELECT * FROM "investments" LIMIT 5

2025/12/24 04:19:39 [32m/Users/louislawrence/Music/apps/stack/lazervault-golang/database/migrations.go:164
[0m[33m[3.052ms] [34;1m[rows:-][0m SELECT constraint_name FROM information_schema.table_constraints tc JOIN information_schema.constraint_column_usage AS ccu USING (constraint_schema, constraint_catalog, table_name, constraint_name) JOIN information_schema.columns AS c ON c.table_schema = tc.constraint_schema AND tc.table_name = c.table_name AND ccu.column_name = c.column_name WHERE constraint_type IN ('PRIMARY KEY', 'UNIQUE') AND c.table_catalog = 'postgres' AND c.table_schema = CURRENT_SCHEMA() AND c.table_name = 'investments' AND constraint_type = 'UNIQUE'

2025/12/24 04:19:39 [32m/Users/louislawrence/Music/apps/stack/lazervault-golang/database/migrations.go:164
[0m[33m[2.432ms] [34;1m[rows:-][0m SELECT c.column_name, constraint_name, constraint_type FROM information_schema.table_constraints tc JOIN information_schema.constraint_column_usage AS ccu USING (constraint_schema, constraint_catalog, table_name, constraint_name) JOIN information_schema.columns AS c ON c.table_schema = tc.constraint_schema AND tc.table_name = c.table_name AND ccu.column_name = c.column_name WHERE constraint_type IN ('PRIMARY KEY', 'UNIQUE') AND c.table_catalog = 'postgres' AND c.table_schema = CURRENT_SCHEMA() AND c.table_name = 'investments'

2025/12/24 04:19:39 [32m/Users/louislawrence/Music/apps/stack/lazervault-golang/database/migrations.go:164
[0m[33m[0.134ms] [34;1m[rows:-][0m SELECT a.attname as column_name, format_type(a.atttypid, a.atttypmod) AS data_type
		FROM pg_attribute a JOIN pg_class b ON a.attrelid = b.oid AND relnamespace = (SELECT oid FROM pg_catalog.pg_namespace WHERE nspname = CURRENT_SCHEMA())
		WHERE a.attnum > 0 -- hide internal columns
		AND NOT a.attisdropped -- hide deleted columns
		AND b.relname = 'investments'

2025/12/24 04:19:39 [32m/Users/louislawrence/Music/apps/stack/lazervault-golang/database/migrations.go:164
[0m[33m[0.176ms] [34;1m[rows:0][0m SELECT description FROM pg_catalog.pg_description WHERE objsubid = (SELECT ordinal_position FROM information_schema.columns WHERE table_schema = CURRENT_SCHEMA() AND table_name = 'investments' AND column_name = 'id') AND objoid = (SELECT oid FROM pg_catalog.pg_class WHERE relname = 'investments' AND relnamespace = (SELECT oid FROM pg_catalog.pg_namespace WHERE nspname = CURRENT_SCHEMA()))

2025/12/24 04:19:39 [32m/Users/louislawrence/Music/apps/stack/lazervault-golang/database/migrations.go:164
[0m[33m[0.143ms] [34;1m[rows:0][0m SELECT description FROM pg_catalog.pg_description WHERE objsubid = (SELECT ordinal_position FROM information_schema.columns WHERE table_schema = CURRENT_SCHEMA() AND table_name = 'investments' AND column_name = 'user_id') AND objoid = (SELECT oid FROM pg_catalog.pg_class WHERE relname = 'investments' AND relnamespace = (SELECT oid FROM pg_catalog.pg_namespace WHERE nspname = CURRENT_SCHEMA()))

2025/12/24 04:19:39 [32m/Users/louislawrence/Music/apps/stack/lazervault-golang/database/migrations.go:164
[0m[33m[0.180ms] [34;1m[rows:0][0m SELECT description FROM pg_catalog.pg_description WHERE objsubid = (SELECT ordinal_position FROM information_schema.columns WHERE table_schema = CURRENT_SCHEMA() AND table_name = 'investments' AND column_name = 'name') AND objoid = (SELECT oid FROM pg_catalog.pg_class WHERE relname = 'investments' AND relnamespace = (SELECT oid FROM pg_catalog.pg_namespace WHERE nspname = CURRENT_SCHEMA()))

2025/12/24 04:19:39 [32m/Users/louislawrence/Music/apps/stack/lazervault-golang/database/migrations.go:164
[0m[33m[0.146ms] [34;1m[rows:0][0m SELECT description FROM pg_catalog.pg_description WHERE objsubid = (SELECT ordinal_position FROM information_schema.columns WHERE table_schema = CURRENT_SCHEMA() AND table_name = 'investments' AND column_name = 'investment_type') AND objoid = (SELECT oid FROM pg_catalog.pg_class WHERE relname = 'investments' AND relnamespace = (SELECT oid FROM pg_catalog.pg_namespace WHERE nspname = CURRENT_SCHEMA()))

2025/12/24 04:19:39 [32m/Users/louislawrence/Music/apps/stack/lazervault-golang/database/migrations.go:164
[0m[33m[0.137ms] [34;1m[rows:0][0m SELECT description FROM pg_catalog.pg_description WHERE objsubid = (SELECT ordinal_position FROM information_schema.columns WHERE table_schema = CURRENT_SCHEMA() AND table_name = 'investments' AND column_name = 'current_value') AND objoid = (SELECT oid FROM pg_catalog.pg_class WHERE relname = 'investments' AND relnamespace = (SELECT oid FROM pg_catalog.pg_namespace WHERE nspname = CURRENT_SCHEMA()))

2025/12/24 04:19:39 [32m/Users/louislawrence/Music/apps/stack/lazervault-golang/database/migrations.go:164
[0m[33m[0.253ms] [34;1m[rows:0][0m SELECT description FROM pg_catalog.pg_description WHERE objsubid = (SELECT ordinal_position FROM information_schema.columns WHERE table_schema = CURRENT_SCHEMA() AND table_name = 'investments' AND column_name = 'initial_investment') AND objoid = (SELECT oid FROM pg_catalog.pg_class WHERE relname = 'investments' AND relnamespace = (SELECT oid FROM pg_catalog.pg_namespace WHERE nspname = CURRENT_SCHEMA()))

2025/12/24 04:19:39 [32m/Users/louislawrence/Music/apps/stack/lazervault-golang/database/migrations.go:164
[0m[33m[0.203ms] [34;1m[rows:0][0m SELECT description FROM pg_catalog.pg_description WHERE objsubid = (SELECT ordinal_position FROM information_schema.columns WHERE table_schema = CURRENT_SCHEMA() AND table_name = 'investments' AND column_name = 'gain_loss') AND objoid = (SELECT oid FROM pg_catalog.pg_class WHERE relname = 'investments' AND relnamespace = (SELECT oid FROM pg_catalog.pg_namespace WHERE nspname = CURRENT_SCHEMA()))

2025/12/24 04:19:39 [32m/Users/louislawrence/Music/apps/stack/lazervault-golang/database/migrations.go:164
[0m[33m[0.215ms] [34;1m[rows:0][0m SELECT description FROM pg_catalog.pg_description WHERE objsubid = (SELECT ordinal_position FROM information_schema.columns WHERE table_schema = CURRENT_SCHEMA() AND table_name = 'investments' AND column_name = 'gain_loss_percentage') AND objoid = (SELECT oid FROM pg_catalog.pg_class WHERE relname = 'investments' AND relnamespace = (SELECT oid FROM pg_catalog.pg_namespace WHERE nspname = CURRENT_SCHEMA()))

2025/12/24 04:19:39 [32m/Users/louislawrence/Music/apps/stack/lazervault-golang/database/migrations.go:164
[0m[33m[0.201ms] [34;1m[rows:0][0m SELECT description FROM pg_catalog.pg_description WHERE objsubid = (SELECT ordinal_position FROM information_schema.columns WHERE table_schema = CURRENT_SCHEMA() AND table_name = 'investments' AND column_name = 'currency') AND objoid = (SELECT oid FROM pg_catalog.pg_class WHERE relname = 'investments' AND relnamespace = (SELECT oid FROM pg_catalog.pg_namespace WHERE nspname = CURRENT_SCHEMA()))

2025/12/24 04:19:39 [32m/Users/louislawrence/Music/apps/stack/lazervault-golang/database/migrations.go:164
[0m[33m[0.258ms] [34;1m[rows:0][0m SELECT description FROM pg_catalog.pg_description WHERE objsubid = (SELECT ordinal_position FROM information_schema.columns WHERE table_schema = CURRENT_SCHEMA() AND table_name = 'investments' AND column_name = 'purchase_date') AND objoid = (SELECT oid FROM pg_catalog.pg_class WHERE relname = 'investments' AND relnamespace = (SELECT oid FROM pg_catalog.pg_namespace WHERE nspname = CURRENT_SCHEMA()))

2025/12/24 04:19:39 [32m/Users/louislawrence/Music/apps/stack/lazervault-golang/database/migrations.go:164
[0m[33m[0.193ms] [34;1m[rows:0][0m SELECT description FROM pg_catalog.pg_description WHERE objsubid = (SELECT ordinal_position FROM information_schema.columns WHERE table_schema = CURRENT_SCHEMA() AND table_name = 'investments' AND column_name = 'last_updated') AND objoid = (SELECT oid FROM pg_catalog.pg_class WHERE relname = 'investments' AND relnamespace = (SELECT oid FROM pg_catalog.pg_namespace WHERE nspname = CURRENT_SCHEMA()))

2025/12/24 04:19:39 [32m/Users/louislawrence/Music/apps/stack/lazervault-golang/database/migrations.go:164
[0m[33m[0.190ms] [34;1m[rows:0][0m SELECT description FROM pg_catalog.pg_description WHERE objsubid = (SELECT ordinal_position FROM information_schema.columns WHERE table_schema = CURRENT_SCHEMA() AND table_name = 'investments' AND column_name = 'ticker_symbol') AND objoid = (SELECT oid FROM pg_catalog.pg_class WHERE relname = 'investments' AND relnamespace = (SELECT oid FROM pg_catalog.pg_namespace WHERE nspname = CURRENT_SCHEMA()))

2025/12/24 04:19:39 [32m/Users/louislawrence/Music/apps/stack/lazervault-golang/database/migrations.go:164
[0m[33m[0.159ms] [34;1m[rows:0][0m SELECT description FROM pg_catalog.pg_description WHERE objsubid = (SELECT ordinal_position FROM information_schema.columns WHERE table_schema = CURRENT_SCHEMA() AND table_name = 'investments' AND column_name = 'quantity') AND objoid = (SELECT oid FROM pg_catalog.pg_class WHERE relname = 'investments' AND relnamespace = (SELECT oid FROM pg_catalog.pg_namespace WHERE nspname = CURRENT_SCHEMA()))

2025/12/24 04:19:39 [32m/Users/louislawrence/Music/apps/stack/lazervault-golang/database/migrations.go:164
[0m[33m[0.135ms] [34;1m[rows:0][0m SELECT description FROM pg_catalog.pg_description WHERE objsubid = (SELECT ordinal_position FROM information_schema.columns WHERE table_schema = CURRENT_SCHEMA() AND table_name = 'investments' AND column_name = 'current_price') AND objoid = (SELECT oid FROM pg_catalog.pg_class WHERE relname = 'investments' AND relnamespace = (SELECT oid FROM pg_catalog.pg_namespace WHERE nspname = CURRENT_SCHEMA()))

2025/12/24 04:19:39 [32m/Users/louislawrence/Music/apps/stack/lazervault-golang/database/migrations.go:164
[0m[33m[0.132ms] [34;1m[rows:0][0m SELECT description FROM pg_catalog.pg_description WHERE objsubid = (SELECT ordinal_position FROM information_schema.columns WHERE table_schema = CURRENT_SCHEMA() AND table_name = 'investments' AND column_name = 'created_at') AND objoid = (SELECT oid FROM pg_catalog.pg_class WHERE relname = 'investments' AND relnamespace = (SELECT oid FROM pg_catalog.pg_namespace WHERE nspname = CURRENT_SCHEMA()))

2025/12/24 04:19:39 [32m/Users/louislawrence/Music/apps/stack/lazervault-golang/database/migrations.go:164
[0m[33m[0.140ms] [34;1m[rows:0][0m SELECT description FROM pg_catalog.pg_description WHERE objsubid = (SELECT ordinal_position FROM information_schema.columns WHERE table_schema = CURRENT_SCHEMA() AND table_name = 'investments' AND column_name = 'updated_at') AND objoid = (SELECT oid FROM pg_catalog.pg_class WHERE relname = 'investments' AND relnamespace = (SELECT oid FROM pg_catalog.pg_namespace WHERE nspname = CURRENT_SCHEMA()))

2025/12/24 04:19:39 [32m/Users/louislawrence/Music/apps/stack/lazervault-golang/database/migrations.go:164
[0m[33m[0.132ms] [34;1m[rows:0][0m SELECT description FROM pg_catalog.pg_description WHERE objsubid = (SELECT ordinal_position FROM information_schema.columns WHERE table_schema = CURRENT_SCHEMA() AND table_name = 'investments' AND column_name = 'deleted_at') AND objoid = (SELECT oid FROM pg_catalog.pg_class WHERE relname = 'investments' AND relnamespace = (SELECT oid FROM pg_catalog.pg_namespace WHERE nspname = CURRENT_SCHEMA()))

2025/12/24 04:19:39 [32m/Users/louislawrence/Music/apps/stack/lazervault-golang/database/migrations.go:164
[0m[33m[0.153ms] [34;1m[rows:1][0m SELECT count(*) FROM INFORMATION_SCHEMA.table_constraints WHERE table_schema = CURRENT_SCHEMA() AND table_name = 'investments' AND constraint_name = 'fk_investments_user'

2025/12/24 04:19:39 [32m/Users/louislawrence/Music/apps/stack/lazervault-golang/database/migrations.go:164
[0m[33m[0.107ms] [34;1m[rows:1][0m SELECT count(*) FROM pg_indexes WHERE tablename = 'investments' AND indexname = 'idx_investment_user' AND schemaname = CURRENT_SCHEMA()

2025/12/24 04:19:39 [32m/Users/louislawrence/Music/apps/stack/lazervault-golang/database/migrations.go:164
[0m[33m[0.106ms] [34;1m[rows:1][0m SELECT count(*) FROM pg_indexes WHERE tablename = 'investments' AND indexname = 'idx_investment_type' AND schemaname = CURRENT_SCHEMA()

2025/12/24 04:19:39 [32m/Users/louislawrence/Music/apps/stack/lazervault-golang/database/migrations.go:164
[0m[33m[0.099ms] [34;1m[rows:1][0m SELECT count(*) FROM pg_indexes WHERE tablename = 'investments' AND indexname = 'idx_investment_last_updated' AND schemaname = CURRENT_SCHEMA()

2025/12/24 04:19:39 [32m/Users/louislawrence/Music/apps/stack/lazervault-golang/database/migrations.go:164
[0m[33m[0.100ms] [34;1m[rows:1][0m SELECT count(*) FROM pg_indexes WHERE tablename = 'investments' AND indexname = 'idx_investment_ticker' AND schemaname = CURRENT_SCHEMA()

2025/12/24 04:19:39 [32m/Users/louislawrence/Music/apps/stack/lazervault-golang/database/migrations.go:164
[0m[33m[0.094ms] [34;1m[rows:1][0m SELECT count(*) FROM pg_indexes WHERE tablename = 'investments' AND indexname = 'idx_investments_deleted_at' AND schemaname = CURRENT_SCHEMA()

2025/12/24 04:19:39 [32m/Users/louislawrence/Music/apps/stack/lazervault-golang/database/migrations.go:164
[0m[33m[0.109ms] [34;1m[rows:1][0m SELECT count(*) FROM information_schema.tables WHERE table_schema = CURRENT_SCHEMA() AND table_name = 'financial_goals' AND table_type = 'BASE TABLE'

2025/12/24 04:19:39 [32m/Users/louislawrence/Music/apps/stack/lazervault-golang/database/migrations.go:164
[0m[33m[0.065ms] [34;1m[rows:1][0m SELECT CURRENT_DATABASE()

2025/12/24 04:19:39 [32m/Users/louislawrence/Music/apps/stack/lazervault-golang/database/migrations.go:164
[0m[33m[1.396ms] [34;1m[rows:-][0m SELECT c.column_name, c.is_nullable = 'YES', c.udt_name, c.character_maximum_length, c.numeric_precision, c.numeric_precision_radix, c.numeric_scale, c.datetime_precision, 8 * typlen, c.column_default, pd.description, c.identity_increment FROM information_schema.columns AS c JOIN pg_type AS pgt ON c.udt_name = pgt.typname LEFT JOIN pg_catalog.pg_description as pd ON pd.objsubid = c.ordinal_position AND pd.objoid = (SELECT oid FROM pg_catalog.pg_class WHERE relname = c.table_name AND relnamespace = (SELECT oid FROM pg_catalog.pg_namespace WHERE nspname = c.table_schema)) where table_catalog = 'postgres' AND table_schema = CURRENT_SCHEMA() AND table_name = 'financial_goals'

2025/12/24 04:19:39 [32m/Users/louislawrence/Music/apps/stack/lazervault-golang/database/migrations.go:164
[0m[33m[0.634ms] [34;1m[rows:-][0m SELECT * FROM "financial_goals" LIMIT 5

2025/12/24 04:19:39 [32m/Users/louislawrence/Music/apps/stack/lazervault-golang/database/migrations.go:164
[0m[33m[2.289ms] [34;1m[rows:-][0m SELECT constraint_name FROM information_schema.table_constraints tc JOIN information_schema.constraint_column_usage AS ccu USING (constraint_schema, constraint_catalog, table_name, constraint_name) JOIN information_schema.columns AS c ON c.table_schema = tc.constraint_schema AND tc.table_name = c.table_name AND ccu.column_name = c.column_name WHERE constraint_type IN ('PRIMARY KEY', 'UNIQUE') AND c.table_catalog = 'postgres' AND c.table_schema = CURRENT_SCHEMA() AND c.table_name = 'financial_goals' AND constraint_type = 'UNIQUE'

2025/12/24 04:19:39 [32m/Users/louislawrence/Music/apps/stack/lazervault-golang/database/migrations.go:164
[0m[33m[3.829ms] [34;1m[rows:-][0m SELECT c.column_name, constraint_name, constraint_type FROM information_schema.table_constraints tc JOIN information_schema.constraint_column_usage AS ccu USING (constraint_schema, constraint_catalog, table_name, constraint_name) JOIN information_schema.columns AS c ON c.table_schema = tc.constraint_schema AND tc.table_name = c.table_name AND ccu.column_name = c.column_name WHERE constraint_type IN ('PRIMARY KEY', 'UNIQUE') AND c.table_catalog = 'postgres' AND c.table_schema = CURRENT_SCHEMA() AND c.table_name = 'financial_goals'

2025/12/24 04:19:39 [32m/Users/louislawrence/Music/apps/stack/lazervault-golang/database/migrations.go:164
[0m[33m[0.402ms] [34;1m[rows:-][0m SELECT a.attname as column_name, format_type(a.atttypid, a.atttypmod) AS data_type
		FROM pg_attribute a JOIN pg_class b ON a.attrelid = b.oid AND relnamespace = (SELECT oid FROM pg_catalog.pg_namespace WHERE nspname = CURRENT_SCHEMA())
		WHERE a.attnum > 0 -- hide internal columns
		AND NOT a.attisdropped -- hide deleted columns
		AND b.relname = 'financial_goals'

2025/12/24 04:19:39 [32m/Users/louislawrence/Music/apps/stack/lazervault-golang/database/migrations.go:164
[0m[33m[0.835ms] [34;1m[rows:0][0m SELECT description FROM pg_catalog.pg_description WHERE objsubid = (SELECT ordinal_position FROM information_schema.columns WHERE table_schema = CURRENT_SCHEMA() AND table_name = 'financial_goals' AND column_name = 'id') AND objoid = (SELECT oid FROM pg_catalog.pg_class WHERE relname = 'financial_goals' AND relnamespace = (SELECT oid FROM pg_catalog.pg_namespace WHERE nspname = CURRENT_SCHEMA()))

2025/12/24 04:19:39 [32m/Users/louislawrence/Music/apps/stack/lazervault-golang/database/migrations.go:164
[0m[33m[0.264ms] [34;1m[rows:0][0m SELECT description FROM pg_catalog.pg_description WHERE objsubid = (SELECT ordinal_position FROM information_schema.columns WHERE table_schema = CURRENT_SCHEMA() AND table_name = 'financial_goals' AND column_name = 'user_id') AND objoid = (SELECT oid FROM pg_catalog.pg_class WHERE relname = 'financial_goals' AND relnamespace = (SELECT oid FROM pg_catalog.pg_namespace WHERE nspname = CURRENT_SCHEMA()))

2025/12/24 04:19:39 [32m/Users/louislawrence/Music/apps/stack/lazervault-golang/database/migrations.go:164
[0m[33m[0.356ms] [34;1m[rows:0][0m SELECT description FROM pg_catalog.pg_description WHERE objsubid = (SELECT ordinal_position FROM information_schema.columns WHERE table_schema = CURRENT_SCHEMA() AND table_name = 'financial_goals' AND column_name = 'name') AND objoid = (SELECT oid FROM pg_catalog.pg_class WHERE relname = 'financial_goals' AND relnamespace = (SELECT oid FROM pg_catalog.pg_namespace WHERE nspname = CURRENT_SCHEMA()))

2025/12/24 04:19:39 [32m/Users/louislawrence/Music/apps/stack/lazervault-golang/database/migrations.go:164
[0m[33m[0.302ms] [34;1m[rows:0][0m SELECT description FROM pg_catalog.pg_description WHERE objsubid = (SELECT ordinal_position FROM information_schema.columns WHERE table_schema = CURRENT_SCHEMA() AND table_name = 'financial_goals' AND column_name = 'goal_type') AND objoid = (SELECT oid FROM pg_catalog.pg_class WHERE relname = 'financial_goals' AND relnamespace = (SELECT oid FROM pg_catalog.pg_namespace WHERE nspname = CURRENT_SCHEMA()))

2025/12/24 04:19:39 [32m/Users/louislawrence/Music/apps/stack/lazervault-golang/database/migrations.go:164
[0m[33m[0.244ms] [34;1m[rows:0][0m SELECT description FROM pg_catalog.pg_description WHERE objsubid = (SELECT ordinal_position FROM information_schema.columns WHERE table_schema = CURRENT_SCHEMA() AND table_name = 'financial_goals' AND column_name = 'target_amount') AND objoid = (SELECT oid FROM pg_catalog.pg_class WHERE relname = 'financial_goals' AND relnamespace = (SELECT oid FROM pg_catalog.pg_namespace WHERE nspname = CURRENT_SCHEMA()))

2025/12/24 04:19:39 [32m/Users/louislawrence/Music/apps/stack/lazervault-golang/database/migrations.go:164
[0m[33m[0.259ms] [34;1m[rows:0][0m SELECT description FROM pg_catalog.pg_description WHERE objsubid = (SELECT ordinal_position FROM information_schema.columns WHERE table_schema = CURRENT_SCHEMA() AND table_name = 'financial_goals' AND column_name = 'current_amount') AND objoid = (SELECT oid FROM pg_catalog.pg_class WHERE relname = 'financial_goals' AND relnamespace = (SELECT oid FROM pg_catalog.pg_namespace WHERE nspname = CURRENT_SCHEMA()))

2025/12/24 04:19:39 [32m/Users/louislawrence/Music/apps/stack/lazervault-golang/database/migrations.go:164
[0m[33m[0.205ms] [34;1m[rows:0][0m SELECT description FROM pg_catalog.pg_description WHERE objsubid = (SELECT ordinal_position FROM information_schema.columns WHERE table_schema = CURRENT_SCHEMA() AND table_name = 'financial_goals' AND column_name = 'monthly_contribution') AND objoid = (SELECT oid FROM pg_catalog.pg_class WHERE relname = 'financial_goals' AND relnamespace = (SELECT oid FROM pg_catalog.pg_namespace WHERE nspname = CURRENT_SCHEMA()))

2025/12/24 04:19:39 [32m/Users/louislawrence/Music/apps/stack/lazervault-golang/database/migrations.go:164
[0m[33m[0.179ms] [34;1m[rows:0][0m SELECT description FROM pg_catalog.pg_description WHERE objsubid = (SELECT ordinal_position FROM information_schema.columns WHERE table_schema = CURRENT_SCHEMA() AND table_name = 'financial_goals' AND column_name = 'currency') AND objoid = (SELECT oid FROM pg_catalog.pg_class WHERE relname = 'financial_goals' AND relnamespace = (SELECT oid FROM pg_catalog.pg_namespace WHERE nspname = CURRENT_SCHEMA()))

2025/12/24 04:19:39 [32m/Users/louislawrence/Music/apps/stack/lazervault-golang/database/migrations.go:164
[0m[33m[0.230ms] [34;1m[rows:0][0m SELECT description FROM pg_catalog.pg_description WHERE objsubid = (SELECT ordinal_position FROM information_schema.columns WHERE table_schema = CURRENT_SCHEMA() AND table_name = 'financial_goals' AND column_name = 'target_date') AND objoid = (SELECT oid FROM pg_catalog.pg_class WHERE relname = 'financial_goals' AND relnamespace = (SELECT oid FROM pg_catalog.pg_namespace WHERE nspname = CURRENT_SCHEMA()))

2025/12/24 04:19:39 [32m/Users/louislawrence/Music/apps/stack/lazervault-golang/database/migrations.go:164
[0m[33m[0.510ms] [34;1m[rows:0][0m SELECT description FROM pg_catalog.pg_description WHERE objsubid = (SELECT ordinal_position FROM information_schema.columns WHERE table_schema = CURRENT_SCHEMA() AND table_name = 'financial_goals' AND column_name = 'status') AND objoid = (SELECT oid FROM pg_catalog.pg_class WHERE relname = 'financial_goals' AND relnamespace = (SELECT oid FROM pg_catalog.pg_namespace WHERE nspname = CURRENT_SCHEMA()))

2025/12/24 04:19:39 [32m/Users/louislawrence/Music/apps/stack/lazervault-golang/database/migrations.go:164
[0m[33m[0.421ms] [34;1m[rows:0][0m SELECT description FROM pg_catalog.pg_description WHERE objsubid = (SELECT ordinal_position FROM information_schema.columns WHERE table_schema = CURRENT_SCHEMA() AND table_name = 'financial_goals' AND column_name = 'percentage_complete') AND objoid = (SELECT oid FROM pg_catalog.pg_class WHERE relname = 'financial_goals' AND relnamespace = (SELECT oid FROM pg_catalog.pg_namespace WHERE nspname = CURRENT_SCHEMA()))

2025/12/24 04:19:39 [32m/Users/louislawrence/Music/apps/stack/lazervault-golang/database/migrations.go:164
[0m[33m[0.323ms] [34;1m[rows:0][0m SELECT description FROM pg_catalog.pg_description WHERE objsubid = (SELECT ordinal_position FROM information_schema.columns WHERE table_schema = CURRENT_SCHEMA() AND table_name = 'financial_goals' AND column_name = 'months_remaining') AND objoid = (SELECT oid FROM pg_catalog.pg_class WHERE relname = 'financial_goals' AND relnamespace = (SELECT oid FROM pg_catalog.pg_namespace WHERE nspname = CURRENT_SCHEMA()))

2025/12/24 04:19:39 [32m/Users/louislawrence/Music/apps/stack/lazervault-golang/database/migrations.go:164
[0m[33m[0.255ms] [34;1m[rows:0][0m SELECT description FROM pg_catalog.pg_description WHERE objsubid = (SELECT ordinal_position FROM information_schema.columns WHERE table_schema = CURRENT_SCHEMA() AND table_name = 'financial_goals' AND column_name = 'icon') AND objoid = (SELECT oid FROM pg_catalog.pg_class WHERE relname = 'financial_goals' AND relnamespace = (SELECT oid FROM pg_catalog.pg_namespace WHERE nspname = CURRENT_SCHEMA()))

2025/12/24 04:19:39 [32m/Users/louislawrence/Music/apps/stack/lazervault-golang/database/migrations.go:164
[0m[33m[0.175ms] [34;1m[rows:0][0m SELECT description FROM pg_catalog.pg_description WHERE objsubid = (SELECT ordinal_position FROM information_schema.columns WHERE table_schema = CURRENT_SCHEMA() AND table_name = 'financial_goals' AND column_name = 'color') AND objoid = (SELECT oid FROM pg_catalog.pg_class WHERE relname = 'financial_goals' AND relnamespace = (SELECT oid FROM pg_catalog.pg_namespace WHERE nspname = CURRENT_SCHEMA()))

2025/12/24 04:19:39 [32m/Users/louislawrence/Music/apps/stack/lazervault-golang/database/migrations.go:164
[0m[33m[0.149ms] [34;1m[rows:0][0m SELECT description FROM pg_catalog.pg_description WHERE objsubid = (SELECT ordinal_position FROM information_schema.columns WHERE table_schema = CURRENT_SCHEMA() AND table_name = 'financial_goals' AND column_name = 'created_at') AND objoid = (SELECT oid FROM pg_catalog.pg_class WHERE relname = 'financial_goals' AND relnamespace = (SELECT oid FROM pg_catalog.pg_namespace WHERE nspname = CURRENT_SCHEMA()))

2025/12/24 04:19:39 [32m/Users/louislawrence/Music/apps/stack/lazervault-golang/database/migrations.go:164
[0m[33m[0.154ms] [34;1m[rows:0][0m SELECT description FROM pg_catalog.pg_description WHERE objsubid = (SELECT ordinal_position FROM information_schema.columns WHERE table_schema = CURRENT_SCHEMA() AND table_name = 'financial_goals' AND column_name = 'updated_at') AND objoid = (SELECT oid FROM pg_catalog.pg_class WHERE relname = 'financial_goals' AND relnamespace = (SELECT oid FROM pg_catalog.pg_namespace WHERE nspname = CURRENT_SCHEMA()))

2025/12/24 04:19:39 [32m/Users/louislawrence/Music/apps/stack/lazervault-golang/database/migrations.go:164
[0m[33m[0.140ms] [34;1m[rows:0][0m SELECT description FROM pg_catalog.pg_description WHERE objsubid = (SELECT ordinal_position FROM information_schema.columns WHERE table_schema = CURRENT_SCHEMA() AND table_name = 'financial_goals' AND column_name = 'deleted_at') AND objoid = (SELECT oid FROM pg_catalog.pg_class WHERE relname = 'financial_goals' AND relnamespace = (SELECT oid FROM pg_catalog.pg_namespace WHERE nspname = CURRENT_SCHEMA()))

2025/12/24 04:19:39 [32m/Users/louislawrence/Music/apps/stack/lazervault-golang/database/migrations.go:164
[0m[33m[0.180ms] [34;1m[rows:1][0m SELECT count(*) FROM INFORMATION_SCHEMA.table_constraints WHERE table_schema = CURRENT_SCHEMA() AND table_name = 'financial_goals' AND constraint_name = 'fk_financial_goals_user'

2025/12/24 04:19:39 [32m/Users/louislawrence/Music/apps/stack/lazervault-golang/database/migrations.go:164
[0m[33m[0.127ms] [34;1m[rows:1][0m SELECT count(*) FROM pg_indexes WHERE tablename = 'financial_goals' AND indexname = 'idx_goal_user' AND schemaname = CURRENT_SCHEMA()

2025/12/24 04:19:39 [32m/Users/louislawrence/Music/apps/stack/lazervault-golang/database/migrations.go:164
[0m[33m[0.106ms] [34;1m[rows:1][0m SELECT count(*) FROM pg_indexes WHERE tablename = 'financial_goals' AND indexname = 'idx_goal_type' AND schemaname = CURRENT_SCHEMA()

2025/12/24 04:19:39 [32m/Users/louislawrence/Music/apps/stack/lazervault-golang/database/migrations.go:164
[0m[33m[0.110ms] [34;1m[rows:1][0m SELECT count(*) FROM pg_indexes WHERE tablename = 'financial_goals' AND indexname = 'idx_goal_target_date' AND schemaname = CURRENT_SCHEMA()

2025/12/24 04:19:39 [32m/Users/louislawrence/Music/apps/stack/lazervault-golang/database/migrations.go:164
[0m[33m[0.119ms] [34;1m[rows:1][0m SELECT count(*) FROM pg_indexes WHERE tablename = 'financial_goals' AND indexname = 'idx_goal_status' AND schemaname = CURRENT_SCHEMA()

2025/12/24 04:19:39 [32m/Users/louislawrence/Music/apps/stack/lazervault-golang/database/migrations.go:164
[0m[33m[0.104ms] [34;1m[rows:1][0m SELECT count(*) FROM pg_indexes WHERE tablename = 'financial_goals' AND indexname = 'idx_financial_goals_deleted_at' AND schemaname = CURRENT_SCHEMA()

2025/12/24 04:19:39 [32m/Users/louislawrence/Music/apps/stack/lazervault-golang/database/migrations.go:164
[0m[33m[0.223ms] [34;1m[rows:1][0m SELECT count(*) FROM information_schema.tables WHERE table_schema = CURRENT_SCHEMA() AND table_name = 'savings_goals' AND table_type = 'BASE TABLE'

2025/12/24 04:19:39 [32m/Users/louislawrence/Music/apps/stack/lazervault-golang/database/migrations.go:164
[0m[33m[0.080ms] [34;1m[rows:1][0m SELECT CURRENT_DATABASE()

2025/12/24 04:19:39 [32m/Users/louislawrence/Music/apps/stack/lazervault-golang/database/migrations.go:164
[0m[33m[0.954ms] [34;1m[rows:-][0m SELECT c.column_name, c.is_nullable = 'YES', c.udt_name, c.character_maximum_length, c.numeric_precision, c.numeric_precision_radix, c.numeric_scale, c.datetime_precision, 8 * typlen, c.column_default, pd.description, c.identity_increment FROM information_schema.columns AS c JOIN pg_type AS pgt ON c.udt_name = pgt.typname LEFT JOIN pg_catalog.pg_description as pd ON pd.objsubid = c.ordinal_position AND pd.objoid = (SELECT oid FROM pg_catalog.pg_class WHERE relname = c.table_name AND relnamespace = (SELECT oid FROM pg_catalog.pg_namespace WHERE nspname = c.table_schema)) where table_catalog = 'postgres' AND table_schema = CURRENT_SCHEMA() AND table_name = 'savings_goals'

2025/12/24 04:19:39 [32m/Users/louislawrence/Music/apps/stack/lazervault-golang/database/migrations.go:164
[0m[33m[0.747ms] [34;1m[rows:-][0m SELECT * FROM "savings_goals" LIMIT 5

2025/12/24 04:19:39 [32m/Users/louislawrence/Music/apps/stack/lazervault-golang/database/migrations.go:164
[0m[33m[1.495ms] [34;1m[rows:-][0m SELECT constraint_name FROM information_schema.table_constraints tc JOIN information_schema.constraint_column_usage AS ccu USING (constraint_schema, constraint_catalog, table_name, constraint_name) JOIN information_schema.columns AS c ON c.table_schema = tc.constraint_schema AND tc.table_name = c.table_name AND ccu.column_name = c.column_name WHERE constraint_type IN ('PRIMARY KEY', 'UNIQUE') AND c.table_catalog = 'postgres' AND c.table_schema = CURRENT_SCHEMA() AND c.table_name = 'savings_goals' AND constraint_type = 'UNIQUE'

2025/12/24 04:19:39 [32m/Users/louislawrence/Music/apps/stack/lazervault-golang/database/migrations.go:164
[0m[33m[1.377ms] [34;1m[rows:-][0m SELECT c.column_name, constraint_name, constraint_type FROM information_schema.table_constraints tc JOIN information_schema.constraint_column_usage AS ccu USING (constraint_schema, constraint_catalog, table_name, constraint_name) JOIN information_schema.columns AS c ON c.table_schema = tc.constraint_schema AND tc.table_name = c.table_name AND ccu.column_name = c.column_name WHERE constraint_type IN ('PRIMARY KEY', 'UNIQUE') AND c.table_catalog = 'postgres' AND c.table_schema = CURRENT_SCHEMA() AND c.table_name = 'savings_goals'

2025/12/24 04:19:39 [32m/Users/louislawrence/Music/apps/stack/lazervault-golang/database/migrations.go:164
[0m[33m[0.116ms] [34;1m[rows:-][0m SELECT a.attname as column_name, format_type(a.atttypid, a.atttypmod) AS data_type
		FROM pg_attribute a JOIN pg_class b ON a.attrelid = b.oid AND relnamespace = (SELECT oid FROM pg_catalog.pg_namespace WHERE nspname = CURRENT_SCHEMA())
		WHERE a.attnum > 0 -- hide internal columns
		AND NOT a.attisdropped -- hide deleted columns
		AND b.relname = 'savings_goals'

2025/12/24 04:19:39 [32m/Users/louislawrence/Music/apps/stack/lazervault-golang/database/migrations.go:164
[0m[33m[0.169ms] [34;1m[rows:0][0m SELECT description FROM pg_catalog.pg_description WHERE objsubid = (SELECT ordinal_position FROM information_schema.columns WHERE table_schema = CURRENT_SCHEMA() AND table_name = 'savings_goals' AND column_name = 'id') AND objoid = (SELECT oid FROM pg_catalog.pg_class WHERE relname = 'savings_goals' AND relnamespace = (SELECT oid FROM pg_catalog.pg_namespace WHERE nspname = CURRENT_SCHEMA()))

2025/12/24 04:19:39 [32m/Users/louislawrence/Music/apps/stack/lazervault-golang/database/migrations.go:164
[0m[33m[0.155ms] [34;1m[rows:0][0m SELECT description FROM pg_catalog.pg_description WHERE objsubid = (SELECT ordinal_position FROM information_schema.columns WHERE table_schema = CURRENT_SCHEMA() AND table_name = 'savings_goals' AND column_name = 'user_id') AND objoid = (SELECT oid FROM pg_catalog.pg_class WHERE relname = 'savings_goals' AND relnamespace = (SELECT oid FROM pg_catalog.pg_namespace WHERE nspname = CURRENT_SCHEMA()))

2025/12/24 04:19:39 [32m/Users/louislawrence/Music/apps/stack/lazervault-golang/database/migrations.go:164
[0m[33m[0.136ms] [34;1m[rows:0][0m SELECT description FROM pg_catalog.pg_description WHERE objsubid = (SELECT ordinal_position FROM information_schema.columns WHERE table_schema = CURRENT_SCHEMA() AND table_name = 'savings_goals' AND column_name = 'name') AND objoid = (SELECT oid FROM pg_catalog.pg_class WHERE relname = 'savings_goals' AND relnamespace = (SELECT oid FROM pg_catalog.pg_namespace WHERE nspname = CURRENT_SCHEMA()))

2025/12/24 04:19:39 [32m/Users/louislawrence/Music/apps/stack/lazervault-golang/database/migrations.go:164
[0m[33m[0.128ms] [34;1m[rows:0][0m SELECT description FROM pg_catalog.pg_description WHERE objsubid = (SELECT ordinal_position FROM information_schema.columns WHERE table_schema = CURRENT_SCHEMA() AND table_name = 'savings_goals' AND column_name = 'target_amount') AND objoid = (SELECT oid FROM pg_catalog.pg_class WHERE relname = 'savings_goals' AND relnamespace = (SELECT oid FROM pg_catalog.pg_namespace WHERE nspname = CURRENT_SCHEMA()))

2025/12/24 04:19:39 [32m/Users/louislawrence/Music/apps/stack/lazervault-golang/database/migrations.go:164
[0m[33m[0.123ms] [34;1m[rows:0][0m SELECT description FROM pg_catalog.pg_description WHERE objsubid = (SELECT ordinal_position FROM information_schema.columns WHERE table_schema = CURRENT_SCHEMA() AND table_name = 'savings_goals' AND column_name = 'current_amount') AND objoid = (SELECT oid FROM pg_catalog.pg_class WHERE relname = 'savings_goals' AND relnamespace = (SELECT oid FROM pg_catalog.pg_namespace WHERE nspname = CURRENT_SCHEMA()))

2025/12/24 04:19:39 [32m/Users/louislawrence/Music/apps/stack/lazervault-golang/database/migrations.go:164
[0m[33m[0.122ms] [34;1m[rows:0][0m SELECT description FROM pg_catalog.pg_description WHERE objsubid = (SELECT ordinal_position FROM information_schema.columns WHERE table_schema = CURRENT_SCHEMA() AND table_name = 'savings_goals' AND column_name = 'percentage_complete') AND objoid = (SELECT oid FROM pg_catalog.pg_class WHERE relname = 'savings_goals' AND relnamespace = (SELECT oid FROM pg_catalog.pg_namespace WHERE nspname = CURRENT_SCHEMA()))

2025/12/24 04:19:39 [32m/Users/louislawrence/Music/apps/stack/lazervault-golang/database/migrations.go:164
[0m[33m[0.126ms] [34;1m[rows:0][0m SELECT description FROM pg_catalog.pg_description WHERE objsubid = (SELECT ordinal_position FROM information_schema.columns WHERE table_schema = CURRENT_SCHEMA() AND table_name = 'savings_goals' AND column_name = 'target_date') AND objoid = (SELECT oid FROM pg_catalog.pg_class WHERE relname = 'savings_goals' AND relnamespace = (SELECT oid FROM pg_catalog.pg_namespace WHERE nspname = CURRENT_SCHEMA()))

2025/12/24 04:19:39 [32m/Users/louislawrence/Music/apps/stack/lazervault-golang/database/migrations.go:164
[0m[33m[0.159ms] [34;1m[rows:0][0m SELECT description FROM pg_catalog.pg_description WHERE objsubid = (SELECT ordinal_position FROM information_schema.columns WHERE table_schema = CURRENT_SCHEMA() AND table_name = 'savings_goals' AND column_name = 'created_at') AND objoid = (SELECT oid FROM pg_catalog.pg_class WHERE relname = 'savings_goals' AND relnamespace = (SELECT oid FROM pg_catalog.pg_namespace WHERE nspname = CURRENT_SCHEMA()))

2025/12/24 04:19:39 [32m/Users/louislawrence/Music/apps/stack/lazervault-golang/database/migrations.go:164
[0m[33m[0.171ms] [34;1m[rows:0][0m SELECT description FROM pg_catalog.pg_description WHERE objsubid = (SELECT ordinal_position FROM information_schema.columns WHERE table_schema = CURRENT_SCHEMA() AND table_name = 'savings_goals' AND column_name = 'updated_at') AND objoid = (SELECT oid FROM pg_catalog.pg_class WHERE relname = 'savings_goals' AND relnamespace = (SELECT oid FROM pg_catalog.pg_namespace WHERE nspname = CURRENT_SCHEMA()))

2025/12/24 04:19:39 [32m/Users/louislawrence/Music/apps/stack/lazervault-golang/database/migrations.go:164
[0m[33m[0.226ms] [34;1m[rows:0][0m SELECT description FROM pg_catalog.pg_description WHERE objsubid = (SELECT ordinal_position FROM information_schema.columns WHERE table_schema = CURRENT_SCHEMA() AND table_name = 'savings_goals' AND column_name = 'deleted_at') AND objoid = (SELECT oid FROM pg_catalog.pg_class WHERE relname = 'savings_goals' AND relnamespace = (SELECT oid FROM pg_catalog.pg_namespace WHERE nspname = CURRENT_SCHEMA()))

2025/12/24 04:19:39 [32m/Users/louislawrence/Music/apps/stack/lazervault-golang/database/migrations.go:164
[0m[33m[0.155ms] [34;1m[rows:1][0m SELECT count(*) FROM INFORMATION_SCHEMA.table_constraints WHERE table_schema = CURRENT_SCHEMA() AND table_name = 'savings_goals' AND constraint_name = 'fk_savings_goals_user'

2025/12/24 04:19:39 [32m/Users/louislawrence/Music/apps/stack/lazervault-golang/database/migrations.go:164
[0m[33m[0.167ms] [34;1m[rows:1][0m SELECT count(*) FROM pg_indexes WHERE tablename = 'savings_goals' AND indexname = 'idx_savings_goal_user' AND schemaname = CURRENT_SCHEMA()

2025/12/24 04:19:39 [32m/Users/louislawrence/Music/apps/stack/lazervault-golang/database/migrations.go:164
[0m[33m[0.105ms] [34;1m[rows:1][0m SELECT count(*) FROM pg_indexes WHERE tablename = 'savings_goals' AND indexname = 'idx_savings_goals_deleted_at' AND schemaname = CURRENT_SCHEMA()

2025/12/24 04:19:39 [32m/Users/louislawrence/Music/apps/stack/lazervault-golang/database/migrations.go:164
[0m[33m[0.104ms] [34;1m[rows:1][0m SELECT count(*) FROM information_schema.tables WHERE table_schema = CURRENT_SCHEMA() AND table_name = 'recurring_bills' AND table_type = 'BASE TABLE'

2025/12/24 04:19:39 [32m/Users/louislawrence/Music/apps/stack/lazervault-golang/database/migrations.go:164
[0m[33m[0.074ms] [34;1m[rows:1][0m SELECT CURRENT_DATABASE()

2025/12/24 04:19:39 [32m/Users/louislawrence/Music/apps/stack/lazervault-golang/database/migrations.go:164
[0m[33m[1.767ms] [34;1m[rows:-][0m SELECT c.column_name, c.is_nullable = 'YES', c.udt_name, c.character_maximum_length, c.numeric_precision, c.numeric_precision_radix, c.numeric_scale, c.datetime_precision, 8 * typlen, c.column_default, pd.description, c.identity_increment FROM information_schema.columns AS c JOIN pg_type AS pgt ON c.udt_name = pgt.typname LEFT JOIN pg_catalog.pg_description as pd ON pd.objsubid = c.ordinal_position AND pd.objoid = (SELECT oid FROM pg_catalog.pg_class WHERE relname = c.table_name AND relnamespace = (SELECT oid FROM pg_catalog.pg_namespace WHERE nspname = c.table_schema)) where table_catalog = 'postgres' AND table_schema = CURRENT_SCHEMA() AND table_name = 'recurring_bills'

2025/12/24 04:19:39 [32m/Users/louislawrence/Music/apps/stack/lazervault-golang/database/migrations.go:164
[0m[33m[1.028ms] [34;1m[rows:-][0m SELECT * FROM "recurring_bills" LIMIT 5

2025/12/24 04:19:39 [32m/Users/louislawrence/Music/apps/stack/lazervault-golang/database/migrations.go:164
[0m[33m[2.162ms] [34;1m[rows:-][0m SELECT constraint_name FROM information_schema.table_constraints tc JOIN information_schema.constraint_column_usage AS ccu USING (constraint_schema, constraint_catalog, table_name, constraint_name) JOIN information_schema.columns AS c ON c.table_schema = tc.constraint_schema AND tc.table_name = c.table_name AND ccu.column_name = c.column_name WHERE constraint_type IN ('PRIMARY KEY', 'UNIQUE') AND c.table_catalog = 'postgres' AND c.table_schema = CURRENT_SCHEMA() AND c.table_name = 'recurring_bills' AND constraint_type = 'UNIQUE'

2025/12/24 04:19:39 [32m/Users/louislawrence/Music/apps/stack/lazervault-golang/database/migrations.go:164
[0m[33m[2.222ms] [34;1m[rows:-][0m SELECT c.column_name, constraint_name, constraint_type FROM information_schema.table_constraints tc JOIN information_schema.constraint_column_usage AS ccu USING (constraint_schema, constraint_catalog, table_name, constraint_name) JOIN information_schema.columns AS c ON c.table_schema = tc.constraint_schema AND tc.table_name = c.table_name AND ccu.column_name = c.column_name WHERE constraint_type IN ('PRIMARY KEY', 'UNIQUE') AND c.table_catalog = 'postgres' AND c.table_schema = CURRENT_SCHEMA() AND c.table_name = 'recurring_bills'

2025/12/24 04:19:39 [32m/Users/louislawrence/Music/apps/stack/lazervault-golang/database/migrations.go:164
[0m[33m[0.128ms] [34;1m[rows:-][0m SELECT a.attname as column_name, format_type(a.atttypid, a.atttypmod) AS data_type
		FROM pg_attribute a JOIN pg_class b ON a.attrelid = b.oid AND relnamespace = (SELECT oid FROM pg_catalog.pg_namespace WHERE nspname = CURRENT_SCHEMA())
		WHERE a.attnum > 0 -- hide internal columns
		AND NOT a.attisdropped -- hide deleted columns
		AND b.relname = 'recurring_bills'

2025/12/24 04:19:39 [32m/Users/louislawrence/Music/apps/stack/lazervault-golang/database/migrations.go:164
[0m[33m[0.345ms] [34;1m[rows:0][0m SELECT description FROM pg_catalog.pg_description WHERE objsubid = (SELECT ordinal_position FROM information_schema.columns WHERE table_schema = CURRENT_SCHEMA() AND table_name = 'recurring_bills' AND column_name = 'id') AND objoid = (SELECT oid FROM pg_catalog.pg_class WHERE relname = 'recurring_bills' AND relnamespace = (SELECT oid FROM pg_catalog.pg_namespace WHERE nspname = CURRENT_SCHEMA()))

2025/12/24 04:19:39 [32m/Users/louislawrence/Music/apps/stack/lazervault-golang/database/migrations.go:164
[0m[33m[0.175ms] [34;1m[rows:0][0m SELECT description FROM pg_catalog.pg_description WHERE objsubid = (SELECT ordinal_position FROM information_schema.columns WHERE table_schema = CURRENT_SCHEMA() AND table_name = 'recurring_bills' AND column_name = 'user_id') AND objoid = (SELECT oid FROM pg_catalog.pg_class WHERE relname = 'recurring_bills' AND relnamespace = (SELECT oid FROM pg_catalog.pg_namespace WHERE nspname = CURRENT_SCHEMA()))

2025/12/24 04:19:39 [32m/Users/louislawrence/Music/apps/stack/lazervault-golang/database/migrations.go:164
[0m[33m[0.135ms] [34;1m[rows:0][0m SELECT description FROM pg_catalog.pg_description WHERE objsubid = (SELECT ordinal_position FROM information_schema.columns WHERE table_schema = CURRENT_SCHEMA() AND table_name = 'recurring_bills' AND column_name = 'name') AND objoid = (SELECT oid FROM pg_catalog.pg_class WHERE relname = 'recurring_bills' AND relnamespace = (SELECT oid FROM pg_catalog.pg_namespace WHERE nspname = CURRENT_SCHEMA()))

2025/12/24 04:19:39 [32m/Users/louislawrence/Music/apps/stack/lazervault-golang/database/migrations.go:164
[0m[33m[0.130ms] [34;1m[rows:0][0m SELECT description FROM pg_catalog.pg_description WHERE objsubid = (SELECT ordinal_position FROM information_schema.columns WHERE table_schema = CURRENT_SCHEMA() AND table_name = 'recurring_bills' AND column_name = 'amount') AND objoid = (SELECT oid FROM pg_catalog.pg_class WHERE relname = 'recurring_bills' AND relnamespace = (SELECT oid FROM pg_catalog.pg_namespace WHERE nspname = CURRENT_SCHEMA()))

2025/12/24 04:19:39 [32m/Users/louislawrence/Music/apps/stack/lazervault-golang/database/migrations.go:164
[0m[33m[0.124ms] [34;1m[rows:0][0m SELECT description FROM pg_catalog.pg_description WHERE objsubid = (SELECT ordinal_position FROM information_schema.columns WHERE table_schema = CURRENT_SCHEMA() AND table_name = 'recurring_bills' AND column_name = 'currency') AND objoid = (SELECT oid FROM pg_catalog.pg_class WHERE relname = 'recurring_bills' AND relnamespace = (SELECT oid FROM pg_catalog.pg_namespace WHERE nspname = CURRENT_SCHEMA()))

2025/12/24 04:19:39 [32m/Users/louislawrence/Music/apps/stack/lazervault-golang/database/migrations.go:164
[0m[33m[0.122ms] [34;1m[rows:0][0m SELECT description FROM pg_catalog.pg_description WHERE objsubid = (SELECT ordinal_position FROM information_schema.columns WHERE table_schema = CURRENT_SCHEMA() AND table_name = 'recurring_bills' AND column_name = 'category') AND objoid = (SELECT oid FROM pg_catalog.pg_class WHERE relname = 'recurring_bills' AND relnamespace = (SELECT oid FROM pg_catalog.pg_namespace WHERE nspname = CURRENT_SCHEMA()))

2025/12/24 04:19:39 [32m/Users/louislawrence/Music/apps/stack/lazervault-golang/database/migrations.go:164
[0m[33m[0.122ms] [34;1m[rows:0][0m SELECT description FROM pg_catalog.pg_description WHERE objsubid = (SELECT ordinal_position FROM information_schema.columns WHERE table_schema = CURRENT_SCHEMA() AND table_name = 'recurring_bills' AND column_name = 'recurrence_pattern') AND objoid = (SELECT oid FROM pg_catalog.pg_class WHERE relname = 'recurring_bills' AND relnamespace = (SELECT oid FROM pg_catalog.pg_namespace WHERE nspname = CURRENT_SCHEMA()))

2025/12/24 04:19:39 [32m/Users/louislawrence/Music/apps/stack/lazervault-golang/database/migrations.go:164
[0m[33m[0.123ms] [34;1m[rows:0][0m SELECT description FROM pg_catalog.pg_description WHERE objsubid = (SELECT ordinal_position FROM information_schema.columns WHERE table_schema = CURRENT_SCHEMA() AND table_name = 'recurring_bills' AND column_name = 'next_due_date') AND objoid = (SELECT oid FROM pg_catalog.pg_class WHERE relname = 'recurring_bills' AND relnamespace = (SELECT oid FROM pg_catalog.pg_namespace WHERE nspname = CURRENT_SCHEMA()))

2025/12/24 04:19:39 [32m/Users/louislawrence/Music/apps/stack/lazervault-golang/database/migrations.go:164
[0m[33m[0.160ms] [34;1m[rows:0][0m SELECT description FROM pg_catalog.pg_description WHERE objsubid = (SELECT ordinal_position FROM information_schema.columns WHERE table_schema = CURRENT_SCHEMA() AND table_name = 'recurring_bills' AND column_name = 'last_paid_date') AND objoid = (SELECT oid FROM pg_catalog.pg_class WHERE relname = 'recurring_bills' AND relnamespace = (SELECT oid FROM pg_catalog.pg_namespace WHERE nspname = CURRENT_SCHEMA()))

2025/12/24 04:19:39 [32m/Users/louislawrence/Music/apps/stack/lazervault-golang/database/migrations.go:164
[0m[33m[0.126ms] [34;1m[rows:0][0m SELECT description FROM pg_catalog.pg_description WHERE objsubid = (SELECT ordinal_position FROM information_schema.columns WHERE table_schema = CURRENT_SCHEMA() AND table_name = 'recurring_bills' AND column_name = 'status') AND objoid = (SELECT oid FROM pg_catalog.pg_class WHERE relname = 'recurring_bills' AND relnamespace = (SELECT oid FROM pg_catalog.pg_namespace WHERE nspname = CURRENT_SCHEMA()))

2025/12/24 04:19:39 [32m/Users/louislawrence/Music/apps/stack/lazervault-golang/database/migrations.go:164
[0m[33m[0.188ms] [34;1m[rows:0][0m SELECT description FROM pg_catalog.pg_description WHERE objsubid = (SELECT ordinal_position FROM information_schema.columns WHERE table_schema = CURRENT_SCHEMA() AND table_name = 'recurring_bills' AND column_name = 'days_until_due') AND objoid = (SELECT oid FROM pg_catalog.pg_class WHERE relname = 'recurring_bills' AND relnamespace = (SELECT oid FROM pg_catalog.pg_namespace WHERE nspname = CURRENT_SCHEMA()))

2025/12/24 04:19:39 [32m/Users/louislawrence/Music/apps/stack/lazervault-golang/database/migrations.go:164
[0m[33m[0.135ms] [34;1m[rows:0][0m SELECT description FROM pg_catalog.pg_description WHERE objsubid = (SELECT ordinal_position FROM information_schema.columns WHERE table_schema = CURRENT_SCHEMA() AND table_name = 'recurring_bills' AND column_name = 'merchant') AND objoid = (SELECT oid FROM pg_catalog.pg_class WHERE relname = 'recurring_bills' AND relnamespace = (SELECT oid FROM pg_catalog.pg_namespace WHERE nspname = CURRENT_SCHEMA()))

2025/12/24 04:19:39 [32m/Users/louislawrence/Music/apps/stack/lazervault-golang/database/migrations.go:164
[0m[33m[0.127ms] [34;1m[rows:0][0m SELECT description FROM pg_catalog.pg_description WHERE objsubid = (SELECT ordinal_position FROM information_schema.columns WHERE table_schema = CURRENT_SCHEMA() AND table_name = 'recurring_bills' AND column_name = 'icon') AND objoid = (SELECT oid FROM pg_catalog.pg_class WHERE relname = 'recurring_bills' AND relnamespace = (SELECT oid FROM pg_catalog.pg_namespace WHERE nspname = CURRENT_SCHEMA()))

2025/12/24 04:19:39 [32m/Users/louislawrence/Music/apps/stack/lazervault-golang/database/migrations.go:164
[0m[33m[0.259ms] [34;1m[rows:0][0m SELECT description FROM pg_catalog.pg_description WHERE objsubid = (SELECT ordinal_position FROM information_schema.columns WHERE table_schema = CURRENT_SCHEMA() AND table_name = 'recurring_bills' AND column_name = 'auto_pay_enabled') AND objoid = (SELECT oid FROM pg_catalog.pg_class WHERE relname = 'recurring_bills' AND relnamespace = (SELECT oid FROM pg_catalog.pg_namespace WHERE nspname = CURRENT_SCHEMA()))

2025/12/24 04:19:39 [32m/Users/louislawrence/Music/apps/stack/lazervault-golang/database/migrations.go:164
[0m[33m[0.182ms] [34;1m[rows:0][0m SELECT description FROM pg_catalog.pg_description WHERE objsubid = (SELECT ordinal_position FROM information_schema.columns WHERE table_schema = CURRENT_SCHEMA() AND table_name = 'recurring_bills' AND column_name = 'created_at') AND objoid = (SELECT oid FROM pg_catalog.pg_class WHERE relname = 'recurring_bills' AND relnamespace = (SELECT oid FROM pg_catalog.pg_namespace WHERE nspname = CURRENT_SCHEMA()))

2025/12/24 04:19:39 [32m/Users/louislawrence/Music/apps/stack/lazervault-golang/database/migrations.go:164
[0m[33m[1.310ms] [34;1m[rows:0][0m SELECT description FROM pg_catalog.pg_description WHERE objsubid = (SELECT ordinal_position FROM information_schema.columns WHERE table_schema = CURRENT_SCHEMA() AND table_name = 'recurring_bills' AND column_name = 'updated_at') AND objoid = (SELECT oid FROM pg_catalog.pg_class WHERE relname = 'recurring_bills' AND relnamespace = (SELECT oid FROM pg_catalog.pg_namespace WHERE nspname = CURRENT_SCHEMA()))

2025/12/24 04:19:39 [32m/Users/louislawrence/Music/apps/stack/lazervault-golang/database/migrations.go:164
[0m[33m[0.139ms] [34;1m[rows:0][0m SELECT description FROM pg_catalog.pg_description WHERE objsubid = (SELECT ordinal_position FROM information_schema.columns WHERE table_schema = CURRENT_SCHEMA() AND table_name = 'recurring_bills' AND column_name = 'deleted_at') AND objoid = (SELECT oid FROM pg_catalog.pg_class WHERE relname = 'recurring_bills' AND relnamespace = (SELECT oid FROM pg_catalog.pg_namespace WHERE nspname = CURRENT_SCHEMA()))

2025/12/24 04:19:39 [32m/Users/louislawrence/Music/apps/stack/lazervault-golang/database/migrations.go:164
[0m[33m[0.165ms] [34;1m[rows:1][0m SELECT count(*) FROM INFORMATION_SCHEMA.table_constraints WHERE table_schema = CURRENT_SCHEMA() AND table_name = 'recurring_bills' AND constraint_name = 'fk_recurring_bills_user'

2025/12/24 04:19:39 [32m/Users/louislawrence/Music/apps/stack/lazervault-golang/database/migrations.go:164
[0m[33m[0.107ms] [34;1m[rows:1][0m SELECT count(*) FROM pg_indexes WHERE tablename = 'recurring_bills' AND indexname = 'idx_recurring_bills_deleted_at' AND schemaname = CURRENT_SCHEMA()

2025/12/24 04:19:39 [32m/Users/louislawrence/Music/apps/stack/lazervault-golang/database/migrations.go:164
[0m[33m[0.092ms] [34;1m[rows:1][0m SELECT count(*) FROM pg_indexes WHERE tablename = 'recurring_bills' AND indexname = 'idx_bill_user' AND schemaname = CURRENT_SCHEMA()

2025/12/24 04:19:39 [32m/Users/louislawrence/Music/apps/stack/lazervault-golang/database/migrations.go:164
[0m[33m[0.094ms] [34;1m[rows:1][0m SELECT count(*) FROM pg_indexes WHERE tablename = 'recurring_bills' AND indexname = 'idx_bill_due_date' AND schemaname = CURRENT_SCHEMA()

2025/12/24 04:19:39 [32m/Users/louislawrence/Music/apps/stack/lazervault-golang/database/migrations.go:164
[0m[33m[0.100ms] [34;1m[rows:1][0m SELECT count(*) FROM pg_indexes WHERE tablename = 'recurring_bills' AND indexname = 'idx_bill_status' AND schemaname = CURRENT_SCHEMA()

2025/12/24 04:19:39 [32m/Users/louislawrence/Music/apps/stack/lazervault-golang/database/migrations.go:164
[0m[33m[0.100ms] [34;1m[rows:1][0m SELECT count(*) FROM information_schema.tables WHERE table_schema = CURRENT_SCHEMA() AND table_name = 'email_verifications' AND table_type = 'BASE TABLE'

2025/12/24 04:19:39 [32m/Users/louislawrence/Music/apps/stack/lazervault-golang/database/migrations.go:164
[0m[33m[0.068ms] [34;1m[rows:1][0m SELECT CURRENT_DATABASE()

2025/12/24 04:19:39 [32m/Users/louislawrence/Music/apps/stack/lazervault-golang/database/migrations.go:164
[0m[33m[1.248ms] [34;1m[rows:-][0m SELECT c.column_name, c.is_nullable = 'YES', c.udt_name, c.character_maximum_length, c.numeric_precision, c.numeric_precision_radix, c.numeric_scale, c.datetime_precision, 8 * typlen, c.column_default, pd.description, c.identity_increment FROM information_schema.columns AS c JOIN pg_type AS pgt ON c.udt_name = pgt.typname LEFT JOIN pg_catalog.pg_description as pd ON pd.objsubid = c.ordinal_position AND pd.objoid = (SELECT oid FROM pg_catalog.pg_class WHERE relname = c.table_name AND relnamespace = (SELECT oid FROM pg_catalog.pg_namespace WHERE nspname = c.table_schema)) where table_catalog = 'postgres' AND table_schema = CURRENT_SCHEMA() AND table_name = 'email_verifications'

2025/12/24 04:19:39 [32m/Users/louislawrence/Music/apps/stack/lazervault-golang/database/migrations.go:164
[0m[33m[1.154ms] [34;1m[rows:-][0m SELECT * FROM "email_verifications" LIMIT 5

2025/12/24 04:19:39 [32m/Users/louislawrence/Music/apps/stack/lazervault-golang/database/migrations.go:164
[0m[33m[1.013ms] [34;1m[rows:-][0m SELECT constraint_name FROM information_schema.table_constraints tc JOIN information_schema.constraint_column_usage AS ccu USING (constraint_schema, constraint_catalog, table_name, constraint_name) JOIN information_schema.columns AS c ON c.table_schema = tc.constraint_schema AND tc.table_name = c.table_name AND ccu.column_name = c.column_name WHERE constraint_type IN ('PRIMARY KEY', 'UNIQUE') AND c.table_catalog = 'postgres' AND c.table_schema = CURRENT_SCHEMA() AND c.table_name = 'email_verifications' AND constraint_type = 'UNIQUE'

2025/12/24 04:19:39 [32m/Users/louislawrence/Music/apps/stack/lazervault-golang/database/migrations.go:164
[0m[33m[1.155ms] [34;1m[rows:-][0m SELECT c.column_name, constraint_name, constraint_type FROM information_schema.table_constraints tc JOIN information_schema.constraint_column_usage AS ccu USING (constraint_schema, constraint_catalog, table_name, constraint_name) JOIN information_schema.columns AS c ON c.table_schema = tc.constraint_schema AND tc.table_name = c.table_name AND ccu.column_name = c.column_name WHERE constraint_type IN ('PRIMARY KEY', 'UNIQUE') AND c.table_catalog = 'postgres' AND c.table_schema = CURRENT_SCHEMA() AND c.table_name = 'email_verifications'

2025/12/24 04:19:39 [32m/Users/louislawrence/Music/apps/stack/lazervault-golang/database/migrations.go:164
[0m[33m[0.103ms] [34;1m[rows:-][0m SELECT a.attname as column_name, format_type(a.atttypid, a.atttypmod) AS data_type
		FROM pg_attribute a JOIN pg_class b ON a.attrelid = b.oid AND relnamespace = (SELECT oid FROM pg_catalog.pg_namespace WHERE nspname = CURRENT_SCHEMA())
		WHERE a.attnum > 0 -- hide internal columns
		AND NOT a.attisdropped -- hide deleted columns
		AND b.relname = 'email_verifications'

2025/12/24 04:19:39 [32m/Users/louislawrence/Music/apps/stack/lazervault-golang/database/migrations.go:164
[0m[33m[0.384ms] [34;1m[rows:0][0m SELECT description FROM pg_catalog.pg_description WHERE objsubid = (SELECT ordinal_position FROM information_schema.columns WHERE table_schema = CURRENT_SCHEMA() AND table_name = 'email_verifications' AND column_name = 'id') AND objoid = (SELECT oid FROM pg_catalog.pg_class WHERE relname = 'email_verifications' AND relnamespace = (SELECT oid FROM pg_catalog.pg_namespace WHERE nspname = CURRENT_SCHEMA()))

2025/12/24 04:19:39 [32m/Users/louislawrence/Music/apps/stack/lazervault-golang/database/migrations.go:164
[0m[33m[0.311ms] [34;1m[rows:0][0m SELECT description FROM pg_catalog.pg_description WHERE objsubid = (SELECT ordinal_position FROM information_schema.columns WHERE table_schema = CURRENT_SCHEMA() AND table_name = 'email_verifications' AND column_name = 'user_id') AND objoid = (SELECT oid FROM pg_catalog.pg_class WHERE relname = 'email_verifications' AND relnamespace = (SELECT oid FROM pg_catalog.pg_namespace WHERE nspname = CURRENT_SCHEMA()))

2025/12/24 04:19:39 [32m/Users/louislawrence/Music/apps/stack/lazervault-golang/database/migrations.go:164
[0m[33m[0.182ms] [34;1m[rows:0][0m SELECT description FROM pg_catalog.pg_description WHERE objsubid = (SELECT ordinal_position FROM information_schema.columns WHERE table_schema = CURRENT_SCHEMA() AND table_name = 'email_verifications' AND column_name = 'email') AND objoid = (SELECT oid FROM pg_catalog.pg_class WHERE relname = 'email_verifications' AND relnamespace = (SELECT oid FROM pg_catalog.pg_namespace WHERE nspname = CURRENT_SCHEMA()))

2025/12/24 04:19:39 [32m/Users/louislawrence/Music/apps/stack/lazervault-golang/database/migrations.go:164
[0m[33m[0.185ms] [34;1m[rows:0][0m SELECT description FROM pg_catalog.pg_description WHERE objsubid = (SELECT ordinal_position FROM information_schema.columns WHERE table_schema = CURRENT_SCHEMA() AND table_name = 'email_verifications' AND column_name = 'code') AND objoid = (SELECT oid FROM pg_catalog.pg_class WHERE relname = 'email_verifications' AND relnamespace = (SELECT oid FROM pg_catalog.pg_namespace WHERE nspname = CURRENT_SCHEMA()))

2025/12/24 04:19:39 [32m/Users/louislawrence/Music/apps/stack/lazervault-golang/database/migrations.go:164
[0m[33m[0.233ms] [34;1m[rows:0][0m SELECT description FROM pg_catalog.pg_description WHERE objsubid = (SELECT ordinal_position FROM information_schema.columns WHERE table_schema = CURRENT_SCHEMA() AND table_name = 'email_verifications' AND column_name = 'expires_at') AND objoid = (SELECT oid FROM pg_catalog.pg_class WHERE relname = 'email_verifications' AND relnamespace = (SELECT oid FROM pg_catalog.pg_namespace WHERE nspname = CURRENT_SCHEMA()))

2025/12/24 04:19:39 [32m/Users/louislawrence/Music/apps/stack/lazervault-golang/database/migrations.go:164
[0m[33m[0.140ms] [34;1m[rows:0][0m SELECT description FROM pg_catalog.pg_description WHERE objsubid = (SELECT ordinal_position FROM information_schema.columns WHERE table_schema = CURRENT_SCHEMA() AND table_name = 'email_verifications' AND column_name = 'created_at') AND objoid = (SELECT oid FROM pg_catalog.pg_class WHERE relname = 'email_verifications' AND relnamespace = (SELECT oid FROM pg_catalog.pg_namespace WHERE nspname = CURRENT_SCHEMA()))

2025/12/24 04:19:39 [32m/Users/louislawrence/Music/apps/stack/lazervault-golang/database/migrations.go:164
[0m[33m[0.128ms] [34;1m[rows:0][0m SELECT description FROM pg_catalog.pg_description WHERE objsubid = (SELECT ordinal_position FROM information_schema.columns WHERE table_schema = CURRENT_SCHEMA() AND table_name = 'email_verifications' AND column_name = 'used_at') AND objoid = (SELECT oid FROM pg_catalog.pg_class WHERE relname = 'email_verifications' AND relnamespace = (SELECT oid FROM pg_catalog.pg_namespace WHERE nspname = CURRENT_SCHEMA()))

2025/12/24 04:19:39 [32m/Users/louislawrence/Music/apps/stack/lazervault-golang/database/migrations.go:164
[0m[33m[0.116ms] [34;1m[rows:1][0m SELECT count(*) FROM pg_indexes WHERE tablename = 'email_verifications' AND indexname = 'idx_email_verifications_user_id' AND schemaname = CURRENT_SCHEMA()

2025/12/24 04:19:39 [32m/Users/louislawrence/Music/apps/stack/lazervault-golang/database/migrations.go:164
[0m[33m[0.093ms] [34;1m[rows:1][0m SELECT count(*) FROM pg_indexes WHERE tablename = 'email_verifications' AND indexname = 'idx_email_verifications_email' AND schemaname = CURRENT_SCHEMA()

2025/12/24 04:19:39 [32m/Users/louislawrence/Music/apps/stack/lazervault-golang/database/migrations.go:164
[0m[33m[0.091ms] [34;1m[rows:1][0m SELECT count(*) FROM pg_indexes WHERE tablename = 'email_verifications' AND indexname = 'idx_email_verifications_code' AND schemaname = CURRENT_SCHEMA()

2025/12/24 04:19:39 [32m/Users/louislawrence/Music/apps/stack/lazervault-golang/database/migrations.go:164
[0m[33m[0.090ms] [34;1m[rows:1][0m SELECT count(*) FROM pg_indexes WHERE tablename = 'email_verifications' AND indexname = 'idx_email_verifications_used_at' AND schemaname = CURRENT_SCHEMA()

2025/12/24 04:19:39 [32m/Users/louislawrence/Music/apps/stack/lazervault-golang/database/migrations.go:164
[0m[33m[0.100ms] [34;1m[rows:1][0m SELECT count(*) FROM information_schema.tables WHERE table_schema = CURRENT_SCHEMA() AND table_name = 'password_reset_otps' AND table_type = 'BASE TABLE'

2025/12/24 04:19:39 [32m/Users/louislawrence/Music/apps/stack/lazervault-golang/database/migrations.go:164
[0m[33m[0.079ms] [34;1m[rows:1][0m SELECT CURRENT_DATABASE()

2025/12/24 04:19:39 [32m/Users/louislawrence/Music/apps/stack/lazervault-golang/database/migrations.go:164
[0m[33m[0.841ms] [34;1m[rows:-][0m SELECT c.column_name, c.is_nullable = 'YES', c.udt_name, c.character_maximum_length, c.numeric_precision, c.numeric_precision_radix, c.numeric_scale, c.datetime_precision, 8 * typlen, c.column_default, pd.description, c.identity_increment FROM information_schema.columns AS c JOIN pg_type AS pgt ON c.udt_name = pgt.typname LEFT JOIN pg_catalog.pg_description as pd ON pd.objsubid = c.ordinal_position AND pd.objoid = (SELECT oid FROM pg_catalog.pg_class WHERE relname = c.table_name AND relnamespace = (SELECT oid FROM pg_catalog.pg_namespace WHERE nspname = c.table_schema)) where table_catalog = 'postgres' AND table_schema = CURRENT_SCHEMA() AND table_name = 'password_reset_otps'

2025/12/24 04:19:39 [32m/Users/louislawrence/Music/apps/stack/lazervault-golang/database/migrations.go:164
[0m[33m[1.075ms] [34;1m[rows:-][0m SELECT * FROM "password_reset_otps" LIMIT 5

2025/12/24 04:19:39 [32m/Users/louislawrence/Music/apps/stack/lazervault-golang/database/migrations.go:164
[0m[33m[1.135ms] [34;1m[rows:-][0m SELECT constraint_name FROM information_schema.table_constraints tc JOIN information_schema.constraint_column_usage AS ccu USING (constraint_schema, constraint_catalog, table_name, constraint_name) JOIN information_schema.columns AS c ON c.table_schema = tc.constraint_schema AND tc.table_name = c.table_name AND ccu.column_name = c.column_name WHERE constraint_type IN ('PRIMARY KEY', 'UNIQUE') AND c.table_catalog = 'postgres' AND c.table_schema = CURRENT_SCHEMA() AND c.table_name = 'password_reset_otps' AND constraint_type = 'UNIQUE'

2025/12/24 04:19:39 [32m/Users/louislawrence/Music/apps/stack/lazervault-golang/database/migrations.go:164
[0m[33m[1.119ms] [34;1m[rows:-][0m SELECT c.column_name, constraint_name, constraint_type FROM information_schema.table_constraints tc JOIN information_schema.constraint_column_usage AS ccu USING (constraint_schema, constraint_catalog, table_name, constraint_name) JOIN information_schema.columns AS c ON c.table_schema = tc.constraint_schema AND tc.table_name = c.table_name AND ccu.column_name = c.column_name WHERE constraint_type IN ('PRIMARY KEY', 'UNIQUE') AND c.table_catalog = 'postgres' AND c.table_schema = CURRENT_SCHEMA() AND c.table_name = 'password_reset_otps'

2025/12/24 04:19:39 [32m/Users/louislawrence/Music/apps/stack/lazervault-golang/database/migrations.go:164
[0m[33m[0.106ms] [34;1m[rows:-][0m SELECT a.attname as column_name, format_type(a.atttypid, a.atttypmod) AS data_type
		FROM pg_attribute a JOIN pg_class b ON a.attrelid = b.oid AND relnamespace = (SELECT oid FROM pg_catalog.pg_namespace WHERE nspname = CURRENT_SCHEMA())
		WHERE a.attnum > 0 -- hide internal columns
		AND NOT a.attisdropped -- hide deleted columns
		AND b.relname = 'password_reset_otps'

2025/12/24 04:19:39 [32m/Users/louislawrence/Music/apps/stack/lazervault-golang/database/migrations.go:164
[0m[33m[0.166ms] [34;1m[rows:0][0m SELECT description FROM pg_catalog.pg_description WHERE objsubid = (SELECT ordinal_position FROM information_schema.columns WHERE table_schema = CURRENT_SCHEMA() AND table_name = 'password_reset_otps' AND column_name = 'id') AND objoid = (SELECT oid FROM pg_catalog.pg_class WHERE relname = 'password_reset_otps' AND relnamespace = (SELECT oid FROM pg_catalog.pg_namespace WHERE nspname = CURRENT_SCHEMA()))

2025/12/24 04:19:39 [32m/Users/louislawrence/Music/apps/stack/lazervault-golang/database/migrations.go:164
[0m[33m[0.163ms] [34;1m[rows:0][0m SELECT description FROM pg_catalog.pg_description WHERE objsubid = (SELECT ordinal_position FROM information_schema.columns WHERE table_schema = CURRENT_SCHEMA() AND table_name = 'password_reset_otps' AND column_name = 'user_id') AND objoid = (SELECT oid FROM pg_catalog.pg_class WHERE relname = 'password_reset_otps' AND relnamespace = (SELECT oid FROM pg_catalog.pg_namespace WHERE nspname = CURRENT_SCHEMA()))

2025/12/24 04:19:39 [32m/Users/louislawrence/Music/apps/stack/lazervault-golang/database/migrations.go:164
[0m[33m[0.130ms] [34;1m[rows:0][0m SELECT description FROM pg_catalog.pg_description WHERE objsubid = (SELECT ordinal_position FROM information_schema.columns WHERE table_schema = CURRENT_SCHEMA() AND table_name = 'password_reset_otps' AND column_name = 'identifier') AND objoid = (SELECT oid FROM pg_catalog.pg_class WHERE relname = 'password_reset_otps' AND relnamespace = (SELECT oid FROM pg_catalog.pg_namespace WHERE nspname = CURRENT_SCHEMA()))

2025/12/24 04:19:39 [32m/Users/louislawrence/Music/apps/stack/lazervault-golang/database/migrations.go:164
[0m[33m[0.133ms] [34;1m[rows:0][0m SELECT description FROM pg_catalog.pg_description WHERE objsubid = (SELECT ordinal_position FROM information_schema.columns WHERE table_schema = CURRENT_SCHEMA() AND table_name = 'password_reset_otps' AND column_name = 'otp_code') AND objoid = (SELECT oid FROM pg_catalog.pg_class WHERE relname = 'password_reset_otps' AND relnamespace = (SELECT oid FROM pg_catalog.pg_namespace WHERE nspname = CURRENT_SCHEMA()))

2025/12/24 04:19:39 [32m/Users/louislawrence/Music/apps/stack/lazervault-golang/database/migrations.go:164
[0m[33m[0.124ms] [34;1m[rows:0][0m SELECT description FROM pg_catalog.pg_description WHERE objsubid = (SELECT ordinal_position FROM information_schema.columns WHERE table_schema = CURRENT_SCHEMA() AND table_name = 'password_reset_otps' AND column_name = 'delivery_method') AND objoid = (SELECT oid FROM pg_catalog.pg_class WHERE relname = 'password_reset_otps' AND relnamespace = (SELECT oid FROM pg_catalog.pg_namespace WHERE nspname = CURRENT_SCHEMA()))

2025/12/24 04:19:39 [32m/Users/louislawrence/Music/apps/stack/lazervault-golang/database/migrations.go:164
[0m[33m[0.123ms] [34;1m[rows:0][0m SELECT description FROM pg_catalog.pg_description WHERE objsubid = (SELECT ordinal_position FROM information_schema.columns WHERE table_schema = CURRENT_SCHEMA() AND table_name = 'password_reset_otps' AND column_name = 'expires_at') AND objoid = (SELECT oid FROM pg_catalog.pg_class WHERE relname = 'password_reset_otps' AND relnamespace = (SELECT oid FROM pg_catalog.pg_namespace WHERE nspname = CURRENT_SCHEMA()))

2025/12/24 04:19:39 [32m/Users/louislawrence/Music/apps/stack/lazervault-golang/database/migrations.go:164
[0m[33m[0.122ms] [34;1m[rows:0][0m SELECT description FROM pg_catalog.pg_description WHERE objsubid = (SELECT ordinal_position FROM information_schema.columns WHERE table_schema = CURRENT_SCHEMA() AND table_name = 'password_reset_otps' AND column_name = 'created_at') AND objoid = (SELECT oid FROM pg_catalog.pg_class WHERE relname = 'password_reset_otps' AND relnamespace = (SELECT oid FROM pg_catalog.pg_namespace WHERE nspname = CURRENT_SCHEMA()))

2025/12/24 04:19:39 [32m/Users/louislawrence/Music/apps/stack/lazervault-golang/database/migrations.go:164
[0m[33m[0.121ms] [34;1m[rows:0][0m SELECT description FROM pg_catalog.pg_description WHERE objsubid = (SELECT ordinal_position FROM information_schema.columns WHERE table_schema = CURRENT_SCHEMA() AND table_name = 'password_reset_otps' AND column_name = 'used_at') AND objoid = (SELECT oid FROM pg_catalog.pg_class WHERE relname = 'password_reset_otps' AND relnamespace = (SELECT oid FROM pg_catalog.pg_namespace WHERE nspname = CURRENT_SCHEMA()))

2025/12/24 04:19:39 [32m/Users/louislawrence/Music/apps/stack/lazervault-golang/database/migrations.go:164
[0m[33m[0.112ms] [34;1m[rows:1][0m SELECT count(*) FROM pg_indexes WHERE tablename = 'password_reset_otps' AND indexname = 'idx_password_reset_otps_otp_code' AND schemaname = CURRENT_SCHEMA()

2025/12/24 04:19:39 [32m/Users/louislawrence/Music/apps/stack/lazervault-golang/database/migrations.go:164
[0m[33m[0.099ms] [34;1m[rows:1][0m SELECT count(*) FROM pg_indexes WHERE tablename = 'password_reset_otps' AND indexname = 'idx_password_reset_otps_used_at' AND schemaname = CURRENT_SCHEMA()

2025/12/24 04:19:39 [32m/Users/louislawrence/Music/apps/stack/lazervault-golang/database/migrations.go:164
[0m[33m[0.087ms] [34;1m[rows:1][0m SELECT count(*) FROM pg_indexes WHERE tablename = 'password_reset_otps' AND indexname = 'idx_password_reset_otps_user_id' AND schemaname = CURRENT_SCHEMA()

2025/12/24 04:19:39 [32m/Users/louislawrence/Music/apps/stack/lazervault-golang/database/migrations.go:164
[0m[33m[0.096ms] [34;1m[rows:1][0m SELECT count(*) FROM pg_indexes WHERE tablename = 'password_reset_otps' AND indexname = 'idx_password_reset_otps_identifier' AND schemaname = CURRENT_SCHEMA()

2025/12/24 04:19:39 [32m/Users/louislawrence/Music/apps/stack/lazervault-golang/database/migrations.go:164
[0m[33m[0.091ms] [34;1m[rows:1][0m SELECT count(*) FROM information_schema.tables WHERE table_schema = CURRENT_SCHEMA() AND table_name = 'user_preferences' AND table_type = 'BASE TABLE'

2025/12/24 04:19:39 [32m/Users/louislawrence/Music/apps/stack/lazervault-golang/database/migrations.go:164
[0m[33m[0.057ms] [34;1m[rows:1][0m SELECT CURRENT_DATABASE()

2025/12/24 04:19:39 [32m/Users/louislawrence/Music/apps/stack/lazervault-golang/database/migrations.go:164
[0m[33m[1.068ms] [34;1m[rows:-][0m SELECT c.column_name, c.is_nullable = 'YES', c.udt_name, c.character_maximum_length, c.numeric_precision, c.numeric_precision_radix, c.numeric_scale, c.datetime_precision, 8 * typlen, c.column_default, pd.description, c.identity_increment FROM information_schema.columns AS c JOIN pg_type AS pgt ON c.udt_name = pgt.typname LEFT JOIN pg_catalog.pg_description as pd ON pd.objsubid = c.ordinal_position AND pd.objoid = (SELECT oid FROM pg_catalog.pg_class WHERE relname = c.table_name AND relnamespace = (SELECT oid FROM pg_catalog.pg_namespace WHERE nspname = c.table_schema)) where table_catalog = 'postgres' AND table_schema = CURRENT_SCHEMA() AND table_name = 'user_preferences'

2025/12/24 04:19:39 [32m/Users/louislawrence/Music/apps/stack/lazervault-golang/database/migrations.go:164
[0m[33m[1.058ms] [34;1m[rows:-][0m SELECT * FROM "user_preferences" LIMIT 5

2025/12/24 04:19:39 [32m/Users/louislawrence/Music/apps/stack/lazervault-golang/database/migrations.go:164
[0m[33m[1.744ms] [34;1m[rows:-][0m SELECT constraint_name FROM information_schema.table_constraints tc JOIN information_schema.constraint_column_usage AS ccu USING (constraint_schema, constraint_catalog, table_name, constraint_name) JOIN information_schema.columns AS c ON c.table_schema = tc.constraint_schema AND tc.table_name = c.table_name AND ccu.column_name = c.column_name WHERE constraint_type IN ('PRIMARY KEY', 'UNIQUE') AND c.table_catalog = 'postgres' AND c.table_schema = CURRENT_SCHEMA() AND c.table_name = 'user_preferences' AND constraint_type = 'UNIQUE'

2025/12/24 04:19:39 [32m/Users/louislawrence/Music/apps/stack/lazervault-golang/database/migrations.go:164
[0m[33m[1.986ms] [34;1m[rows:-][0m SELECT c.column_name, constraint_name, constraint_type FROM information_schema.table_constraints tc JOIN information_schema.constraint_column_usage AS ccu USING (constraint_schema, constraint_catalog, table_name, constraint_name) JOIN information_schema.columns AS c ON c.table_schema = tc.constraint_schema AND tc.table_name = c.table_name AND ccu.column_name = c.column_name WHERE constraint_type IN ('PRIMARY KEY', 'UNIQUE') AND c.table_catalog = 'postgres' AND c.table_schema = CURRENT_SCHEMA() AND c.table_name = 'user_preferences'

2025/12/24 04:19:39 [32m/Users/louislawrence/Music/apps/stack/lazervault-golang/database/migrations.go:164
[0m[33m[0.135ms] [34;1m[rows:-][0m SELECT a.attname as column_name, format_type(a.atttypid, a.atttypmod) AS data_type
		FROM pg_attribute a JOIN pg_class b ON a.attrelid = b.oid AND relnamespace = (SELECT oid FROM pg_catalog.pg_namespace WHERE nspname = CURRENT_SCHEMA())
		WHERE a.attnum > 0 -- hide internal columns
		AND NOT a.attisdropped -- hide deleted columns
		AND b.relname = 'user_preferences'

2025/12/24 04:19:39 [32m/Users/louislawrence/Music/apps/stack/lazervault-golang/database/migrations.go:164
[0m[33m[0.173ms] [34;1m[rows:0][0m SELECT description FROM pg_catalog.pg_description WHERE objsubid = (SELECT ordinal_position FROM information_schema.columns WHERE table_schema = CURRENT_SCHEMA() AND table_name = 'user_preferences' AND column_name = 'id') AND objoid = (SELECT oid FROM pg_catalog.pg_class WHERE relname = 'user_preferences' AND relnamespace = (SELECT oid FROM pg_catalog.pg_namespace WHERE nspname = CURRENT_SCHEMA()))

2025/12/24 04:19:39 [32m/Users/louislawrence/Music/apps/stack/lazervault-golang/database/migrations.go:164
[0m[33m[0.152ms] [34;1m[rows:0][0m SELECT description FROM pg_catalog.pg_description WHERE objsubid = (SELECT ordinal_position FROM information_schema.columns WHERE table_schema = CURRENT_SCHEMA() AND table_name = 'user_preferences' AND column_name = 'user_id') AND objoid = (SELECT oid FROM pg_catalog.pg_class WHERE relname = 'user_preferences' AND relnamespace = (SELECT oid FROM pg_catalog.pg_namespace WHERE nspname = CURRENT_SCHEMA()))

2025/12/24 04:19:39 [32m/Users/louislawrence/Music/apps/stack/lazervault-golang/database/migrations.go:164
[0m[33m[0.133ms] [34;1m[rows:0][0m SELECT description FROM pg_catalog.pg_description WHERE objsubid = (SELECT ordinal_position FROM information_schema.columns WHERE table_schema = CURRENT_SCHEMA() AND table_name = 'user_preferences' AND column_name = 'push_notifications') AND objoid = (SELECT oid FROM pg_catalog.pg_class WHERE relname = 'user_preferences' AND relnamespace = (SELECT oid FROM pg_catalog.pg_namespace WHERE nspname = CURRENT_SCHEMA()))

2025/12/24 04:19:39 [32m/Users/louislawrence/Music/apps/stack/lazervault-golang/database/migrations.go:164
[0m[33m[0.126ms] [34;1m[rows:0][0m SELECT description FROM pg_catalog.pg_description WHERE objsubid = (SELECT ordinal_position FROM information_schema.columns WHERE table_schema = CURRENT_SCHEMA() AND table_name = 'user_preferences' AND column_name = 'email_notifications') AND objoid = (SELECT oid FROM pg_catalog.pg_class WHERE relname = 'user_preferences' AND relnamespace = (SELECT oid FROM pg_catalog.pg_namespace WHERE nspname = CURRENT_SCHEMA()))

2025/12/24 04:19:39 [32m/Users/louislawrence/Music/apps/stack/lazervault-golang/database/migrations.go:164
[0m[33m[0.124ms] [34;1m[rows:0][0m SELECT description FROM pg_catalog.pg_description WHERE objsubid = (SELECT ordinal_position FROM information_schema.columns WHERE table_schema = CURRENT_SCHEMA() AND table_name = 'user_preferences' AND column_name = 'sms_notifications') AND objoid = (SELECT oid FROM pg_catalog.pg_class WHERE relname = 'user_preferences' AND relnamespace = (SELECT oid FROM pg_catalog.pg_namespace WHERE nspname = CURRENT_SCHEMA()))

2025/12/24 04:19:39 [32m/Users/louislawrence/Music/apps/stack/lazervault-golang/database/migrations.go:164
[0m[33m[0.139ms] [34;1m[rows:0][0m SELECT description FROM pg_catalog.pg_description WHERE objsubid = (SELECT ordinal_position FROM information_schema.columns WHERE table_schema = CURRENT_SCHEMA() AND table_name = 'user_preferences' AND column_name = 'dark_mode') AND objoid = (SELECT oid FROM pg_catalog.pg_class WHERE relname = 'user_preferences' AND relnamespace = (SELECT oid FROM pg_catalog.pg_namespace WHERE nspname = CURRENT_SCHEMA()))

2025/12/24 04:19:39 [32m/Users/louislawrence/Music/apps/stack/lazervault-golang/database/migrations.go:164
[0m[33m[0.153ms] [34;1m[rows:0][0m SELECT description FROM pg_catalog.pg_description WHERE objsubid = (SELECT ordinal_position FROM information_schema.columns WHERE table_schema = CURRENT_SCHEMA() AND table_name = 'user_preferences' AND column_name = 'language') AND objoid = (SELECT oid FROM pg_catalog.pg_class WHERE relname = 'user_preferences' AND relnamespace = (SELECT oid FROM pg_catalog.pg_namespace WHERE nspname = CURRENT_SCHEMA()))

2025/12/24 04:19:39 [32m/Users/louislawrence/Music/apps/stack/lazervault-golang/database/migrations.go:164
[0m[33m[0.143ms] [34;1m[rows:0][0m SELECT description FROM pg_catalog.pg_description WHERE objsubid = (SELECT ordinal_position FROM information_schema.columns WHERE table_schema = CURRENT_SCHEMA() AND table_name = 'user_preferences' AND column_name = 'currency') AND objoid = (SELECT oid FROM pg_catalog.pg_class WHERE relname = 'user_preferences' AND relnamespace = (SELECT oid FROM pg_catalog.pg_namespace WHERE nspname = CURRENT_SCHEMA()))

2025/12/24 04:19:39 [32m/Users/louislawrence/Music/apps/stack/lazervault-golang/database/migrations.go:164
[0m[33m[0.141ms] [34;1m[rows:0][0m SELECT description FROM pg_catalog.pg_description WHERE objsubid = (SELECT ordinal_position FROM information_schema.columns WHERE table_schema = CURRENT_SCHEMA() AND table_name = 'user_preferences' AND column_name = 'country') AND objoid = (SELECT oid FROM pg_catalog.pg_class WHERE relname = 'user_preferences' AND relnamespace = (SELECT oid FROM pg_catalog.pg_namespace WHERE nspname = CURRENT_SCHEMA()))

2025/12/24 04:19:39 [32m/Users/louislawrence/Music/apps/stack/lazervault-golang/database/migrations.go:164
[0m[33m[0.135ms] [34;1m[rows:0][0m SELECT description FROM pg_catalog.pg_description WHERE objsubid = (SELECT ordinal_position FROM information_schema.columns WHERE table_schema = CURRENT_SCHEMA() AND table_name = 'user_preferences' AND column_name = 'preferred_countries') AND objoid = (SELECT oid FROM pg_catalog.pg_class WHERE relname = 'user_preferences' AND relnamespace = (SELECT oid FROM pg_catalog.pg_namespace WHERE nspname = CURRENT_SCHEMA()))

2025/12/24 04:19:39 [32m/Users/louislawrence/Music/apps/stack/lazervault-golang/database/migrations.go:164
[0m[33m[0.143ms] [34;1m[rows:0][0m SELECT description FROM pg_catalog.pg_description WHERE objsubid = (SELECT ordinal_position FROM information_schema.columns WHERE table_schema = CURRENT_SCHEMA() AND table_name = 'user_preferences' AND column_name = 'active_country') AND objoid = (SELECT oid FROM pg_catalog.pg_class WHERE relname = 'user_preferences' AND relnamespace = (SELECT oid FROM pg_catalog.pg_namespace WHERE nspname = CURRENT_SCHEMA()))

2025/12/24 04:19:39 [32m/Users/louislawrence/Music/apps/stack/lazervault-golang/database/migrations.go:164
[0m[33m[0.143ms] [34;1m[rows:0][0m SELECT description FROM pg_catalog.pg_description WHERE objsubid = (SELECT ordinal_position FROM information_schema.columns WHERE table_schema = CURRENT_SCHEMA() AND table_name = 'user_preferences' AND column_name = 'created_at') AND objoid = (SELECT oid FROM pg_catalog.pg_class WHERE relname = 'user_preferences' AND relnamespace = (SELECT oid FROM pg_catalog.pg_namespace WHERE nspname = CURRENT_SCHEMA()))

2025/12/24 04:19:39 [32m/Users/louislawrence/Music/apps/stack/lazervault-golang/database/migrations.go:164
[0m[33m[0.138ms] [34;1m[rows:0][0m SELECT description FROM pg_catalog.pg_description WHERE objsubid = (SELECT ordinal_position FROM information_schema.columns WHERE table_schema = CURRENT_SCHEMA() AND table_name = 'user_preferences' AND column_name = 'updated_at') AND objoid = (SELECT oid FROM pg_catalog.pg_class WHERE relname = 'user_preferences' AND relnamespace = (SELECT oid FROM pg_catalog.pg_namespace WHERE nspname = CURRENT_SCHEMA()))

2025/12/24 04:19:39 [32m/Users/louislawrence/Music/apps/stack/lazervault-golang/database/migrations.go:164
[0m[33m[0.128ms] [34;1m[rows:1][0m SELECT count(*) FROM pg_indexes WHERE tablename = 'user_preferences' AND indexname = 'idx_user_preferences_user_id' AND schemaname = CURRENT_SCHEMA()

2025/12/24 04:19:39 [32m/Users/louislawrence/Music/apps/stack/lazervault-golang/database/migrations.go:164
[0m[33m[0.116ms] [34;1m[rows:1][0m SELECT count(*) FROM information_schema.tables WHERE table_schema = CURRENT_SCHEMA() AND table_name = 'group_accounts' AND table_type = 'BASE TABLE'

2025/12/24 04:19:39 [32m/Users/louislawrence/Music/apps/stack/lazervault-golang/database/migrations.go:164
[0m[33m[0.063ms] [34;1m[rows:1][0m SELECT CURRENT_DATABASE()

2025/12/24 04:19:39 [32m/Users/louislawrence/Music/apps/stack/lazervault-golang/database/migrations.go:164
[0m[33m[0.909ms] [34;1m[rows:-][0m SELECT c.column_name, c.is_nullable = 'YES', c.udt_name, c.character_maximum_length, c.numeric_precision, c.numeric_precision_radix, c.numeric_scale, c.datetime_precision, 8 * typlen, c.column_default, pd.description, c.identity_increment FROM information_schema.columns AS c JOIN pg_type AS pgt ON c.udt_name = pgt.typname LEFT JOIN pg_catalog.pg_description as pd ON pd.objsubid = c.ordinal_position AND pd.objoid = (SELECT oid FROM pg_catalog.pg_class WHERE relname = c.table_name AND relnamespace = (SELECT oid FROM pg_catalog.pg_namespace WHERE nspname = c.table_schema)) where table_catalog = 'postgres' AND table_schema = CURRENT_SCHEMA() AND table_name = 'group_accounts'

2025/12/24 04:19:39 [32m/Users/louislawrence/Music/apps/stack/lazervault-golang/database/migrations.go:164
[0m[33m[0.892ms] [34;1m[rows:-][0m SELECT * FROM "group_accounts" LIMIT 5

2025/12/24 04:19:39 [32m/Users/louislawrence/Music/apps/stack/lazervault-golang/database/migrations.go:164
[0m[33m[1.734ms] [34;1m[rows:-][0m SELECT constraint_name FROM information_schema.table_constraints tc JOIN information_schema.constraint_column_usage AS ccu USING (constraint_schema, constraint_catalog, table_name, constraint_name) JOIN information_schema.columns AS c ON c.table_schema = tc.constraint_schema AND tc.table_name = c.table_name AND ccu.column_name = c.column_name WHERE constraint_type IN ('PRIMARY KEY', 'UNIQUE') AND c.table_catalog = 'postgres' AND c.table_schema = CURRENT_SCHEMA() AND c.table_name = 'group_accounts' AND constraint_type = 'UNIQUE'

2025/12/24 04:19:39 [32m/Users/louislawrence/Music/apps/stack/lazervault-golang/database/migrations.go:164
[0m[33m[1.659ms] [34;1m[rows:-][0m SELECT c.column_name, constraint_name, constraint_type FROM information_schema.table_constraints tc JOIN information_schema.constraint_column_usage AS ccu USING (constraint_schema, constraint_catalog, table_name, constraint_name) JOIN information_schema.columns AS c ON c.table_schema = tc.constraint_schema AND tc.table_name = c.table_name AND ccu.column_name = c.column_name WHERE constraint_type IN ('PRIMARY KEY', 'UNIQUE') AND c.table_catalog = 'postgres' AND c.table_schema = CURRENT_SCHEMA() AND c.table_name = 'group_accounts'

2025/12/24 04:19:39 [32m/Users/louislawrence/Music/apps/stack/lazervault-golang/database/migrations.go:164
[0m[33m[0.141ms] [34;1m[rows:-][0m SELECT a.attname as column_name, format_type(a.atttypid, a.atttypmod) AS data_type
		FROM pg_attribute a JOIN pg_class b ON a.attrelid = b.oid AND relnamespace = (SELECT oid FROM pg_catalog.pg_namespace WHERE nspname = CURRENT_SCHEMA())
		WHERE a.attnum > 0 -- hide internal columns
		AND NOT a.attisdropped -- hide deleted columns
		AND b.relname = 'group_accounts'

2025/12/24 04:19:39 [32m/Users/louislawrence/Music/apps/stack/lazervault-golang/database/migrations.go:164
[0m[33m[0.174ms] [34;1m[rows:0][0m SELECT description FROM pg_catalog.pg_description WHERE objsubid = (SELECT ordinal_position FROM information_schema.columns WHERE table_schema = CURRENT_SCHEMA() AND table_name = 'group_accounts' AND column_name = 'id') AND objoid = (SELECT oid FROM pg_catalog.pg_class WHERE relname = 'group_accounts' AND relnamespace = (SELECT oid FROM pg_catalog.pg_namespace WHERE nspname = CURRENT_SCHEMA()))

2025/12/24 04:19:39 [32m/Users/louislawrence/Music/apps/stack/lazervault-golang/database/migrations.go:164
[0m[33m[0.144ms] [34;1m[rows:0][0m SELECT description FROM pg_catalog.pg_description WHERE objsubid = (SELECT ordinal_position FROM information_schema.columns WHERE table_schema = CURRENT_SCHEMA() AND table_name = 'group_accounts' AND column_name = 'created_at') AND objoid = (SELECT oid FROM pg_catalog.pg_class WHERE relname = 'group_accounts' AND relnamespace = (SELECT oid FROM pg_catalog.pg_namespace WHERE nspname = CURRENT_SCHEMA()))

2025/12/24 04:19:39 [32m/Users/louislawrence/Music/apps/stack/lazervault-golang/database/migrations.go:164
[0m[33m[0.132ms] [34;1m[rows:0][0m SELECT description FROM pg_catalog.pg_description WHERE objsubid = (SELECT ordinal_position FROM information_schema.columns WHERE table_schema = CURRENT_SCHEMA() AND table_name = 'group_accounts' AND column_name = 'updated_at') AND objoid = (SELECT oid FROM pg_catalog.pg_class WHERE relname = 'group_accounts' AND relnamespace = (SELECT oid FROM pg_catalog.pg_namespace WHERE nspname = CURRENT_SCHEMA()))

2025/12/24 04:19:39 [32m/Users/louislawrence/Music/apps/stack/lazervault-golang/database/migrations.go:164
[0m[33m[0.139ms] [34;1m[rows:0][0m SELECT description FROM pg_catalog.pg_description WHERE objsubid = (SELECT ordinal_position FROM information_schema.columns WHERE table_schema = CURRENT_SCHEMA() AND table_name = 'group_accounts' AND column_name = 'deleted_at') AND objoid = (SELECT oid FROM pg_catalog.pg_class WHERE relname = 'group_accounts' AND relnamespace = (SELECT oid FROM pg_catalog.pg_namespace WHERE nspname = CURRENT_SCHEMA()))

2025/12/24 04:19:39 [32m/Users/louislawrence/Music/apps/stack/lazervault-golang/database/migrations.go:164
[0m[33m[0.142ms] [34;1m[rows:0][0m SELECT description FROM pg_catalog.pg_description WHERE objsubid = (SELECT ordinal_position FROM information_schema.columns WHERE table_schema = CURRENT_SCHEMA() AND table_name = 'group_accounts' AND column_name = 'name') AND objoid = (SELECT oid FROM pg_catalog.pg_class WHERE relname = 'group_accounts' AND relnamespace = (SELECT oid FROM pg_catalog.pg_namespace WHERE nspname = CURRENT_SCHEMA()))

2025/12/24 04:19:39 [32m/Users/louislawrence/Music/apps/stack/lazervault-golang/database/migrations.go:164
[0m[33m[0.123ms] [34;1m[rows:0][0m SELECT description FROM pg_catalog.pg_description WHERE objsubid = (SELECT ordinal_position FROM information_schema.columns WHERE table_schema = CURRENT_SCHEMA() AND table_name = 'group_accounts' AND column_name = 'description') AND objoid = (SELECT oid FROM pg_catalog.pg_class WHERE relname = 'group_accounts' AND relnamespace = (SELECT oid FROM pg_catalog.pg_namespace WHERE nspname = CURRENT_SCHEMA()))

2025/12/24 04:19:39 [32m/Users/louislawrence/Music/apps/stack/lazervault-golang/database/migrations.go:164
[0m[33m[0.127ms] [34;1m[rows:0][0m SELECT description FROM pg_catalog.pg_description WHERE objsubid = (SELECT ordinal_position FROM information_schema.columns WHERE table_schema = CURRENT_SCHEMA() AND table_name = 'group_accounts' AND column_name = 'admin_id') AND objoid = (SELECT oid FROM pg_catalog.pg_class WHERE relname = 'group_accounts' AND relnamespace = (SELECT oid FROM pg_catalog.pg_namespace WHERE nspname = CURRENT_SCHEMA()))

2025/12/24 04:19:39 [32m/Users/louislawrence/Music/apps/stack/lazervault-golang/database/migrations.go:164
[0m[33m[0.135ms] [34;1m[rows:0][0m SELECT description FROM pg_catalog.pg_description WHERE objsubid = (SELECT ordinal_position FROM information_schema.columns WHERE table_schema = CURRENT_SCHEMA() AND table_name = 'group_accounts' AND column_name = 'status') AND objoid = (SELECT oid FROM pg_catalog.pg_class WHERE relname = 'group_accounts' AND relnamespace = (SELECT oid FROM pg_catalog.pg_namespace WHERE nspname = CURRENT_SCHEMA()))

2025/12/24 04:19:39 [32m/Users/louislawrence/Music/apps/stack/lazervault-golang/database/migrations.go:164
[0m[33m[0.159ms] [34;1m[rows:0][0m SELECT description FROM pg_catalog.pg_description WHERE objsubid = (SELECT ordinal_position FROM information_schema.columns WHERE table_schema = CURRENT_SCHEMA() AND table_name = 'group_accounts' AND column_name = 'metadata') AND objoid = (SELECT oid FROM pg_catalog.pg_class WHERE relname = 'group_accounts' AND relnamespace = (SELECT oid FROM pg_catalog.pg_namespace WHERE nspname = CURRENT_SCHEMA()))

2025/12/24 04:19:39 [32m/Users/louislawrence/Music/apps/stack/lazervault-golang/database/migrations.go:164
[0m[33m[0.160ms] [34;1m[rows:1][0m SELECT count(*) FROM INFORMATION_SCHEMA.table_constraints WHERE table_schema = CURRENT_SCHEMA() AND table_name = 'group_accounts' AND constraint_name = 'fk_group_accounts_admin'

2025/12/24 04:19:39 [32m/Users/louislawrence/Music/apps/stack/lazervault-golang/database/migrations.go:164
[0m[33m[0.118ms] [34;1m[rows:1][0m SELECT count(*) FROM pg_indexes WHERE tablename = 'group_accounts' AND indexname = 'idx_group_accounts_deleted_at' AND schemaname = CURRENT_SCHEMA()

2025/12/24 04:19:39 [32m/Users/louislawrence/Music/apps/stack/lazervault-golang/database/migrations.go:164
[0m[33m[0.111ms] [34;1m[rows:1][0m SELECT count(*) FROM pg_indexes WHERE tablename = 'group_accounts' AND indexname = 'idx_group_accounts_admin_id' AND schemaname = CURRENT_SCHEMA()

2025/12/24 04:19:39 [32m/Users/louislawrence/Music/apps/stack/lazervault-golang/database/migrations.go:164
[0m[33m[0.106ms] [34;1m[rows:1][0m SELECT count(*) FROM pg_indexes WHERE tablename = 'group_accounts' AND indexname = 'idx_group_accounts_status' AND schemaname = CURRENT_SCHEMA()

2025/12/24 04:19:39 [32m/Users/louislawrence/Music/apps/stack/lazervault-golang/database/migrations.go:164
[0m[33m[0.100ms] [34;1m[rows:1][0m SELECT count(*) FROM information_schema.tables WHERE table_schema = CURRENT_SCHEMA() AND table_name = 'group_members' AND table_type = 'BASE TABLE'

2025/12/24 04:19:39 [32m/Users/louislawrence/Music/apps/stack/lazervault-golang/database/migrations.go:164
[0m[33m[0.064ms] [34;1m[rows:1][0m SELECT CURRENT_DATABASE()

2025/12/24 04:19:39 [32m/Users/louislawrence/Music/apps/stack/lazervault-golang/database/migrations.go:164
[0m[33m[0.881ms] [34;1m[rows:-][0m SELECT c.column_name, c.is_nullable = 'YES', c.udt_name, c.character_maximum_length, c.numeric_precision, c.numeric_precision_radix, c.numeric_scale, c.datetime_precision, 8 * typlen, c.column_default, pd.description, c.identity_increment FROM information_schema.columns AS c JOIN pg_type AS pgt ON c.udt_name = pgt.typname LEFT JOIN pg_catalog.pg_description as pd ON pd.objsubid = c.ordinal_position AND pd.objoid = (SELECT oid FROM pg_catalog.pg_class WHERE relname = c.table_name AND relnamespace = (SELECT oid FROM pg_catalog.pg_namespace WHERE nspname = c.table_schema)) where table_catalog = 'postgres' AND table_schema = CURRENT_SCHEMA() AND table_name = 'group_members'

2025/12/24 04:19:39 [32m/Users/louislawrence/Music/apps/stack/lazervault-golang/database/migrations.go:164
[0m[33m[1.267ms] [34;1m[rows:-][0m SELECT * FROM "group_members" LIMIT 5

2025/12/24 04:19:39 [32m/Users/louislawrence/Music/apps/stack/lazervault-golang/database/migrations.go:164
[0m[33m[1.252ms] [34;1m[rows:-][0m SELECT constraint_name FROM information_schema.table_constraints tc JOIN information_schema.constraint_column_usage AS ccu USING (constraint_schema, constraint_catalog, table_name, constraint_name) JOIN information_schema.columns AS c ON c.table_schema = tc.constraint_schema AND tc.table_name = c.table_name AND ccu.column_name = c.column_name WHERE constraint_type IN ('PRIMARY KEY', 'UNIQUE') AND c.table_catalog = 'postgres' AND c.table_schema = CURRENT_SCHEMA() AND c.table_name = 'group_members' AND constraint_type = 'UNIQUE'

2025/12/24 04:19:39 [32m/Users/louislawrence/Music/apps/stack/lazervault-golang/database/migrations.go:164
[0m[33m[1.242ms] [34;1m[rows:-][0m SELECT c.column_name, constraint_name, constraint_type FROM information_schema.table_constraints tc JOIN information_schema.constraint_column_usage AS ccu USING (constraint_schema, constraint_catalog, table_name, constraint_name) JOIN information_schema.columns AS c ON c.table_schema = tc.constraint_schema AND tc.table_name = c.table_name AND ccu.column_name = c.column_name WHERE constraint_type IN ('PRIMARY KEY', 'UNIQUE') AND c.table_catalog = 'postgres' AND c.table_schema = CURRENT_SCHEMA() AND c.table_name = 'group_members'

2025/12/24 04:19:39 [32m/Users/louislawrence/Music/apps/stack/lazervault-golang/database/migrations.go:164
[0m[33m[0.114ms] [34;1m[rows:-][0m SELECT a.attname as column_name, format_type(a.atttypid, a.atttypmod) AS data_type
		FROM pg_attribute a JOIN pg_class b ON a.attrelid = b.oid AND relnamespace = (SELECT oid FROM pg_catalog.pg_namespace WHERE nspname = CURRENT_SCHEMA())
		WHERE a.attnum > 0 -- hide internal columns
		AND NOT a.attisdropped -- hide deleted columns
		AND b.relname = 'group_members'

2025/12/24 04:19:39 [32m/Users/louislawrence/Music/apps/stack/lazervault-golang/database/migrations.go:164
[0m[33m[0.183ms] [34;1m[rows:0][0m SELECT description FROM pg_catalog.pg_description WHERE objsubid = (SELECT ordinal_position FROM information_schema.columns WHERE table_schema = CURRENT_SCHEMA() AND table_name = 'group_members' AND column_name = 'id') AND objoid = (SELECT oid FROM pg_catalog.pg_class WHERE relname = 'group_members' AND relnamespace = (SELECT oid FROM pg_catalog.pg_namespace WHERE nspname = CURRENT_SCHEMA()))

2025/12/24 04:19:39 [32m/Users/louislawrence/Music/apps/stack/lazervault-golang/database/migrations.go:164
[0m[33m[0.185ms] [34;1m[rows:0][0m SELECT description FROM pg_catalog.pg_description WHERE objsubid = (SELECT ordinal_position FROM information_schema.columns WHERE table_schema = CURRENT_SCHEMA() AND table_name = 'group_members' AND column_name = 'created_at') AND objoid = (SELECT oid FROM pg_catalog.pg_class WHERE relname = 'group_members' AND relnamespace = (SELECT oid FROM pg_catalog.pg_namespace WHERE nspname = CURRENT_SCHEMA()))

2025/12/24 04:19:39 [32m/Users/louislawrence/Music/apps/stack/lazervault-golang/database/migrations.go:164
[0m[33m[0.150ms] [34;1m[rows:0][0m SELECT description FROM pg_catalog.pg_description WHERE objsubid = (SELECT ordinal_position FROM information_schema.columns WHERE table_schema = CURRENT_SCHEMA() AND table_name = 'group_members' AND column_name = 'updated_at') AND objoid = (SELECT oid FROM pg_catalog.pg_class WHERE relname = 'group_members' AND relnamespace = (SELECT oid FROM pg_catalog.pg_namespace WHERE nspname = CURRENT_SCHEMA()))

2025/12/24 04:19:39 [32m/Users/louislawrence/Music/apps/stack/lazervault-golang/database/migrations.go:164
[0m[33m[0.170ms] [34;1m[rows:0][0m SELECT description FROM pg_catalog.pg_description WHERE objsubid = (SELECT ordinal_position FROM information_schema.columns WHERE table_schema = CURRENT_SCHEMA() AND table_name = 'group_members' AND column_name = 'deleted_at') AND objoid = (SELECT oid FROM pg_catalog.pg_class WHERE relname = 'group_members' AND relnamespace = (SELECT oid FROM pg_catalog.pg_namespace WHERE nspname = CURRENT_SCHEMA()))

2025/12/24 04:19:39 [32m/Users/louislawrence/Music/apps/stack/lazervault-golang/database/migrations.go:164
[0m[33m[0.260ms] [34;1m[rows:0][0m SELECT description FROM pg_catalog.pg_description WHERE objsubid = (SELECT ordinal_position FROM information_schema.columns WHERE table_schema = CURRENT_SCHEMA() AND table_name = 'group_members' AND column_name = 'group_id') AND objoid = (SELECT oid FROM pg_catalog.pg_class WHERE relname = 'group_members' AND relnamespace = (SELECT oid FROM pg_catalog.pg_namespace WHERE nspname = CURRENT_SCHEMA()))

2025/12/24 04:19:39 [32m/Users/louislawrence/Music/apps/stack/lazervault-golang/database/migrations.go:164
[0m[33m[0.139ms] [34;1m[rows:0][0m SELECT description FROM pg_catalog.pg_description WHERE objsubid = (SELECT ordinal_position FROM information_schema.columns WHERE table_schema = CURRENT_SCHEMA() AND table_name = 'group_members' AND column_name = 'user_id') AND objoid = (SELECT oid FROM pg_catalog.pg_class WHERE relname = 'group_members' AND relnamespace = (SELECT oid FROM pg_catalog.pg_namespace WHERE nspname = CURRENT_SCHEMA()))

2025/12/24 04:19:39 [32m/Users/louislawrence/Music/apps/stack/lazervault-golang/database/migrations.go:164
[0m[33m[0.138ms] [34;1m[rows:0][0m SELECT description FROM pg_catalog.pg_description WHERE objsubid = (SELECT ordinal_position FROM information_schema.columns WHERE table_schema = CURRENT_SCHEMA() AND table_name = 'group_members' AND column_name = 'role') AND objoid = (SELECT oid FROM pg_catalog.pg_class WHERE relname = 'group_members' AND relnamespace = (SELECT oid FROM pg_catalog.pg_namespace WHERE nspname = CURRENT_SCHEMA()))

2025/12/24 04:19:39 [32m/Users/louislawrence/Music/apps/stack/lazervault-golang/database/migrations.go:164
[0m[33m[0.135ms] [34;1m[rows:0][0m SELECT description FROM pg_catalog.pg_description WHERE objsubid = (SELECT ordinal_position FROM information_schema.columns WHERE table_schema = CURRENT_SCHEMA() AND table_name = 'group_members' AND column_name = 'status') AND objoid = (SELECT oid FROM pg_catalog.pg_class WHERE relname = 'group_members' AND relnamespace = (SELECT oid FROM pg_catalog.pg_namespace WHERE nspname = CURRENT_SCHEMA()))

2025/12/24 04:19:39 [32m/Users/louislawrence/Music/apps/stack/lazervault-golang/database/migrations.go:164
[0m[33m[0.141ms] [34;1m[rows:0][0m SELECT description FROM pg_catalog.pg_description WHERE objsubid = (SELECT ordinal_position FROM information_schema.columns WHERE table_schema = CURRENT_SCHEMA() AND table_name = 'group_members' AND column_name = 'permissions') AND objoid = (SELECT oid FROM pg_catalog.pg_class WHERE relname = 'group_members' AND relnamespace = (SELECT oid FROM pg_catalog.pg_namespace WHERE nspname = CURRENT_SCHEMA()))

2025/12/24 04:19:39 [32m/Users/louislawrence/Music/apps/stack/lazervault-golang/database/migrations.go:164
[0m[33m[0.161ms] [34;1m[rows:1][0m SELECT count(*) FROM INFORMATION_SCHEMA.table_constraints WHERE table_schema = CURRENT_SCHEMA() AND table_name = 'group_members' AND constraint_name = 'fk_group_members_user'

2025/12/24 04:19:39 [32m/Users/louislawrence/Music/apps/stack/lazervault-golang/database/migrations.go:164
[0m[33m[0.157ms] [34;1m[rows:1][0m SELECT count(*) FROM INFORMATION_SCHEMA.table_constraints WHERE table_schema = CURRENT_SCHEMA() AND table_name = 'group_members' AND constraint_name = 'fk_group_accounts_members'

2025/12/24 04:19:39 [32m/Users/louislawrence/Music/apps/stack/lazervault-golang/database/migrations.go:164
[0m[33m[0.116ms] [34;1m[rows:1][0m SELECT count(*) FROM pg_indexes WHERE tablename = 'group_members' AND indexname = 'idx_group_members_deleted_at' AND schemaname = CURRENT_SCHEMA()

2025/12/24 04:19:39 [32m/Users/louislawrence/Music/apps/stack/lazervault-golang/database/migrations.go:164
[0m[33m[0.112ms] [34;1m[rows:1][0m SELECT count(*) FROM pg_indexes WHERE tablename = 'group_members' AND indexname = 'idx_group_members_group_id' AND schemaname = CURRENT_SCHEMA()

2025/12/24 04:19:39 [32m/Users/louislawrence/Music/apps/stack/lazervault-golang/database/migrations.go:164
[0m[33m[0.114ms] [34;1m[rows:1][0m SELECT count(*) FROM pg_indexes WHERE tablename = 'group_members' AND indexname = 'idx_group_members_user_id' AND schemaname = CURRENT_SCHEMA()

2025/12/24 04:19:39 [32m/Users/louislawrence/Music/apps/stack/lazervault-golang/database/migrations.go:164
[0m[33m[0.113ms] [34;1m[rows:1][0m SELECT count(*) FROM pg_indexes WHERE tablename = 'group_members' AND indexname = 'idx_group_members_status' AND schemaname = CURRENT_SCHEMA()

2025/12/24 04:19:39 [32m/Users/louislawrence/Music/apps/stack/lazervault-golang/database/migrations.go:164
[0m[33m[0.111ms] [34;1m[rows:1][0m SELECT count(*) FROM information_schema.tables WHERE table_schema = CURRENT_SCHEMA() AND table_name = 'contributions' AND table_type = 'BASE TABLE'

2025/12/24 04:19:39 [32m/Users/louislawrence/Music/apps/stack/lazervault-golang/database/migrations.go:164
[0m[33m[0.064ms] [34;1m[rows:1][0m SELECT CURRENT_DATABASE()

2025/12/24 04:19:39 [32m/Users/louislawrence/Music/apps/stack/lazervault-golang/database/migrations.go:164
[0m[33m[1.958ms] [34;1m[rows:-][0m SELECT c.column_name, c.is_nullable = 'YES', c.udt_name, c.character_maximum_length, c.numeric_precision, c.numeric_precision_radix, c.numeric_scale, c.datetime_precision, 8 * typlen, c.column_default, pd.description, c.identity_increment FROM information_schema.columns AS c JOIN pg_type AS pgt ON c.udt_name = pgt.typname LEFT JOIN pg_catalog.pg_description as pd ON pd.objsubid = c.ordinal_position AND pd.objoid = (SELECT oid FROM pg_catalog.pg_class WHERE relname = c.table_name AND relnamespace = (SELECT oid FROM pg_catalog.pg_namespace WHERE nspname = c.table_schema)) where table_catalog = 'postgres' AND table_schema = CURRENT_SCHEMA() AND table_name = 'contributions'

2025/12/24 04:19:39 [32m/Users/louislawrence/Music/apps/stack/lazervault-golang/database/migrations.go:164
[0m[33m[1.055ms] [34;1m[rows:-][0m SELECT * FROM "contributions" LIMIT 5

2025/12/24 04:19:39 [32m/Users/louislawrence/Music/apps/stack/lazervault-golang/database/migrations.go:164
[0m[33m[4.589ms] [34;1m[rows:-][0m SELECT constraint_name FROM information_schema.table_constraints tc JOIN information_schema.constraint_column_usage AS ccu USING (constraint_schema, constraint_catalog, table_name, constraint_name) JOIN information_schema.columns AS c ON c.table_schema = tc.constraint_schema AND tc.table_name = c.table_name AND ccu.column_name = c.column_name WHERE constraint_type IN ('PRIMARY KEY', 'UNIQUE') AND c.table_catalog = 'postgres' AND c.table_schema = CURRENT_SCHEMA() AND c.table_name = 'contributions' AND constraint_type = 'UNIQUE'

2025/12/24 04:19:39 [32m/Users/louislawrence/Music/apps/stack/lazervault-golang/database/migrations.go:164
[0m[33m[4.686ms] [34;1m[rows:-][0m SELECT c.column_name, constraint_name, constraint_type FROM information_schema.table_constraints tc JOIN information_schema.constraint_column_usage AS ccu USING (constraint_schema, constraint_catalog, table_name, constraint_name) JOIN information_schema.columns AS c ON c.table_schema = tc.constraint_schema AND tc.table_name = c.table_name AND ccu.column_name = c.column_name WHERE constraint_type IN ('PRIMARY KEY', 'UNIQUE') AND c.table_catalog = 'postgres' AND c.table_schema = CURRENT_SCHEMA() AND c.table_name = 'contributions'

2025/12/24 04:19:39 [32m/Users/louislawrence/Music/apps/stack/lazervault-golang/database/migrations.go:164
[0m[33m[0.158ms] [34;1m[rows:-][0m SELECT a.attname as column_name, format_type(a.atttypid, a.atttypmod) AS data_type
		FROM pg_attribute a JOIN pg_class b ON a.attrelid = b.oid AND relnamespace = (SELECT oid FROM pg_catalog.pg_namespace WHERE nspname = CURRENT_SCHEMA())
		WHERE a.attnum > 0 -- hide internal columns
		AND NOT a.attisdropped -- hide deleted columns
		AND b.relname = 'contributions'

2025/12/24 04:19:39 [32m/Users/louislawrence/Music/apps/stack/lazervault-golang/database/migrations.go:164
[0m[33m[0.181ms] [34;1m[rows:0][0m SELECT description FROM pg_catalog.pg_description WHERE objsubid = (SELECT ordinal_position FROM information_schema.columns WHERE table_schema = CURRENT_SCHEMA() AND table_name = 'contributions' AND column_name = 'id') AND objoid = (SELECT oid FROM pg_catalog.pg_class WHERE relname = 'contributions' AND relnamespace = (SELECT oid FROM pg_catalog.pg_namespace WHERE nspname = CURRENT_SCHEMA()))

2025/12/24 04:19:39 [32m/Users/louislawrence/Music/apps/stack/lazervault-golang/database/migrations.go:164
[0m[33m[0.183ms] [34;1m[rows:0][0m SELECT description FROM pg_catalog.pg_description WHERE objsubid = (SELECT ordinal_position FROM information_schema.columns WHERE table_schema = CURRENT_SCHEMA() AND table_name = 'contributions' AND column_name = 'created_at') AND objoid = (SELECT oid FROM pg_catalog.pg_class WHERE relname = 'contributions' AND relnamespace = (SELECT oid FROM pg_catalog.pg_namespace WHERE nspname = CURRENT_SCHEMA()))

2025/12/24 04:19:39 [32m/Users/louislawrence/Music/apps/stack/lazervault-golang/database/migrations.go:164
[0m[33m[0.155ms] [34;1m[rows:0][0m SELECT description FROM pg_catalog.pg_description WHERE objsubid = (SELECT ordinal_position FROM information_schema.columns WHERE table_schema = CURRENT_SCHEMA() AND table_name = 'contributions' AND column_name = 'updated_at') AND objoid = (SELECT oid FROM pg_catalog.pg_class WHERE relname = 'contributions' AND relnamespace = (SELECT oid FROM pg_catalog.pg_namespace WHERE nspname = CURRENT_SCHEMA()))

2025/12/24 04:19:39 [32m/Users/louislawrence/Music/apps/stack/lazervault-golang/database/migrations.go:164
[0m[33m[0.150ms] [34;1m[rows:0][0m SELECT description FROM pg_catalog.pg_description WHERE objsubid = (SELECT ordinal_position FROM information_schema.columns WHERE table_schema = CURRENT_SCHEMA() AND table_name = 'contributions' AND column_name = 'deleted_at') AND objoid = (SELECT oid FROM pg_catalog.pg_class WHERE relname = 'contributions' AND relnamespace = (SELECT oid FROM pg_catalog.pg_namespace WHERE nspname = CURRENT_SCHEMA()))

2025/12/24 04:19:39 [32m/Users/louislawrence/Music/apps/stack/lazervault-golang/database/migrations.go:164
[0m[33m[0.155ms] [34;1m[rows:0][0m SELECT description FROM pg_catalog.pg_description WHERE objsubid = (SELECT ordinal_position FROM information_schema.columns WHERE table_schema = CURRENT_SCHEMA() AND table_name = 'contributions' AND column_name = 'group_id') AND objoid = (SELECT oid FROM pg_catalog.pg_class WHERE relname = 'contributions' AND relnamespace = (SELECT oid FROM pg_catalog.pg_namespace WHERE nspname = CURRENT_SCHEMA()))

2025/12/24 04:19:39 [32m/Users/louislawrence/Music/apps/stack/lazervault-golang/database/migrations.go:164
[0m[33m[0.144ms] [34;1m[rows:0][0m SELECT description FROM pg_catalog.pg_description WHERE objsubid = (SELECT ordinal_position FROM information_schema.columns WHERE table_schema = CURRENT_SCHEMA() AND table_name = 'contributions' AND column_name = 'title') AND objoid = (SELECT oid FROM pg_catalog.pg_class WHERE relname = 'contributions' AND relnamespace = (SELECT oid FROM pg_catalog.pg_namespace WHERE nspname = CURRENT_SCHEMA()))

2025/12/24 04:19:39 [32m/Users/louislawrence/Music/apps/stack/lazervault-golang/database/migrations.go:164
[0m[33m[0.134ms] [34;1m[rows:0][0m SELECT description FROM pg_catalog.pg_description WHERE objsubid = (SELECT ordinal_position FROM information_schema.columns WHERE table_schema = CURRENT_SCHEMA() AND table_name = 'contributions' AND column_name = 'description') AND objoid = (SELECT oid FROM pg_catalog.pg_class WHERE relname = 'contributions' AND relnamespace = (SELECT oid FROM pg_catalog.pg_namespace WHERE nspname = CURRENT_SCHEMA()))

2025/12/24 04:19:39 [32m/Users/louislawrence/Music/apps/stack/lazervault-golang/database/migrations.go:164
[0m[33m[0.145ms] [34;1m[rows:0][0m SELECT description FROM pg_catalog.pg_description WHERE objsubid = (SELECT ordinal_position FROM information_schema.columns WHERE table_schema = CURRENT_SCHEMA() AND table_name = 'contributions' AND column_name = 'target_amount') AND objoid = (SELECT oid FROM pg_catalog.pg_class WHERE relname = 'contributions' AND relnamespace = (SELECT oid FROM pg_catalog.pg_namespace WHERE nspname = CURRENT_SCHEMA()))

2025/12/24 04:19:39 [32m/Users/louislawrence/Music/apps/stack/lazervault-golang/database/migrations.go:164
[0m[33m[0.135ms] [34;1m[rows:0][0m SELECT description FROM pg_catalog.pg_description WHERE objsubid = (SELECT ordinal_position FROM information_schema.columns WHERE table_schema = CURRENT_SCHEMA() AND table_name = 'contributions' AND column_name = 'current_amount') AND objoid = (SELECT oid FROM pg_catalog.pg_class WHERE relname = 'contributions' AND relnamespace = (SELECT oid FROM pg_catalog.pg_namespace WHERE nspname = CURRENT_SCHEMA()))

2025/12/24 04:19:39 [32m/Users/louislawrence/Music/apps/stack/lazervault-golang/database/migrations.go:164
[0m[33m[0.179ms] [34;1m[rows:0][0m SELECT description FROM pg_catalog.pg_description WHERE objsubid = (SELECT ordinal_position FROM information_schema.columns WHERE table_schema = CURRENT_SCHEMA() AND table_name = 'contributions' AND column_name = 'currency') AND objoid = (SELECT oid FROM pg_catalog.pg_class WHERE relname = 'contributions' AND relnamespace = (SELECT oid FROM pg_catalog.pg_namespace WHERE nspname = CURRENT_SCHEMA()))

2025/12/24 04:19:39 [32m/Users/louislawrence/Music/apps/stack/lazervault-golang/database/migrations.go:164
[0m[33m[0.197ms] [34;1m[rows:0][0m SELECT description FROM pg_catalog.pg_description WHERE objsubid = (SELECT ordinal_position FROM information_schema.columns WHERE table_schema = CURRENT_SCHEMA() AND table_name = 'contributions' AND column_name = 'deadline') AND objoid = (SELECT oid FROM pg_catalog.pg_class WHERE relname = 'contributions' AND relnamespace = (SELECT oid FROM pg_catalog.pg_namespace WHERE nspname = CURRENT_SCHEMA()))

2025/12/24 04:19:39 [32m/Users/louislawrence/Music/apps/stack/lazervault-golang/database/migrations.go:164
[0m[33m[0.128ms] [34;1m[rows:0][0m SELECT description FROM pg_catalog.pg_description WHERE objsubid = (SELECT ordinal_position FROM information_schema.columns WHERE table_schema = CURRENT_SCHEMA() AND table_name = 'contributions' AND column_name = 'status') AND objoid = (SELECT oid FROM pg_catalog.pg_class WHERE relname = 'contributions' AND relnamespace = (SELECT oid FROM pg_catalog.pg_namespace WHERE nspname = CURRENT_SCHEMA()))

2025/12/24 04:19:39 [32m/Users/louislawrence/Music/apps/stack/lazervault-golang/database/migrations.go:164
[0m[33m[0.120ms] [34;1m[rows:0][0m SELECT description FROM pg_catalog.pg_description WHERE objsubid = (SELECT ordinal_position FROM information_schema.columns WHERE table_schema = CURRENT_SCHEMA() AND table_name = 'contributions' AND column_name = 'created_by') AND objoid = (SELECT oid FROM pg_catalog.pg_class WHERE relname = 'contributions' AND relnamespace = (SELECT oid FROM pg_catalog.pg_namespace WHERE nspname = CURRENT_SCHEMA()))

2025/12/24 04:19:39 [32m/Users/louislawrence/Music/apps/stack/lazervault-golang/database/migrations.go:164
[0m[33m[0.122ms] [34;1m[rows:0][0m SELECT description FROM pg_catalog.pg_description WHERE objsubid = (SELECT ordinal_position FROM information_schema.columns WHERE table_schema = CURRENT_SCHEMA() AND table_name = 'contributions' AND column_name = 'metadata') AND objoid = (SELECT oid FROM pg_catalog.pg_class WHERE relname = 'contributions' AND relnamespace = (SELECT oid FROM pg_catalog.pg_namespace WHERE nspname = CURRENT_SCHEMA()))

2025/12/24 04:19:39 [32m/Users/louislawrence/Music/apps/stack/lazervault-golang/database/migrations.go:164
[0m[33m[0.121ms] [34;1m[rows:0][0m SELECT description FROM pg_catalog.pg_description WHERE objsubid = (SELECT ordinal_position FROM information_schema.columns WHERE table_schema = CURRENT_SCHEMA() AND table_name = 'contributions' AND column_name = 'type') AND objoid = (SELECT oid FROM pg_catalog.pg_class WHERE relname = 'contributions' AND relnamespace = (SELECT oid FROM pg_catalog.pg_namespace WHERE nspname = CURRENT_SCHEMA()))

2025/12/24 04:19:39 [32m/Users/louislawrence/Music/apps/stack/lazervault-golang/database/migrations.go:164
[0m[33m[0.153ms] [34;1m[rows:0][0m SELECT description FROM pg_catalog.pg_description WHERE objsubid = (SELECT ordinal_position FROM information_schema.columns WHERE table_schema = CURRENT_SCHEMA() AND table_name = 'contributions' AND column_name = 'frequency') AND objoid = (SELECT oid FROM pg_catalog.pg_class WHERE relname = 'contributions' AND relnamespace = (SELECT oid FROM pg_catalog.pg_namespace WHERE nspname = CURRENT_SCHEMA()))

2025/12/24 04:19:39 [32m/Users/louislawrence/Music/apps/stack/lazervault-golang/database/migrations.go:164
[0m[33m[0.144ms] [34;1m[rows:0][0m SELECT description FROM pg_catalog.pg_description WHERE objsubid = (SELECT ordinal_position FROM information_schema.columns WHERE table_schema = CURRENT_SCHEMA() AND table_name = 'contributions' AND column_name = 'regular_amount') AND objoid = (SELECT oid FROM pg_catalog.pg_class WHERE relname = 'contributions' AND relnamespace = (SELECT oid FROM pg_catalog.pg_namespace WHERE nspname = CURRENT_SCHEMA()))

2025/12/24 04:19:39 [32m/Users/louislawrence/Music/apps/stack/lazervault-golang/database/migrations.go:164
[0m[33m[0.131ms] [34;1m[rows:0][0m SELECT description FROM pg_catalog.pg_description WHERE objsubid = (SELECT ordinal_position FROM information_schema.columns WHERE table_schema = CURRENT_SCHEMA() AND table_name = 'contributions' AND column_name = 'next_payment_date') AND objoid = (SELECT oid FROM pg_catalog.pg_class WHERE relname = 'contributions' AND relnamespace = (SELECT oid FROM pg_catalog.pg_namespace WHERE nspname = CURRENT_SCHEMA()))

2025/12/24 04:19:39 [32m/Users/louislawrence/Music/apps/stack/lazervault-golang/database/migrations.go:164
[0m[33m[0.149ms] [34;1m[rows:0][0m SELECT description FROM pg_catalog.pg_description WHERE objsubid = (SELECT ordinal_position FROM information_schema.columns WHERE table_schema = CURRENT_SCHEMA() AND table_name = 'contributions' AND column_name = 'start_date') AND objoid = (SELECT oid FROM pg_catalog.pg_class WHERE relname = 'contributions' AND relnamespace = (SELECT oid FROM pg_catalog.pg_namespace WHERE nspname = CURRENT_SCHEMA()))

2025/12/24 04:19:39 [32m/Users/louislawrence/Music/apps/stack/lazervault-golang/database/migrations.go:164
[0m[33m[0.126ms] [34;1m[rows:0][0m SELECT description FROM pg_catalog.pg_description WHERE objsubid = (SELECT ordinal_position FROM information_schema.columns WHERE table_schema = CURRENT_SCHEMA() AND table_name = 'contributions' AND column_name = 'total_cycles') AND objoid = (SELECT oid FROM pg_catalog.pg_class WHERE relname = 'contributions' AND relnamespace = (SELECT oid FROM pg_catalog.pg_namespace WHERE nspname = CURRENT_SCHEMA()))

2025/12/24 04:19:39 [32m/Users/louislawrence/Music/apps/stack/lazervault-golang/database/migrations.go:164
[0m[33m[0.161ms] [34;1m[rows:0][0m SELECT description FROM pg_catalog.pg_description WHERE objsubid = (SELECT ordinal_position FROM information_schema.columns WHERE table_schema = CURRENT_SCHEMA() AND table_name = 'contributions' AND column_name = 'current_cycle') AND objoid = (SELECT oid FROM pg_catalog.pg_class WHERE relname = 'contributions' AND relnamespace = (SELECT oid FROM pg_catalog.pg_namespace WHERE nspname = CURRENT_SCHEMA()))

2025/12/24 04:19:39 [32m/Users/louislawrence/Music/apps/stack/lazervault-golang/database/migrations.go:164
[0m[33m[0.137ms] [34;1m[rows:0][0m SELECT description FROM pg_catalog.pg_description WHERE objsubid = (SELECT ordinal_position FROM information_schema.columns WHERE table_schema = CURRENT_SCHEMA() AND table_name = 'contributions' AND column_name = 'current_payout_recipient') AND objoid = (SELECT oid FROM pg_catalog.pg_class WHERE relname = 'contributions' AND relnamespace = (SELECT oid FROM pg_catalog.pg_namespace WHERE nspname = CURRENT_SCHEMA()))

2025/12/24 04:19:39 [32m/Users/louislawrence/Music/apps/stack/lazervault-golang/database/migrations.go:164
[0m[33m[0.126ms] [34;1m[rows:0][0m SELECT description FROM pg_catalog.pg_description WHERE objsubid = (SELECT ordinal_position FROM information_schema.columns WHERE table_schema = CURRENT_SCHEMA() AND table_name = 'contributions' AND column_name = 'next_payout_date') AND objoid = (SELECT oid FROM pg_catalog.pg_class WHERE relname = 'contributions' AND relnamespace = (SELECT oid FROM pg_catalog.pg_namespace WHERE nspname = CURRENT_SCHEMA()))

2025/12/24 04:19:39 [32m/Users/louislawrence/Music/apps/stack/lazervault-golang/database/migrations.go:164
[0m[33m[0.119ms] [34;1m[rows:0][0m SELECT description FROM pg_catalog.pg_description WHERE objsubid = (SELECT ordinal_position FROM information_schema.columns WHERE table_schema = CURRENT_SCHEMA() AND table_name = 'contributions' AND column_name = 'auto_pay_enabled') AND objoid = (SELECT oid FROM pg_catalog.pg_class WHERE relname = 'contributions' AND relnamespace = (SELECT oid FROM pg_catalog.pg_namespace WHERE nspname = CURRENT_SCHEMA()))

2025/12/24 04:19:39 [32m/Users/louislawrence/Music/apps/stack/lazervault-golang/database/migrations.go:164
[0m[33m[0.133ms] [34;1m[rows:0][0m SELECT description FROM pg_catalog.pg_description WHERE objsubid = (SELECT ordinal_position FROM information_schema.columns WHERE table_schema = CURRENT_SCHEMA() AND table_name = 'contributions' AND column_name = 'penalty_amount') AND objoid = (SELECT oid FROM pg_catalog.pg_class WHERE relname = 'contributions' AND relnamespace = (SELECT oid FROM pg_catalog.pg_namespace WHERE nspname = CURRENT_SCHEMA()))

2025/12/24 04:19:39 [32m/Users/louislawrence/Music/apps/stack/lazervault-golang/database/migrations.go:164
[0m[33m[0.127ms] [34;1m[rows:0][0m SELECT description FROM pg_catalog.pg_description WHERE objsubid = (SELECT ordinal_position FROM information_schema.columns WHERE table_schema = CURRENT_SCHEMA() AND table_name = 'contributions' AND column_name = 'grace_period_days') AND objoid = (SELECT oid FROM pg_catalog.pg_class WHERE relname = 'contributions' AND relnamespace = (SELECT oid FROM pg_catalog.pg_namespace WHERE nspname = CURRENT_SCHEMA()))

2025/12/24 04:19:39 [32m/Users/louislawrence/Music/apps/stack/lazervault-golang/database/migrations.go:164
[0m[33m[0.135ms] [34;1m[rows:0][0m SELECT description FROM pg_catalog.pg_description WHERE objsubid = (SELECT ordinal_position FROM information_schema.columns WHERE table_schema = CURRENT_SCHEMA() AND table_name = 'contributions' AND column_name = 'allow_partial_payments') AND objoid = (SELECT oid FROM pg_catalog.pg_class WHERE relname = 'contributions' AND relnamespace = (SELECT oid FROM pg_catalog.pg_namespace WHERE nspname = CURRENT_SCHEMA()))

2025/12/24 04:19:39 [32m/Users/louislawrence/Music/apps/stack/lazervault-golang/database/migrations.go:164
[0m[33m[0.134ms] [34;1m[rows:0][0m SELECT description FROM pg_catalog.pg_description WHERE objsubid = (SELECT ordinal_position FROM information_schema.columns WHERE table_schema = CURRENT_SCHEMA() AND table_name = 'contributions' AND column_name = 'minimum_balance') AND objoid = (SELECT oid FROM pg_catalog.pg_class WHERE relname = 'contributions' AND relnamespace = (SELECT oid FROM pg_catalog.pg_namespace WHERE nspname = CURRENT_SCHEMA()))

2025/12/24 04:19:39 [32m/Users/louislawrence/Music/apps/stack/lazervault-golang/database/migrations.go:164
[0m[33m[0.157ms] [34;1m[rows:1][0m SELECT count(*) FROM INFORMATION_SCHEMA.table_constraints WHERE table_schema = CURRENT_SCHEMA() AND table_name = 'contributions' AND constraint_name = 'fk_group_accounts_contributions'

2025/12/24 04:19:39 [32m/Users/louislawrence/Music/apps/stack/lazervault-golang/database/migrations.go:164
[0m[33m[0.126ms] [34;1m[rows:1][0m SELECT count(*) FROM INFORMATION_SCHEMA.table_constraints WHERE table_schema = CURRENT_SCHEMA() AND table_name = 'contributions' AND constraint_name = 'fk_contributions_creator'

2025/12/24 04:19:39 [32m/Users/louislawrence/Music/apps/stack/lazervault-golang/database/migrations.go:164
[0m[33m[0.128ms] [34;1m[rows:1][0m SELECT count(*) FROM pg_indexes WHERE tablename = 'contributions' AND indexname = 'idx_contributions_deleted_at' AND schemaname = CURRENT_SCHEMA()

2025/12/24 04:19:39 [32m/Users/louislawrence/Music/apps/stack/lazervault-golang/database/migrations.go:164
[0m[33m[0.101ms] [34;1m[rows:1][0m SELECT count(*) FROM pg_indexes WHERE tablename = 'contributions' AND indexname = 'idx_contributions_group_id' AND schemaname = CURRENT_SCHEMA()

2025/12/24 04:19:39 [32m/Users/louislawrence/Music/apps/stack/lazervault-golang/database/migrations.go:164
[0m[33m[0.105ms] [34;1m[rows:1][0m SELECT count(*) FROM pg_indexes WHERE tablename = 'contributions' AND indexname = 'idx_contributions_status' AND schemaname = CURRENT_SCHEMA()

2025/12/24 04:19:39 [32m/Users/louislawrence/Music/apps/stack/lazervault-golang/database/migrations.go:164
[0m[33m[0.137ms] [34;1m[rows:1][0m SELECT count(*) FROM pg_indexes WHERE tablename = 'contributions' AND indexname = 'idx_contributions_created_by' AND schemaname = CURRENT_SCHEMA()

2025/12/24 04:19:39 [32m/Users/louislawrence/Music/apps/stack/lazervault-golang/database/migrations.go:164
[0m[33m[0.102ms] [34;1m[rows:1][0m SELECT count(*) FROM pg_indexes WHERE tablename = 'contributions' AND indexname = 'idx_contributions_next_payment_date' AND schemaname = CURRENT_SCHEMA()

2025/12/24 04:19:39 [32m/Users/louislawrence/Music/apps/stack/lazervault-golang/database/migrations.go:164
[0m[33m[0.095ms] [34;1m[rows:1][0m SELECT count(*) FROM pg_indexes WHERE tablename = 'contributions' AND indexname = 'idx_contributions_current_payout_recipient' AND schemaname = CURRENT_SCHEMA()

2025/12/24 04:19:39 [32m/Users/louislawrence/Music/apps/stack/lazervault-golang/database/migrations.go:164
[0m[33m[0.161ms] [34;1m[rows:1][0m SELECT count(*) FROM pg_indexes WHERE tablename = 'contributions' AND indexname = 'idx_contributions_next_payout_date' AND schemaname = CURRENT_SCHEMA()

2025/12/24 04:19:39 [32m/Users/louislawrence/Music/apps/stack/lazervault-golang/database/migrations.go:164
[0m[33m[0.239ms] [34;1m[rows:1][0m SELECT count(*) FROM information_schema.tables WHERE table_schema = CURRENT_SCHEMA() AND table_name = 'contribution_payments' AND table_type = 'BASE TABLE'

2025/12/24 04:19:39 [32m/Users/louislawrence/Music/apps/stack/lazervault-golang/database/migrations.go:164
[0m[33m[0.079ms] [34;1m[rows:1][0m SELECT CURRENT_DATABASE()

2025/12/24 04:19:39 [32m/Users/louislawrence/Music/apps/stack/lazervault-golang/database/migrations.go:164
[0m[33m[1.329ms] [34;1m[rows:-][0m SELECT c.column_name, c.is_nullable = 'YES', c.udt_name, c.character_maximum_length, c.numeric_precision, c.numeric_precision_radix, c.numeric_scale, c.datetime_precision, 8 * typlen, c.column_default, pd.description, c.identity_increment FROM information_schema.columns AS c JOIN pg_type AS pgt ON c.udt_name = pgt.typname LEFT JOIN pg_catalog.pg_description as pd ON pd.objsubid = c.ordinal_position AND pd.objoid = (SELECT oid FROM pg_catalog.pg_class WHERE relname = c.table_name AND relnamespace = (SELECT oid FROM pg_catalog.pg_namespace WHERE nspname = c.table_schema)) where table_catalog = 'postgres' AND table_schema = CURRENT_SCHEMA() AND table_name = 'contribution_payments'

2025/12/24 04:19:39 [32m/Users/louislawrence/Music/apps/stack/lazervault-golang/database/migrations.go:164
[0m[33m[1.318ms] [34;1m[rows:-][0m SELECT * FROM "contribution_payments" LIMIT 5

2025/12/24 04:19:39 [32m/Users/louislawrence/Music/apps/stack/lazervault-golang/database/migrations.go:164
[0m[33m[2.141ms] [34;1m[rows:-][0m SELECT constraint_name FROM information_schema.table_constraints tc JOIN information_schema.constraint_column_usage AS ccu USING (constraint_schema, constraint_catalog, table_name, constraint_name) JOIN information_schema.columns AS c ON c.table_schema = tc.constraint_schema AND tc.table_name = c.table_name AND ccu.column_name = c.column_name WHERE constraint_type IN ('PRIMARY KEY', 'UNIQUE') AND c.table_catalog = 'postgres' AND c.table_schema = CURRENT_SCHEMA() AND c.table_name = 'contribution_payments' AND constraint_type = 'UNIQUE'

2025/12/24 04:19:39 [32m/Users/louislawrence/Music/apps/stack/lazervault-golang/database/migrations.go:164
[0m[33m[2.169ms] [34;1m[rows:-][0m SELECT c.column_name, constraint_name, constraint_type FROM information_schema.table_constraints tc JOIN information_schema.constraint_column_usage AS ccu USING (constraint_schema, constraint_catalog, table_name, constraint_name) JOIN information_schema.columns AS c ON c.table_schema = tc.constraint_schema AND tc.table_name = c.table_name AND ccu.column_name = c.column_name WHERE constraint_type IN ('PRIMARY KEY', 'UNIQUE') AND c.table_catalog = 'postgres' AND c.table_schema = CURRENT_SCHEMA() AND c.table_name = 'contribution_payments'

2025/12/24 04:19:39 [32m/Users/louislawrence/Music/apps/stack/lazervault-golang/database/migrations.go:164
[0m[33m[0.128ms] [34;1m[rows:-][0m SELECT a.attname as column_name, format_type(a.atttypid, a.atttypmod) AS data_type
		FROM pg_attribute a JOIN pg_class b ON a.attrelid = b.oid AND relnamespace = (SELECT oid FROM pg_catalog.pg_namespace WHERE nspname = CURRENT_SCHEMA())
		WHERE a.attnum > 0 -- hide internal columns
		AND NOT a.attisdropped -- hide deleted columns
		AND b.relname = 'contribution_payments'

2025/12/24 04:19:39 [32m/Users/louislawrence/Music/apps/stack/lazervault-golang/database/migrations.go:164
[0m[33m[0.174ms] [34;1m[rows:0][0m SELECT description FROM pg_catalog.pg_description WHERE objsubid = (SELECT ordinal_position FROM information_schema.columns WHERE table_schema = CURRENT_SCHEMA() AND table_name = 'contribution_payments' AND column_name = 'id') AND objoid = (SELECT oid FROM pg_catalog.pg_class WHERE relname = 'contribution_payments' AND relnamespace = (SELECT oid FROM pg_catalog.pg_namespace WHERE nspname = CURRENT_SCHEMA()))

2025/12/24 04:19:39 [32m/Users/louislawrence/Music/apps/stack/lazervault-golang/database/migrations.go:164
[0m[33m[0.134ms] [34;1m[rows:0][0m SELECT description FROM pg_catalog.pg_description WHERE objsubid = (SELECT ordinal_position FROM information_schema.columns WHERE table_schema = CURRENT_SCHEMA() AND table_name = 'contribution_payments' AND column_name = 'created_at') AND objoid = (SELECT oid FROM pg_catalog.pg_class WHERE relname = 'contribution_payments' AND relnamespace = (SELECT oid FROM pg_catalog.pg_namespace WHERE nspname = CURRENT_SCHEMA()))

2025/12/24 04:19:39 [32m/Users/louislawrence/Music/apps/stack/lazervault-golang/database/migrations.go:164
[0m[33m[0.124ms] [34;1m[rows:0][0m SELECT description FROM pg_catalog.pg_description WHERE objsubid = (SELECT ordinal_position FROM information_schema.columns WHERE table_schema = CURRENT_SCHEMA() AND table_name = 'contribution_payments' AND column_name = 'updated_at') AND objoid = (SELECT oid FROM pg_catalog.pg_class WHERE relname = 'contribution_payments' AND relnamespace = (SELECT oid FROM pg_catalog.pg_namespace WHERE nspname = CURRENT_SCHEMA()))

2025/12/24 04:19:39 [32m/Users/louislawrence/Music/apps/stack/lazervault-golang/database/migrations.go:164
[0m[33m[0.122ms] [34;1m[rows:0][0m SELECT description FROM pg_catalog.pg_description WHERE objsubid = (SELECT ordinal_position FROM information_schema.columns WHERE table_schema = CURRENT_SCHEMA() AND table_name = 'contribution_payments' AND column_name = 'deleted_at') AND objoid = (SELECT oid FROM pg_catalog.pg_class WHERE relname = 'contribution_payments' AND relnamespace = (SELECT oid FROM pg_catalog.pg_namespace WHERE nspname = CURRENT_SCHEMA()))

2025/12/24 04:19:39 [32m/Users/louislawrence/Music/apps/stack/lazervault-golang/database/migrations.go:164
[0m[33m[0.129ms] [34;1m[rows:0][0m SELECT description FROM pg_catalog.pg_description WHERE objsubid = (SELECT ordinal_position FROM information_schema.columns WHERE table_schema = CURRENT_SCHEMA() AND table_name = 'contribution_payments' AND column_name = 'contribution_id') AND objoid = (SELECT oid FROM pg_catalog.pg_class WHERE relname = 'contribution_payments' AND relnamespace = (SELECT oid FROM pg_catalog.pg_namespace WHERE nspname = CURRENT_SCHEMA()))

2025/12/24 04:19:39 [32m/Users/louislawrence/Music/apps/stack/lazervault-golang/database/migrations.go:164
[0m[33m[0.127ms] [34;1m[rows:0][0m SELECT description FROM pg_catalog.pg_description WHERE objsubid = (SELECT ordinal_position FROM information_schema.columns WHERE table_schema = CURRENT_SCHEMA() AND table_name = 'contribution_payments' AND column_name = 'group_id') AND objoid = (SELECT oid FROM pg_catalog.pg_class WHERE relname = 'contribution_payments' AND relnamespace = (SELECT oid FROM pg_catalog.pg_namespace WHERE nspname = CURRENT_SCHEMA()))

2025/12/24 04:19:39 [32m/Users/louislawrence/Music/apps/stack/lazervault-golang/database/migrations.go:164
[0m[33m[0.171ms] [34;1m[rows:0][0m SELECT description FROM pg_catalog.pg_description WHERE objsubid = (SELECT ordinal_position FROM information_schema.columns WHERE table_schema = CURRENT_SCHEMA() AND table_name = 'contribution_payments' AND column_name = 'user_id') AND objoid = (SELECT oid FROM pg_catalog.pg_class WHERE relname = 'contribution_payments' AND relnamespace = (SELECT oid FROM pg_catalog.pg_namespace WHERE nspname = CURRENT_SCHEMA()))

2025/12/24 04:19:39 [32m/Users/louislawrence/Music/apps/stack/lazervault-golang/database/migrations.go:164
[0m[33m[0.158ms] [34;1m[rows:0][0m SELECT description FROM pg_catalog.pg_description WHERE objsubid = (SELECT ordinal_position FROM information_schema.columns WHERE table_schema = CURRENT_SCHEMA() AND table_name = 'contribution_payments' AND column_name = 'amount') AND objoid = (SELECT oid FROM pg_catalog.pg_class WHERE relname = 'contribution_payments' AND relnamespace = (SELECT oid FROM pg_catalog.pg_namespace WHERE nspname = CURRENT_SCHEMA()))

2025/12/24 04:19:39 [32m/Users/louislawrence/Music/apps/stack/lazervault-golang/database/migrations.go:164
[0m[33m[0.134ms] [34;1m[rows:0][0m SELECT description FROM pg_catalog.pg_description WHERE objsubid = (SELECT ordinal_position FROM information_schema.columns WHERE table_schema = CURRENT_SCHEMA() AND table_name = 'contribution_payments' AND column_name = 'currency') AND objoid = (SELECT oid FROM pg_catalog.pg_class WHERE relname = 'contribution_payments' AND relnamespace = (SELECT oid FROM pg_catalog.pg_namespace WHERE nspname = CURRENT_SCHEMA()))

2025/12/24 04:19:39 [32m/Users/louislawrence/Music/apps/stack/lazervault-golang/database/migrations.go:164
[0m[33m[0.131ms] [34;1m[rows:0][0m SELECT description FROM pg_catalog.pg_description WHERE objsubid = (SELECT ordinal_position FROM information_schema.columns WHERE table_schema = CURRENT_SCHEMA() AND table_name = 'contribution_payments' AND column_name = 'payment_date') AND objoid = (SELECT oid FROM pg_catalog.pg_class WHERE relname = 'contribution_payments' AND relnamespace = (SELECT oid FROM pg_catalog.pg_namespace WHERE nspname = CURRENT_SCHEMA()))

2025/12/24 04:19:39 [32m/Users/louislawrence/Music/apps/stack/lazervault-golang/database/migrations.go:164
[0m[33m[0.127ms] [34;1m[rows:0][0m SELECT description FROM pg_catalog.pg_description WHERE objsubid = (SELECT ordinal_position FROM information_schema.columns WHERE table_schema = CURRENT_SCHEMA() AND table_name = 'contribution_payments' AND column_name = 'status') AND objoid = (SELECT oid FROM pg_catalog.pg_class WHERE relname = 'contribution_payments' AND relnamespace = (SELECT oid FROM pg_catalog.pg_namespace WHERE nspname = CURRENT_SCHEMA()))

2025/12/24 04:19:39 [32m/Users/louislawrence/Music/apps/stack/lazervault-golang/database/migrations.go:164
[0m[33m[0.196ms] [34;1m[rows:0][0m SELECT description FROM pg_catalog.pg_description WHERE objsubid = (SELECT ordinal_position FROM information_schema.columns WHERE table_schema = CURRENT_SCHEMA() AND table_name = 'contribution_payments' AND column_name = 'transaction_id') AND objoid = (SELECT oid FROM pg_catalog.pg_class WHERE relname = 'contribution_payments' AND relnamespace = (SELECT oid FROM pg_catalog.pg_namespace WHERE nspname = CURRENT_SCHEMA()))

2025/12/24 04:19:39 [32m/Users/louislawrence/Music/apps/stack/lazervault-golang/database/migrations.go:164
[0m[33m[0.191ms] [34;1m[rows:0][0m SELECT description FROM pg_catalog.pg_description WHERE objsubid = (SELECT ordinal_position FROM information_schema.columns WHERE table_schema = CURRENT_SCHEMA() AND table_name = 'contribution_payments' AND column_name = 'receipt_id') AND objoid = (SELECT oid FROM pg_catalog.pg_class WHERE relname = 'contribution_payments' AND relnamespace = (SELECT oid FROM pg_catalog.pg_namespace WHERE nspname = CURRENT_SCHEMA()))

2025/12/24 04:19:39 [32m/Users/louislawrence/Music/apps/stack/lazervault-golang/database/migrations.go:164
[0m[33m[0.151ms] [34;1m[rows:0][0m SELECT description FROM pg_catalog.pg_description WHERE objsubid = (SELECT ordinal_position FROM information_schema.columns WHERE table_schema = CURRENT_SCHEMA() AND table_name = 'contribution_payments' AND column_name = 'notes') AND objoid = (SELECT oid FROM pg_catalog.pg_class WHERE relname = 'contribution_payments' AND relnamespace = (SELECT oid FROM pg_catalog.pg_namespace WHERE nspname = CURRENT_SCHEMA()))

2025/12/24 04:19:39 [32m/Users/louislawrence/Music/apps/stack/lazervault-golang/database/migrations.go:164
[0m[33m[0.168ms] [34;1m[rows:0][0m SELECT description FROM pg_catalog.pg_description WHERE objsubid = (SELECT ordinal_position FROM information_schema.columns WHERE table_schema = CURRENT_SCHEMA() AND table_name = 'contribution_payments' AND column_name = 'metadata') AND objoid = (SELECT oid FROM pg_catalog.pg_class WHERE relname = 'contribution_payments' AND relnamespace = (SELECT oid FROM pg_catalog.pg_namespace WHERE nspname = CURRENT_SCHEMA()))

2025/12/24 04:19:39 [32m/Users/louislawrence/Music/apps/stack/lazervault-golang/database/migrations.go:164
[0m[33m[0.148ms] [34;1m[rows:1][0m SELECT count(*) FROM INFORMATION_SCHEMA.table_constraints WHERE table_schema = CURRENT_SCHEMA() AND table_name = 'contribution_payments' AND constraint_name = 'fk_contribution_payments_group'

2025/12/24 04:19:39 [32m/Users/louislawrence/Music/apps/stack/lazervault-golang/database/migrations.go:164
[0m[33m[0.122ms] [34;1m[rows:1][0m SELECT count(*) FROM INFORMATION_SCHEMA.table_constraints WHERE table_schema = CURRENT_SCHEMA() AND table_name = 'contribution_payments' AND constraint_name = 'fk_contribution_payments_user'

2025/12/24 04:19:39 [32m/Users/louislawrence/Music/apps/stack/lazervault-golang/database/migrations.go:164
[0m[33m[0.129ms] [34;1m[rows:1][0m SELECT count(*) FROM INFORMATION_SCHEMA.table_constraints WHERE table_schema = CURRENT_SCHEMA() AND table_name = 'contribution_payments' AND constraint_name = 'fk_contributions_payments'

2025/12/24 04:19:39 [32m/Users/louislawrence/Music/apps/stack/lazervault-golang/database/migrations.go:164
[0m[33m[0.109ms] [34;1m[rows:1][0m SELECT count(*) FROM pg_indexes WHERE tablename = 'contribution_payments' AND indexname = 'idx_contribution_payments_user_id' AND schemaname = CURRENT_SCHEMA()

2025/12/24 04:19:39 [32m/Users/louislawrence/Music/apps/stack/lazervault-golang/database/migrations.go:164
[0m[33m[0.104ms] [34;1m[rows:1][0m SELECT count(*) FROM pg_indexes WHERE tablename = 'contribution_payments' AND indexname = 'idx_contribution_payments_payment_date' AND schemaname = CURRENT_SCHEMA()

2025/12/24 04:19:39 [32m/Users/louislawrence/Music/apps/stack/lazervault-golang/database/migrations.go:164
[0m[33m[0.097ms] [34;1m[rows:1][0m SELECT count(*) FROM pg_indexes WHERE tablename = 'contribution_payments' AND indexname = 'idx_contribution_payments_status' AND schemaname = CURRENT_SCHEMA()

2025/12/24 04:19:39 [32m/Users/louislawrence/Music/apps/stack/lazervault-golang/database/migrations.go:164
[0m[33m[0.093ms] [34;1m[rows:1][0m SELECT count(*) FROM pg_indexes WHERE tablename = 'contribution_payments' AND indexname = 'idx_contribution_payments_transaction_id' AND schemaname = CURRENT_SCHEMA()

2025/12/24 04:19:39 [32m/Users/louislawrence/Music/apps/stack/lazervault-golang/database/migrations.go:164
[0m[33m[0.102ms] [34;1m[rows:1][0m SELECT count(*) FROM pg_indexes WHERE tablename = 'contribution_payments' AND indexname = 'idx_contribution_payments_deleted_at' AND schemaname = CURRENT_SCHEMA()

2025/12/24 04:19:39 [32m/Users/louislawrence/Music/apps/stack/lazervault-golang/database/migrations.go:164
[0m[33m[0.194ms] [34;1m[rows:1][0m SELECT count(*) FROM pg_indexes WHERE tablename = 'contribution_payments' AND indexname = 'idx_contribution_payments_contribution_id' AND schemaname = CURRENT_SCHEMA()

2025/12/24 04:19:39 [32m/Users/louislawrence/Music/apps/stack/lazervault-golang/database/migrations.go:164
[0m[33m[0.198ms] [34;1m[rows:1][0m SELECT count(*) FROM pg_indexes WHERE tablename = 'contribution_payments' AND indexname = 'idx_contribution_payments_group_id' AND schemaname = CURRENT_SCHEMA()

2025/12/24 04:19:39 [32m/Users/louislawrence/Music/apps/stack/lazervault-golang/database/migrations.go:164
[0m[33m[0.108ms] [34;1m[rows:1][0m SELECT count(*) FROM information_schema.tables WHERE table_schema = CURRENT_SCHEMA() AND table_name = 'payout_schedules' AND table_type = 'BASE TABLE'

2025/12/24 04:19:39 [32m/Users/louislawrence/Music/apps/stack/lazervault-golang/database/migrations.go:164
[0m[33m[0.075ms] [34;1m[rows:1][0m SELECT CURRENT_DATABASE()

2025/12/24 04:19:39 [32m/Users/louislawrence/Music/apps/stack/lazervault-golang/database/migrations.go:164
[0m[33m[1.123ms] [34;1m[rows:-][0m SELECT c.column_name, c.is_nullable = 'YES', c.udt_name, c.character_maximum_length, c.numeric_precision, c.numeric_precision_radix, c.numeric_scale, c.datetime_precision, 8 * typlen, c.column_default, pd.description, c.identity_increment FROM information_schema.columns AS c JOIN pg_type AS pgt ON c.udt_name = pgt.typname LEFT JOIN pg_catalog.pg_description as pd ON pd.objsubid = c.ordinal_position AND pd.objoid = (SELECT oid FROM pg_catalog.pg_class WHERE relname = c.table_name AND relnamespace = (SELECT oid FROM pg_catalog.pg_namespace WHERE nspname = c.table_schema)) where table_catalog = 'postgres' AND table_schema = CURRENT_SCHEMA() AND table_name = 'payout_schedules'

2025/12/24 04:19:39 [32m/Users/louislawrence/Music/apps/stack/lazervault-golang/database/migrations.go:164
[0m[33m[0.615ms] [34;1m[rows:-][0m SELECT * FROM "payout_schedules" LIMIT 5

2025/12/24 04:19:39 [32m/Users/louislawrence/Music/apps/stack/lazervault-golang/database/migrations.go:164
[0m[33m[1.948ms] [34;1m[rows:-][0m SELECT constraint_name FROM information_schema.table_constraints tc JOIN information_schema.constraint_column_usage AS ccu USING (constraint_schema, constraint_catalog, table_name, constraint_name) JOIN information_schema.columns AS c ON c.table_schema = tc.constraint_schema AND tc.table_name = c.table_name AND ccu.column_name = c.column_name WHERE constraint_type IN ('PRIMARY KEY', 'UNIQUE') AND c.table_catalog = 'postgres' AND c.table_schema = CURRENT_SCHEMA() AND c.table_name = 'payout_schedules' AND constraint_type = 'UNIQUE'

2025/12/24 04:19:39 [32m/Users/louislawrence/Music/apps/stack/lazervault-golang/database/migrations.go:164
[0m[33m[1.773ms] [34;1m[rows:-][0m SELECT c.column_name, constraint_name, constraint_type FROM information_schema.table_constraints tc JOIN information_schema.constraint_column_usage AS ccu USING (constraint_schema, constraint_catalog, table_name, constraint_name) JOIN information_schema.columns AS c ON c.table_schema = tc.constraint_schema AND tc.table_name = c.table_name AND ccu.column_name = c.column_name WHERE constraint_type IN ('PRIMARY KEY', 'UNIQUE') AND c.table_catalog = 'postgres' AND c.table_schema = CURRENT_SCHEMA() AND c.table_name = 'payout_schedules'

2025/12/24 04:19:39 [32m/Users/louislawrence/Music/apps/stack/lazervault-golang/database/migrations.go:164
[0m[33m[0.139ms] [34;1m[rows:-][0m SELECT a.attname as column_name, format_type(a.atttypid, a.atttypmod) AS data_type
		FROM pg_attribute a JOIN pg_class b ON a.attrelid = b.oid AND relnamespace = (SELECT oid FROM pg_catalog.pg_namespace WHERE nspname = CURRENT_SCHEMA())
		WHERE a.attnum > 0 -- hide internal columns
		AND NOT a.attisdropped -- hide deleted columns
		AND b.relname = 'payout_schedules'

2025/12/24 04:19:39 [32m/Users/louislawrence/Music/apps/stack/lazervault-golang/database/migrations.go:164
[0m[33m[0.190ms] [34;1m[rows:0][0m SELECT description FROM pg_catalog.pg_description WHERE objsubid = (SELECT ordinal_position FROM information_schema.columns WHERE table_schema = CURRENT_SCHEMA() AND table_name = 'payout_schedules' AND column_name = 'id') AND objoid = (SELECT oid FROM pg_catalog.pg_class WHERE relname = 'payout_schedules' AND relnamespace = (SELECT oid FROM pg_catalog.pg_namespace WHERE nspname = CURRENT_SCHEMA()))

2025/12/24 04:19:39 [32m/Users/louislawrence/Music/apps/stack/lazervault-golang/database/migrations.go:164
[0m[33m[0.161ms] [34;1m[rows:0][0m SELECT description FROM pg_catalog.pg_description WHERE objsubid = (SELECT ordinal_position FROM information_schema.columns WHERE table_schema = CURRENT_SCHEMA() AND table_name = 'payout_schedules' AND column_name = 'created_at') AND objoid = (SELECT oid FROM pg_catalog.pg_class WHERE relname = 'payout_schedules' AND relnamespace = (SELECT oid FROM pg_catalog.pg_namespace WHERE nspname = CURRENT_SCHEMA()))

2025/12/24 04:19:39 [32m/Users/louislawrence/Music/apps/stack/lazervault-golang/database/migrations.go:164
[0m[33m[0.155ms] [34;1m[rows:0][0m SELECT description FROM pg_catalog.pg_description WHERE objsubid = (SELECT ordinal_position FROM information_schema.columns WHERE table_schema = CURRENT_SCHEMA() AND table_name = 'payout_schedules' AND column_name = 'updated_at') AND objoid = (SELECT oid FROM pg_catalog.pg_class WHERE relname = 'payout_schedules' AND relnamespace = (SELECT oid FROM pg_catalog.pg_namespace WHERE nspname = CURRENT_SCHEMA()))

2025/12/24 04:19:39 [32m/Users/louislawrence/Music/apps/stack/lazervault-golang/database/migrations.go:164
[0m[33m[0.159ms] [34;1m[rows:0][0m SELECT description FROM pg_catalog.pg_description WHERE objsubid = (SELECT ordinal_position FROM information_schema.columns WHERE table_schema = CURRENT_SCHEMA() AND table_name = 'payout_schedules' AND column_name = 'deleted_at') AND objoid = (SELECT oid FROM pg_catalog.pg_class WHERE relname = 'payout_schedules' AND relnamespace = (SELECT oid FROM pg_catalog.pg_namespace WHERE nspname = CURRENT_SCHEMA()))

2025/12/24 04:19:39 [32m/Users/louislawrence/Music/apps/stack/lazervault-golang/database/migrations.go:164
[0m[33m[0.148ms] [34;1m[rows:0][0m SELECT description FROM pg_catalog.pg_description WHERE objsubid = (SELECT ordinal_position FROM information_schema.columns WHERE table_schema = CURRENT_SCHEMA() AND table_name = 'payout_schedules' AND column_name = 'contribution_id') AND objoid = (SELECT oid FROM pg_catalog.pg_class WHERE relname = 'payout_schedules' AND relnamespace = (SELECT oid FROM pg_catalog.pg_namespace WHERE nspname = CURRENT_SCHEMA()))

2025/12/24 04:19:39 [32m/Users/louislawrence/Music/apps/stack/lazervault-golang/database/migrations.go:164
[0m[33m[0.154ms] [34;1m[rows:0][0m SELECT description FROM pg_catalog.pg_description WHERE objsubid = (SELECT ordinal_position FROM information_schema.columns WHERE table_schema = CURRENT_SCHEMA() AND table_name = 'payout_schedules' AND column_name = 'user_id') AND objoid = (SELECT oid FROM pg_catalog.pg_class WHERE relname = 'payout_schedules' AND relnamespace = (SELECT oid FROM pg_catalog.pg_namespace WHERE nspname = CURRENT_SCHEMA()))

2025/12/24 04:19:39 [32m/Users/louislawrence/Music/apps/stack/lazervault-golang/database/migrations.go:164
[0m[33m[0.146ms] [34;1m[rows:0][0m SELECT description FROM pg_catalog.pg_description WHERE objsubid = (SELECT ordinal_position FROM information_schema.columns WHERE table_schema = CURRENT_SCHEMA() AND table_name = 'payout_schedules' AND column_name = 'position') AND objoid = (SELECT oid FROM pg_catalog.pg_class WHERE relname = 'payout_schedules' AND relnamespace = (SELECT oid FROM pg_catalog.pg_namespace WHERE nspname = CURRENT_SCHEMA()))

2025/12/24 04:19:39 [32m/Users/louislawrence/Music/apps/stack/lazervault-golang/database/migrations.go:164
[0m[33m[0.200ms] [34;1m[rows:0][0m SELECT description FROM pg_catalog.pg_description WHERE objsubid = (SELECT ordinal_position FROM information_schema.columns WHERE table_schema = CURRENT_SCHEMA() AND table_name = 'payout_schedules' AND column_name = 'scheduled_date') AND objoid = (SELECT oid FROM pg_catalog.pg_class WHERE relname = 'payout_schedules' AND relnamespace = (SELECT oid FROM pg_catalog.pg_namespace WHERE nspname = CURRENT_SCHEMA()))

2025/12/24 04:19:39 [32m/Users/louislawrence/Music/apps/stack/lazervault-golang/database/migrations.go:164
[0m[33m[0.288ms] [34;1m[rows:0][0m SELECT description FROM pg_catalog.pg_description WHERE objsubid = (SELECT ordinal_position FROM information_schema.columns WHERE table_schema = CURRENT_SCHEMA() AND table_name = 'payout_schedules' AND column_name = 'expected_amount') AND objoid = (SELECT oid FROM pg_catalog.pg_class WHERE relname = 'payout_schedules' AND relnamespace = (SELECT oid FROM pg_catalog.pg_namespace WHERE nspname = CURRENT_SCHEMA()))

2025/12/24 04:19:39 [32m/Users/louislawrence/Music/apps/stack/lazervault-golang/database/migrations.go:164
[0m[33m[0.196ms] [34;1m[rows:0][0m SELECT description FROM pg_catalog.pg_description WHERE objsubid = (SELECT ordinal_position FROM information_schema.columns WHERE table_schema = CURRENT_SCHEMA() AND table_name = 'payout_schedules' AND column_name = 'status') AND objoid = (SELECT oid FROM pg_catalog.pg_class WHERE relname = 'payout_schedules' AND relnamespace = (SELECT oid FROM pg_catalog.pg_namespace WHERE nspname = CURRENT_SCHEMA()))

2025/12/24 04:19:39 [32m/Users/louislawrence/Music/apps/stack/lazervault-golang/database/migrations.go:164
[0m[33m[0.226ms] [34;1m[rows:0][0m SELECT description FROM pg_catalog.pg_description WHERE objsubid = (SELECT ordinal_position FROM information_schema.columns WHERE table_schema = CURRENT_SCHEMA() AND table_name = 'payout_schedules' AND column_name = 'received_date') AND objoid = (SELECT oid FROM pg_catalog.pg_class WHERE relname = 'payout_schedules' AND relnamespace = (SELECT oid FROM pg_catalog.pg_namespace WHERE nspname = CURRENT_SCHEMA()))

2025/12/24 04:19:39 [32m/Users/louislawrence/Music/apps/stack/lazervault-golang/database/migrations.go:164
[0m[33m[0.174ms] [34;1m[rows:0][0m SELECT description FROM pg_catalog.pg_description WHERE objsubid = (SELECT ordinal_position FROM information_schema.columns WHERE table_schema = CURRENT_SCHEMA() AND table_name = 'payout_schedules' AND column_name = 'actual_amount') AND objoid = (SELECT oid FROM pg_catalog.pg_class WHERE relname = 'payout_schedules' AND relnamespace = (SELECT oid FROM pg_catalog.pg_namespace WHERE nspname = CURRENT_SCHEMA()))

2025/12/24 04:19:39 [32m/Users/louislawrence/Music/apps/stack/lazervault-golang/database/migrations.go:164
[0m[33m[0.157ms] [34;1m[rows:0][0m SELECT description FROM pg_catalog.pg_description WHERE objsubid = (SELECT ordinal_position FROM information_schema.columns WHERE table_schema = CURRENT_SCHEMA() AND table_name = 'payout_schedules' AND column_name = 'notes') AND objoid = (SELECT oid FROM pg_catalog.pg_class WHERE relname = 'payout_schedules' AND relnamespace = (SELECT oid FROM pg_catalog.pg_namespace WHERE nspname = CURRENT_SCHEMA()))

2025/12/24 04:19:39 [32m/Users/louislawrence/Music/apps/stack/lazervault-golang/database/migrations.go:164
[0m[33m[0.196ms] [34;1m[rows:1][0m SELECT count(*) FROM INFORMATION_SCHEMA.table_constraints WHERE table_schema = CURRENT_SCHEMA() AND table_name = 'payout_schedules' AND constraint_name = 'fk_payout_schedules_user'

2025/12/24 04:19:39 [32m/Users/louislawrence/Music/apps/stack/lazervault-golang/database/migrations.go:164
[0m[33m[0.153ms] [34;1m[rows:1][0m SELECT count(*) FROM INFORMATION_SCHEMA.table_constraints WHERE table_schema = CURRENT_SCHEMA() AND table_name = 'payout_schedules' AND constraint_name = 'fk_contributions_payout_schedules'

2025/12/24 04:19:39 [32m/Users/louislawrence/Music/apps/stack/lazervault-golang/database/migrations.go:164
[0m[33m[0.131ms] [34;1m[rows:1][0m SELECT count(*) FROM pg_indexes WHERE tablename = 'payout_schedules' AND indexname = 'idx_payout_schedules_deleted_at' AND schemaname = CURRENT_SCHEMA()

2025/12/24 04:19:39 [32m/Users/louislawrence/Music/apps/stack/lazervault-golang/database/migrations.go:164
[0m[33m[0.120ms] [34;1m[rows:1][0m SELECT count(*) FROM pg_indexes WHERE tablename = 'payout_schedules' AND indexname = 'idx_payout_schedules_contribution_id' AND schemaname = CURRENT_SCHEMA()

2025/12/24 04:19:39 [32m/Users/louislawrence/Music/apps/stack/lazervault-golang/database/migrations.go:164
[0m[33m[0.115ms] [34;1m[rows:1][0m SELECT count(*) FROM pg_indexes WHERE tablename = 'payout_schedules' AND indexname = 'idx_payout_schedules_user_id' AND schemaname = CURRENT_SCHEMA()

2025/12/24 04:19:39 [32m/Users/louislawrence/Music/apps/stack/lazervault-golang/database/migrations.go:164
[0m[33m[0.151ms] [34;1m[rows:1][0m SELECT count(*) FROM pg_indexes WHERE tablename = 'payout_schedules' AND indexname = 'idx_payout_schedules_scheduled_date' AND schemaname = CURRENT_SCHEMA()

2025/12/24 04:19:39 [32m/Users/louislawrence/Music/apps/stack/lazervault-golang/database/migrations.go:164
[0m[33m[0.134ms] [34;1m[rows:1][0m SELECT count(*) FROM pg_indexes WHERE tablename = 'payout_schedules' AND indexname = 'idx_payout_schedules_status' AND schemaname = CURRENT_SCHEMA()

2025/12/24 04:19:39 [32m/Users/louislawrence/Music/apps/stack/lazervault-golang/database/migrations.go:164
[0m[33m[0.125ms] [34;1m[rows:1][0m SELECT count(*) FROM information_schema.tables WHERE table_schema = CURRENT_SCHEMA() AND table_name = 'payout_transactions' AND table_type = 'BASE TABLE'

2025/12/24 04:19:39 [32m/Users/louislawrence/Music/apps/stack/lazervault-golang/database/migrations.go:164
[0m[33m[0.088ms] [34;1m[rows:1][0m SELECT CURRENT_DATABASE()

2025/12/24 04:19:39 [32m/Users/louislawrence/Music/apps/stack/lazervault-golang/database/migrations.go:164
[0m[33m[1.139ms] [34;1m[rows:-][0m SELECT c.column_name, c.is_nullable = 'YES', c.udt_name, c.character_maximum_length, c.numeric_precision, c.numeric_precision_radix, c.numeric_scale, c.datetime_precision, 8 * typlen, c.column_default, pd.description, c.identity_increment FROM information_schema.columns AS c JOIN pg_type AS pgt ON c.udt_name = pgt.typname LEFT JOIN pg_catalog.pg_description as pd ON pd.objsubid = c.ordinal_position AND pd.objoid = (SELECT oid FROM pg_catalog.pg_class WHERE relname = c.table_name AND relnamespace = (SELECT oid FROM pg_catalog.pg_namespace WHERE nspname = c.table_schema)) where table_catalog = 'postgres' AND table_schema = CURRENT_SCHEMA() AND table_name = 'payout_transactions'

2025/12/24 04:19:39 [32m/Users/louislawrence/Music/apps/stack/lazervault-golang/database/migrations.go:164
[0m[33m[1.549ms] [34;1m[rows:-][0m SELECT * FROM "payout_transactions" LIMIT 5

2025/12/24 04:19:39 [32m/Users/louislawrence/Music/apps/stack/lazervault-golang/database/migrations.go:164
[0m[33m[1.931ms] [34;1m[rows:-][0m SELECT constraint_name FROM information_schema.table_constraints tc JOIN information_schema.constraint_column_usage AS ccu USING (constraint_schema, constraint_catalog, table_name, constraint_name) JOIN information_schema.columns AS c ON c.table_schema = tc.constraint_schema AND tc.table_name = c.table_name AND ccu.column_name = c.column_name WHERE constraint_type IN ('PRIMARY KEY', 'UNIQUE') AND c.table_catalog = 'postgres' AND c.table_schema = CURRENT_SCHEMA() AND c.table_name = 'payout_transactions' AND constraint_type = 'UNIQUE'

2025/12/24 04:19:39 [32m/Users/louislawrence/Music/apps/stack/lazervault-golang/database/migrations.go:164
[0m[33m[2.335ms] [34;1m[rows:-][0m SELECT c.column_name, constraint_name, constraint_type FROM information_schema.table_constraints tc JOIN information_schema.constraint_column_usage AS ccu USING (constraint_schema, constraint_catalog, table_name, constraint_name) JOIN information_schema.columns AS c ON c.table_schema = tc.constraint_schema AND tc.table_name = c.table_name AND ccu.column_name = c.column_name WHERE constraint_type IN ('PRIMARY KEY', 'UNIQUE') AND c.table_catalog = 'postgres' AND c.table_schema = CURRENT_SCHEMA() AND c.table_name = 'payout_transactions'

2025/12/24 04:19:39 [32m/Users/louislawrence/Music/apps/stack/lazervault-golang/database/migrations.go:164
[0m[33m[0.269ms] [34;1m[rows:-][0m SELECT a.attname as column_name, format_type(a.atttypid, a.atttypmod) AS data_type
		FROM pg_attribute a JOIN pg_class b ON a.attrelid = b.oid AND relnamespace = (SELECT oid FROM pg_catalog.pg_namespace WHERE nspname = CURRENT_SCHEMA())
		WHERE a.attnum > 0 -- hide internal columns
		AND NOT a.attisdropped -- hide deleted columns
		AND b.relname = 'payout_transactions'

2025/12/24 04:19:39 [32m/Users/louislawrence/Music/apps/stack/lazervault-golang/database/migrations.go:164
[0m[33m[0.229ms] [34;1m[rows:0][0m SELECT description FROM pg_catalog.pg_description WHERE objsubid = (SELECT ordinal_position FROM information_schema.columns WHERE table_schema = CURRENT_SCHEMA() AND table_name = 'payout_transactions' AND column_name = 'id') AND objoid = (SELECT oid FROM pg_catalog.pg_class WHERE relname = 'payout_transactions' AND relnamespace = (SELECT oid FROM pg_catalog.pg_namespace WHERE nspname = CURRENT_SCHEMA()))

2025/12/24 04:19:39 [32m/Users/louislawrence/Music/apps/stack/lazervault-golang/database/migrations.go:164
[0m[33m[0.204ms] [34;1m[rows:0][0m SELECT description FROM pg_catalog.pg_description WHERE objsubid = (SELECT ordinal_position FROM information_schema.columns WHERE table_schema = CURRENT_SCHEMA() AND table_name = 'payout_transactions' AND column_name = 'created_at') AND objoid = (SELECT oid FROM pg_catalog.pg_class WHERE relname = 'payout_transactions' AND relnamespace = (SELECT oid FROM pg_catalog.pg_namespace WHERE nspname = CURRENT_SCHEMA()))

2025/12/24 04:19:39 [32m/Users/louislawrence/Music/apps/stack/lazervault-golang/database/migrations.go:164
[0m[33m[0.181ms] [34;1m[rows:0][0m SELECT description FROM pg_catalog.pg_description WHERE objsubid = (SELECT ordinal_position FROM information_schema.columns WHERE table_schema = CURRENT_SCHEMA() AND table_name = 'payout_transactions' AND column_name = 'updated_at') AND objoid = (SELECT oid FROM pg_catalog.pg_class WHERE relname = 'payout_transactions' AND relnamespace = (SELECT oid FROM pg_catalog.pg_namespace WHERE nspname = CURRENT_SCHEMA()))

2025/12/24 04:19:39 [32m/Users/louislawrence/Music/apps/stack/lazervault-golang/database/migrations.go:164
[0m[33m[0.158ms] [34;1m[rows:0][0m SELECT description FROM pg_catalog.pg_description WHERE objsubid = (SELECT ordinal_position FROM information_schema.columns WHERE table_schema = CURRENT_SCHEMA() AND table_name = 'payout_transactions' AND column_name = 'deleted_at') AND objoid = (SELECT oid FROM pg_catalog.pg_class WHERE relname = 'payout_transactions' AND relnamespace = (SELECT oid FROM pg_catalog.pg_namespace WHERE nspname = CURRENT_SCHEMA()))

2025/12/24 04:19:39 [32m/Users/louislawrence/Music/apps/stack/lazervault-golang/database/migrations.go:164
[0m[33m[0.158ms] [34;1m[rows:0][0m SELECT description FROM pg_catalog.pg_description WHERE objsubid = (SELECT ordinal_position FROM information_schema.columns WHERE table_schema = CURRENT_SCHEMA() AND table_name = 'payout_transactions' AND column_name = 'contribution_id') AND objoid = (SELECT oid FROM pg_catalog.pg_class WHERE relname = 'payout_transactions' AND relnamespace = (SELECT oid FROM pg_catalog.pg_namespace WHERE nspname = CURRENT_SCHEMA()))

2025/12/24 04:19:39 [32m/Users/louislawrence/Music/apps/stack/lazervault-golang/database/migrations.go:164
[0m[33m[0.156ms] [34;1m[rows:0][0m SELECT description FROM pg_catalog.pg_description WHERE objsubid = (SELECT ordinal_position FROM information_schema.columns WHERE table_schema = CURRENT_SCHEMA() AND table_name = 'payout_transactions' AND column_name = 'group_id') AND objoid = (SELECT oid FROM pg_catalog.pg_class WHERE relname = 'payout_transactions' AND relnamespace = (SELECT oid FROM pg_catalog.pg_namespace WHERE nspname = CURRENT_SCHEMA()))

2025/12/24 04:19:39 [32m/Users/louislawrence/Music/apps/stack/lazervault-golang/database/migrations.go:164
[0m[33m[0.192ms] [34;1m[rows:0][0m SELECT description FROM pg_catalog.pg_description WHERE objsubid = (SELECT ordinal_position FROM information_schema.columns WHERE table_schema = CURRENT_SCHEMA() AND table_name = 'payout_transactions' AND column_name = 'recipient_user_id') AND objoid = (SELECT oid FROM pg_catalog.pg_class WHERE relname = 'payout_transactions' AND relnamespace = (SELECT oid FROM pg_catalog.pg_namespace WHERE nspname = CURRENT_SCHEMA()))

2025/12/24 04:19:39 [32m/Users/louislawrence/Music/apps/stack/lazervault-golang/database/migrations.go:164
[0m[33m[0.276ms] [34;1m[rows:0][0m SELECT description FROM pg_catalog.pg_description WHERE objsubid = (SELECT ordinal_position FROM information_schema.columns WHERE table_schema = CURRENT_SCHEMA() AND table_name = 'payout_transactions' AND column_name = 'amount') AND objoid = (SELECT oid FROM pg_catalog.pg_class WHERE relname = 'payout_transactions' AND relnamespace = (SELECT oid FROM pg_catalog.pg_namespace WHERE nspname = CURRENT_SCHEMA()))

2025/12/24 04:19:39 [32m/Users/louislawrence/Music/apps/stack/lazervault-golang/database/migrations.go:164
[0m[33m[0.171ms] [34;1m[rows:0][0m SELECT description FROM pg_catalog.pg_description WHERE objsubid = (SELECT ordinal_position FROM information_schema.columns WHERE table_schema = CURRENT_SCHEMA() AND table_name = 'payout_transactions' AND column_name = 'currency') AND objoid = (SELECT oid FROM pg_catalog.pg_class WHERE relname = 'payout_transactions' AND relnamespace = (SELECT oid FROM pg_catalog.pg_namespace WHERE nspname = CURRENT_SCHEMA()))

2025/12/24 04:19:39 [32m/Users/louislawrence/Music/apps/stack/lazervault-golang/database/migrations.go:164
[0m[33m[0.319ms] [34;1m[rows:0][0m SELECT description FROM pg_catalog.pg_description WHERE objsubid = (SELECT ordinal_position FROM information_schema.columns WHERE table_schema = CURRENT_SCHEMA() AND table_name = 'payout_transactions' AND column_name = 'payout_date') AND objoid = (SELECT oid FROM pg_catalog.pg_class WHERE relname = 'payout_transactions' AND relnamespace = (SELECT oid FROM pg_catalog.pg_namespace WHERE nspname = CURRENT_SCHEMA()))

2025/12/24 04:19:39 [32m/Users/louislawrence/Music/apps/stack/lazervault-golang/database/migrations.go:164
[0m[33m[0.176ms] [34;1m[rows:0][0m SELECT description FROM pg_catalog.pg_description WHERE objsubid = (SELECT ordinal_position FROM information_schema.columns WHERE table_schema = CURRENT_SCHEMA() AND table_name = 'payout_transactions' AND column_name = 'status') AND objoid = (SELECT oid FROM pg_catalog.pg_class WHERE relname = 'payout_transactions' AND relnamespace = (SELECT oid FROM pg_catalog.pg_namespace WHERE nspname = CURRENT_SCHEMA()))

2025/12/24 04:19:39 [32m/Users/louislawrence/Music/apps/stack/lazervault-golang/database/migrations.go:164
[0m[33m[0.177ms] [34;1m[rows:0][0m SELECT description FROM pg_catalog.pg_description WHERE objsubid = (SELECT ordinal_position FROM information_schema.columns WHERE table_schema = CURRENT_SCHEMA() AND table_name = 'payout_transactions' AND column_name = 'transaction_id') AND objoid = (SELECT oid FROM pg_catalog.pg_class WHERE relname = 'payout_transactions' AND relnamespace = (SELECT oid FROM pg_catalog.pg_namespace WHERE nspname = CURRENT_SCHEMA()))

2025/12/24 04:19:39 [32m/Users/louislawrence/Music/apps/stack/lazervault-golang/database/migrations.go:164
[0m[33m[0.164ms] [34;1m[rows:0][0m SELECT description FROM pg_catalog.pg_description WHERE objsubid = (SELECT ordinal_position FROM information_schema.columns WHERE table_schema = CURRENT_SCHEMA() AND table_name = 'payout_transactions' AND column_name = 'payment_method') AND objoid = (SELECT oid FROM pg_catalog.pg_class WHERE relname = 'payout_transactions' AND relnamespace = (SELECT oid FROM pg_catalog.pg_namespace WHERE nspname = CURRENT_SCHEMA()))

2025/12/24 04:19:39 [32m/Users/louislawrence/Music/apps/stack/lazervault-golang/database/migrations.go:164
[0m[33m[0.217ms] [34;1m[rows:0][0m SELECT description FROM pg_catalog.pg_description WHERE objsubid = (SELECT ordinal_position FROM information_schema.columns WHERE table_schema = CURRENT_SCHEMA() AND table_name = 'payout_transactions' AND column_name = 'failure_reason') AND objoid = (SELECT oid FROM pg_catalog.pg_class WHERE relname = 'payout_transactions' AND relnamespace = (SELECT oid FROM pg_catalog.pg_namespace WHERE nspname = CURRENT_SCHEMA()))

2025/12/24 04:19:39 [32m/Users/louislawrence/Music/apps/stack/lazervault-golang/database/migrations.go:164
[0m[33m[0.192ms] [34;1m[rows:0][0m SELECT description FROM pg_catalog.pg_description WHERE objsubid = (SELECT ordinal_position FROM information_schema.columns WHERE table_schema = CURRENT_SCHEMA() AND table_name = 'payout_transactions' AND column_name = 'metadata') AND objoid = (SELECT oid FROM pg_catalog.pg_class WHERE relname = 'payout_transactions' AND relnamespace = (SELECT oid FROM pg_catalog.pg_namespace WHERE nspname = CURRENT_SCHEMA()))

2025/12/24 04:19:39 [32m/Users/louislawrence/Music/apps/stack/lazervault-golang/database/migrations.go:164
[0m[33m[0.187ms] [34;1m[rows:1][0m SELECT count(*) FROM INFORMATION_SCHEMA.table_constraints WHERE table_schema = CURRENT_SCHEMA() AND table_name = 'payout_transactions' AND constraint_name = 'fk_payout_transactions_group'

2025/12/24 04:19:39 [32m/Users/louislawrence/Music/apps/stack/lazervault-golang/database/migrations.go:164
[0m[33m[0.153ms] [34;1m[rows:1][0m SELECT count(*) FROM INFORMATION_SCHEMA.table_constraints WHERE table_schema = CURRENT_SCHEMA() AND table_name = 'payout_transactions' AND constraint_name = 'fk_payout_transactions_recipient_user'

2025/12/24 04:19:39 [32m/Users/louislawrence/Music/apps/stack/lazervault-golang/database/migrations.go:164
[0m[33m[0.180ms] [34;1m[rows:1][0m SELECT count(*) FROM INFORMATION_SCHEMA.table_constraints WHERE table_schema = CURRENT_SCHEMA() AND table_name = 'payout_transactions' AND constraint_name = 'fk_contributions_payout_history'

2025/12/24 04:19:39 [32m/Users/louislawrence/Music/apps/stack/lazervault-golang/database/migrations.go:164
[0m[33m[0.135ms] [34;1m[rows:1][0m SELECT count(*) FROM pg_indexes WHERE tablename = 'payout_transactions' AND indexname = 'idx_payout_transactions_contribution_id' AND schemaname = CURRENT_SCHEMA()

2025/12/24 04:19:39 [32m/Users/louislawrence/Music/apps/stack/lazervault-golang/database/migrations.go:164
[0m[33m[0.119ms] [34;1m[rows:1][0m SELECT count(*) FROM pg_indexes WHERE tablename = 'payout_transactions' AND indexname = 'idx_payout_transactions_group_id' AND schemaname = CURRENT_SCHEMA()

2025/12/24 04:19:39 [32m/Users/louislawrence/Music/apps/stack/lazervault-golang/database/migrations.go:164
[0m[33m[0.130ms] [34;1m[rows:1][0m SELECT count(*) FROM pg_indexes WHERE tablename = 'payout_transactions' AND indexname = 'idx_payout_transactions_recipient_user_id' AND schemaname = CURRENT_SCHEMA()

2025/12/24 04:19:39 [32m/Users/louislawrence/Music/apps/stack/lazervault-golang/database/migrations.go:164
[0m[33m[0.117ms] [34;1m[rows:1][0m SELECT count(*) FROM pg_indexes WHERE tablename = 'payout_transactions' AND indexname = 'idx_payout_transactions_payout_date' AND schemaname = CURRENT_SCHEMA()

2025/12/24 04:19:39 [32m/Users/louislawrence/Music/apps/stack/lazervault-golang/database/migrations.go:164
[0m[33m[0.125ms] [34;1m[rows:1][0m SELECT count(*) FROM pg_indexes WHERE tablename = 'payout_transactions' AND indexname = 'idx_payout_transactions_status' AND schemaname = CURRENT_SCHEMA()

2025/12/24 04:19:39 [32m/Users/louislawrence/Music/apps/stack/lazervault-golang/database/migrations.go:164
[0m[33m[0.149ms] [34;1m[rows:1][0m SELECT count(*) FROM pg_indexes WHERE tablename = 'payout_transactions' AND indexname = 'idx_payout_transactions_transaction_id' AND schemaname = CURRENT_SCHEMA()

2025/12/24 04:19:39 [32m/Users/louislawrence/Music/apps/stack/lazervault-golang/database/migrations.go:164
[0m[33m[0.117ms] [34;1m[rows:1][0m SELECT count(*) FROM pg_indexes WHERE tablename = 'payout_transactions' AND indexname = 'idx_payout_transactions_deleted_at' AND schemaname = CURRENT_SCHEMA()

2025/12/24 04:19:39 [32m/Users/louislawrence/Music/apps/stack/lazervault-golang/database/migrations.go:164
[0m[33m[0.158ms] [34;1m[rows:1][0m SELECT count(*) FROM information_schema.tables WHERE table_schema = CURRENT_SCHEMA() AND table_name = 'contribution_receipts' AND table_type = 'BASE TABLE'

2025/12/24 04:19:39 [32m/Users/louislawrence/Music/apps/stack/lazervault-golang/database/migrations.go:164
[0m[33m[0.097ms] [34;1m[rows:1][0m SELECT CURRENT_DATABASE()

2025/12/24 04:19:39 [32m/Users/louislawrence/Music/apps/stack/lazervault-golang/database/migrations.go:164
[0m[33m[1.104ms] [34;1m[rows:-][0m SELECT c.column_name, c.is_nullable = 'YES', c.udt_name, c.character_maximum_length, c.numeric_precision, c.numeric_precision_radix, c.numeric_scale, c.datetime_precision, 8 * typlen, c.column_default, pd.description, c.identity_increment FROM information_schema.columns AS c JOIN pg_type AS pgt ON c.udt_name = pgt.typname LEFT JOIN pg_catalog.pg_description as pd ON pd.objsubid = c.ordinal_position AND pd.objoid = (SELECT oid FROM pg_catalog.pg_class WHERE relname = c.table_name AND relnamespace = (SELECT oid FROM pg_catalog.pg_namespace WHERE nspname = c.table_schema)) where table_catalog = 'postgres' AND table_schema = CURRENT_SCHEMA() AND table_name = 'contribution_receipts'

2025/12/24 04:19:39 [32m/Users/louislawrence/Music/apps/stack/lazervault-golang/database/migrations.go:164
[0m[33m[1.681ms] [34;1m[rows:-][0m SELECT * FROM "contribution_receipts" LIMIT 5

2025/12/24 04:19:39 [32m/Users/louislawrence/Music/apps/stack/lazervault-golang/database/migrations.go:164
[0m[33m[2.113ms] [34;1m[rows:-][0m SELECT constraint_name FROM information_schema.table_constraints tc JOIN information_schema.constraint_column_usage AS ccu USING (constraint_schema, constraint_catalog, table_name, constraint_name) JOIN information_schema.columns AS c ON c.table_schema = tc.constraint_schema AND tc.table_name = c.table_name AND ccu.column_name = c.column_name WHERE constraint_type IN ('PRIMARY KEY', 'UNIQUE') AND c.table_catalog = 'postgres' AND c.table_schema = CURRENT_SCHEMA() AND c.table_name = 'contribution_receipts' AND constraint_type = 'UNIQUE'

2025/12/24 04:19:39 [32m/Users/louislawrence/Music/apps/stack/lazervault-golang/database/migrations.go:164
[0m[33m[1.936ms] [34;1m[rows:-][0m SELECT c.column_name, constraint_name, constraint_type FROM information_schema.table_constraints tc JOIN information_schema.constraint_column_usage AS ccu USING (constraint_schema, constraint_catalog, table_name, constraint_name) JOIN information_schema.columns AS c ON c.table_schema = tc.constraint_schema AND tc.table_name = c.table_name AND ccu.column_name = c.column_name WHERE constraint_type IN ('PRIMARY KEY', 'UNIQUE') AND c.table_catalog = 'postgres' AND c.table_schema = CURRENT_SCHEMA() AND c.table_name = 'contribution_receipts'

2025/12/24 04:19:39 [32m/Users/louislawrence/Music/apps/stack/lazervault-golang/database/migrations.go:164
[0m[33m[0.123ms] [34;1m[rows:-][0m SELECT a.attname as column_name, format_type(a.atttypid, a.atttypmod) AS data_type
		FROM pg_attribute a JOIN pg_class b ON a.attrelid = b.oid AND relnamespace = (SELECT oid FROM pg_catalog.pg_namespace WHERE nspname = CURRENT_SCHEMA())
		WHERE a.attnum > 0 -- hide internal columns
		AND NOT a.attisdropped -- hide deleted columns
		AND b.relname = 'contribution_receipts'

2025/12/24 04:19:39 [32m/Users/louislawrence/Music/apps/stack/lazervault-golang/database/migrations.go:164
[0m[33m[0.191ms] [34;1m[rows:0][0m SELECT description FROM pg_catalog.pg_description WHERE objsubid = (SELECT ordinal_position FROM information_schema.columns WHERE table_schema = CURRENT_SCHEMA() AND table_name = 'contribution_receipts' AND column_name = 'id') AND objoid = (SELECT oid FROM pg_catalog.pg_class WHERE relname = 'contribution_receipts' AND relnamespace = (SELECT oid FROM pg_catalog.pg_namespace WHERE nspname = CURRENT_SCHEMA()))

2025/12/24 04:19:39 [32m/Users/louislawrence/Music/apps/stack/lazervault-golang/database/migrations.go:164
[0m[33m[0.346ms] [34;1m[rows:0][0m SELECT description FROM pg_catalog.pg_description WHERE objsubid = (SELECT ordinal_position FROM information_schema.columns WHERE table_schema = CURRENT_SCHEMA() AND table_name = 'contribution_receipts' AND column_name = 'created_at') AND objoid = (SELECT oid FROM pg_catalog.pg_class WHERE relname = 'contribution_receipts' AND relnamespace = (SELECT oid FROM pg_catalog.pg_namespace WHERE nspname = CURRENT_SCHEMA()))

2025/12/24 04:19:39 [32m/Users/louislawrence/Music/apps/stack/lazervault-golang/database/migrations.go:164
[0m[33m[0.238ms] [34;1m[rows:0][0m SELECT description FROM pg_catalog.pg_description WHERE objsubid = (SELECT ordinal_position FROM information_schema.columns WHERE table_schema = CURRENT_SCHEMA() AND table_name = 'contribution_receipts' AND column_name = 'updated_at') AND objoid = (SELECT oid FROM pg_catalog.pg_class WHERE relname = 'contribution_receipts' AND relnamespace = (SELECT oid FROM pg_catalog.pg_namespace WHERE nspname = CURRENT_SCHEMA()))

2025/12/24 04:19:39 [32m/Users/louislawrence/Music/apps/stack/lazervault-golang/database/migrations.go:164
[0m[33m[0.201ms] [34;1m[rows:0][0m SELECT description FROM pg_catalog.pg_description WHERE objsubid = (SELECT ordinal_position FROM information_schema.columns WHERE table_schema = CURRENT_SCHEMA() AND table_name = 'contribution_receipts' AND column_name = 'deleted_at') AND objoid = (SELECT oid FROM pg_catalog.pg_class WHERE relname = 'contribution_receipts' AND relnamespace = (SELECT oid FROM pg_catalog.pg_namespace WHERE nspname = CURRENT_SCHEMA()))

2025/12/24 04:19:39 [32m/Users/louislawrence/Music/apps/stack/lazervault-golang/database/migrations.go:164
[0m[33m[0.263ms] [34;1m[rows:0][0m SELECT description FROM pg_catalog.pg_description WHERE objsubid = (SELECT ordinal_position FROM information_schema.columns WHERE table_schema = CURRENT_SCHEMA() AND table_name = 'contribution_receipts' AND column_name = 'payment_id') AND objoid = (SELECT oid FROM pg_catalog.pg_class WHERE relname = 'contribution_receipts' AND relnamespace = (SELECT oid FROM pg_catalog.pg_namespace WHERE nspname = CURRENT_SCHEMA()))

2025/12/24 04:19:39 [32m/Users/louislawrence/Music/apps/stack/lazervault-golang/database/migrations.go:164
[0m[33m[0.220ms] [34;1m[rows:0][0m SELECT description FROM pg_catalog.pg_description WHERE objsubid = (SELECT ordinal_position FROM information_schema.columns WHERE table_schema = CURRENT_SCHEMA() AND table_name = 'contribution_receipts' AND column_name = 'contribution_id') AND objoid = (SELECT oid FROM pg_catalog.pg_class WHERE relname = 'contribution_receipts' AND relnamespace = (SELECT oid FROM pg_catalog.pg_namespace WHERE nspname = CURRENT_SCHEMA()))

2025/12/24 04:19:39 [32m/Users/louislawrence/Music/apps/stack/lazervault-golang/database/migrations.go:164
[0m[33m[0.269ms] [34;1m[rows:0][0m SELECT description FROM pg_catalog.pg_description WHERE objsubid = (SELECT ordinal_position FROM information_schema.columns WHERE table_schema = CURRENT_SCHEMA() AND table_name = 'contribution_receipts' AND column_name = 'group_id') AND objoid = (SELECT oid FROM pg_catalog.pg_class WHERE relname = 'contribution_receipts' AND relnamespace = (SELECT oid FROM pg_catalog.pg_namespace WHERE nspname = CURRENT_SCHEMA()))

2025/12/24 04:19:39 [32m/Users/louislawrence/Music/apps/stack/lazervault-golang/database/migrations.go:164
[0m[33m[0.552ms] [34;1m[rows:0][0m SELECT description FROM pg_catalog.pg_description WHERE objsubid = (SELECT ordinal_position FROM information_schema.columns WHERE table_schema = CURRENT_SCHEMA() AND table_name = 'contribution_receipts' AND column_name = 'user_id') AND objoid = (SELECT oid FROM pg_catalog.pg_class WHERE relname = 'contribution_receipts' AND relnamespace = (SELECT oid FROM pg_catalog.pg_namespace WHERE nspname = CURRENT_SCHEMA()))

2025/12/24 04:19:39 [32m/Users/louislawrence/Music/apps/stack/lazervault-golang/database/migrations.go:164
[0m[33m[0.436ms] [34;1m[rows:0][0m SELECT description FROM pg_catalog.pg_description WHERE objsubid = (SELECT ordinal_position FROM information_schema.columns WHERE table_schema = CURRENT_SCHEMA() AND table_name = 'contribution_receipts' AND column_name = 'amount') AND objoid = (SELECT oid FROM pg_catalog.pg_class WHERE relname = 'contribution_receipts' AND relnamespace = (SELECT oid FROM pg_catalog.pg_namespace WHERE nspname = CURRENT_SCHEMA()))

2025/12/24 04:19:39 [32m/Users/louislawrence/Music/apps/stack/lazervault-golang/database/migrations.go:164
[0m[33m[0.275ms] [34;1m[rows:0][0m SELECT description FROM pg_catalog.pg_description WHERE objsubid = (SELECT ordinal_position FROM information_schema.columns WHERE table_schema = CURRENT_SCHEMA() AND table_name = 'contribution_receipts' AND column_name = 'currency') AND objoid = (SELECT oid FROM pg_catalog.pg_class WHERE relname = 'contribution_receipts' AND relnamespace = (SELECT oid FROM pg_catalog.pg_namespace WHERE nspname = CURRENT_SCHEMA()))

2025/12/24 04:19:39 [32m/Users/louislawrence/Music/apps/stack/lazervault-golang/database/migrations.go:164
[0m[33m[0.170ms] [34;1m[rows:0][0m SELECT description FROM pg_catalog.pg_description WHERE objsubid = (SELECT ordinal_position FROM information_schema.columns WHERE table_schema = CURRENT_SCHEMA() AND table_name = 'contribution_receipts' AND column_name = 'payment_date') AND objoid = (SELECT oid FROM pg_catalog.pg_class WHERE relname = 'contribution_receipts' AND relnamespace = (SELECT oid FROM pg_catalog.pg_namespace WHERE nspname = CURRENT_SCHEMA()))

2025/12/24 04:19:39 [32m/Users/louislawrence/Music/apps/stack/lazervault-golang/database/migrations.go:164
[0m[33m[0.314ms] [34;1m[rows:0][0m SELECT description FROM pg_catalog.pg_description WHERE objsubid = (SELECT ordinal_position FROM information_schema.columns WHERE table_schema = CURRENT_SCHEMA() AND table_name = 'contribution_receipts' AND column_name = 'generated_at') AND objoid = (SELECT oid FROM pg_catalog.pg_class WHERE relname = 'contribution_receipts' AND relnamespace = (SELECT oid FROM pg_catalog.pg_namespace WHERE nspname = CURRENT_SCHEMA()))

2025/12/24 04:19:39 [32m/Users/louislawrence/Music/apps/stack/lazervault-golang/database/migrations.go:164
[0m[33m[0.358ms] [34;1m[rows:0][0m SELECT description FROM pg_catalog.pg_description WHERE objsubid = (SELECT ordinal_position FROM information_schema.columns WHERE table_schema = CURRENT_SCHEMA() AND table_name = 'contribution_receipts' AND column_name = 'receipt_number') AND objoid = (SELECT oid FROM pg_catalog.pg_class WHERE relname = 'contribution_receipts' AND relnamespace = (SELECT oid FROM pg_catalog.pg_namespace WHERE nspname = CURRENT_SCHEMA()))

2025/12/24 04:19:39 [32m/Users/louislawrence/Music/apps/stack/lazervault-golang/database/migrations.go:164
[0m[33m[0.449ms] [34;1m[rows:0][0m SELECT description FROM pg_catalog.pg_description WHERE objsubid = (SELECT ordinal_position FROM information_schema.columns WHERE table_schema = CURRENT_SCHEMA() AND table_name = 'contribution_receipts' AND column_name = 'receipt_data') AND objoid = (SELECT oid FROM pg_catalog.pg_class WHERE relname = 'contribution_receipts' AND relnamespace = (SELECT oid FROM pg_catalog.pg_namespace WHERE nspname = CURRENT_SCHEMA()))

2025/12/24 04:19:39 [32m/Users/louislawrence/Music/apps/stack/lazervault-golang/database/migrations.go:164
[0m[33m[0.309ms] [34;1m[rows:1][0m SELECT count(*) FROM INFORMATION_SCHEMA.table_constraints WHERE table_schema = CURRENT_SCHEMA() AND table_name = 'contribution_receipts' AND constraint_name = 'fk_contribution_receipts_contribution'

2025/12/24 04:19:39 [32m/Users/louislawrence/Music/apps/stack/lazervault-golang/database/migrations.go:164
[0m[33m[0.224ms] [34;1m[rows:1][0m SELECT count(*) FROM INFORMATION_SCHEMA.table_constraints WHERE table_schema = CURRENT_SCHEMA() AND table_name = 'contribution_receipts' AND constraint_name = 'fk_contribution_receipts_group'

2025/12/24 04:19:39 [32m/Users/louislawrence/Music/apps/stack/lazervault-golang/database/migrations.go:164
[0m[33m[0.210ms] [34;1m[rows:1][0m SELECT count(*) FROM INFORMATION_SCHEMA.table_constraints WHERE table_schema = CURRENT_SCHEMA() AND table_name = 'contribution_receipts' AND constraint_name = 'fk_contribution_receipts_user'

2025/12/24 04:19:39 [32m/Users/louislawrence/Music/apps/stack/lazervault-golang/database/migrations.go:164
[0m[33m[0.201ms] [34;1m[rows:1][0m SELECT count(*) FROM INFORMATION_SCHEMA.table_constraints WHERE table_schema = CURRENT_SCHEMA() AND table_name = 'contribution_receipts' AND constraint_name = 'fk_contribution_receipts_payment'

2025/12/24 04:19:39 [32m/Users/louislawrence/Music/apps/stack/lazervault-golang/database/migrations.go:164
[0m[33m[0.140ms] [34;1m[rows:1][0m SELECT count(*) FROM pg_indexes WHERE tablename = 'contribution_receipts' AND indexname = 'idx_contribution_receipts_deleted_at' AND schemaname = CURRENT_SCHEMA()

2025/12/24 04:19:39 [32m/Users/louislawrence/Music/apps/stack/lazervault-golang/database/migrations.go:164
[0m[33m[0.114ms] [34;1m[rows:1][0m SELECT count(*) FROM pg_indexes WHERE tablename = 'contribution_receipts' AND indexname = 'idx_contribution_receipts_payment_id' AND schemaname = CURRENT_SCHEMA()

2025/12/24 04:19:39 [32m/Users/louislawrence/Music/apps/stack/lazervault-golang/database/migrations.go:164
[0m[33m[0.133ms] [34;1m[rows:1][0m SELECT count(*) FROM pg_indexes WHERE tablename = 'contribution_receipts' AND indexname = 'idx_contribution_receipts_contribution_id' AND schemaname = CURRENT_SCHEMA()

2025/12/24 04:19:39 [32m/Users/louislawrence/Music/apps/stack/lazervault-golang/database/migrations.go:164
[0m[33m[0.133ms] [34;1m[rows:1][0m SELECT count(*) FROM pg_indexes WHERE tablename = 'contribution_receipts' AND indexname = 'idx_contribution_receipts_group_id' AND schemaname = CURRENT_SCHEMA()

2025/12/24 04:19:39 [32m/Users/louislawrence/Music/apps/stack/lazervault-golang/database/migrations.go:164
[0m[33m[0.228ms] [34;1m[rows:1][0m SELECT count(*) FROM pg_indexes WHERE tablename = 'contribution_receipts' AND indexname = 'idx_contribution_receipts_user_id' AND schemaname = CURRENT_SCHEMA()

2025/12/24 04:19:39 [32m/Users/louislawrence/Music/apps/stack/lazervault-golang/database/migrations.go:164
[0m[33m[0.193ms] [34;1m[rows:1][0m SELECT count(*) FROM pg_indexes WHERE tablename = 'contribution_receipts' AND indexname = 'idx_contribution_receipts_generated_at' AND schemaname = CURRENT_SCHEMA()

2025/12/24 04:19:39 [32m/Users/louislawrence/Music/apps/stack/lazervault-golang/database/migrations.go:164
[0m[33m[0.259ms] [34;1m[rows:1][0m SELECT count(*) FROM pg_indexes WHERE tablename = 'contribution_receipts' AND indexname = 'idx_contribution_receipts_receipt_number' AND schemaname = CURRENT_SCHEMA()

2025/12/24 04:19:39 [32m/Users/louislawrence/Music/apps/stack/lazervault-golang/database/migrations.go:164
[0m[33m[0.188ms] [34;1m[rows:1][0m SELECT count(*) FROM information_schema.tables WHERE table_schema = CURRENT_SCHEMA() AND table_name = 'invitations' AND table_type = 'BASE TABLE'

2025/12/24 04:19:39 [32m/Users/louislawrence/Music/apps/stack/lazervault-golang/database/migrations.go:164
[0m[33m[0.103ms] [34;1m[rows:1][0m SELECT CURRENT_DATABASE()

2025/12/24 04:19:39 [32m/Users/louislawrence/Music/apps/stack/lazervault-golang/database/migrations.go:164
[0m[33m[1.546ms] [34;1m[rows:-][0m SELECT c.column_name, c.is_nullable = 'YES', c.udt_name, c.character_maximum_length, c.numeric_precision, c.numeric_precision_radix, c.numeric_scale, c.datetime_precision, 8 * typlen, c.column_default, pd.description, c.identity_increment FROM information_schema.columns AS c JOIN pg_type AS pgt ON c.udt_name = pgt.typname LEFT JOIN pg_catalog.pg_description as pd ON pd.objsubid = c.ordinal_position AND pd.objoid = (SELECT oid FROM pg_catalog.pg_class WHERE relname = c.table_name AND relnamespace = (SELECT oid FROM pg_catalog.pg_namespace WHERE nspname = c.table_schema)) where table_catalog = 'postgres' AND table_schema = CURRENT_SCHEMA() AND table_name = 'invitations'

2025/12/24 04:19:39 [32m/Users/louislawrence/Music/apps/stack/lazervault-golang/database/migrations.go:164
[0m[33m[1.341ms] [34;1m[rows:-][0m SELECT * FROM "invitations" LIMIT 5

2025/12/24 04:19:39 [32m/Users/louislawrence/Music/apps/stack/lazervault-golang/database/migrations.go:164
[0m[33m[2.342ms] [34;1m[rows:-][0m SELECT constraint_name FROM information_schema.table_constraints tc JOIN information_schema.constraint_column_usage AS ccu USING (constraint_schema, constraint_catalog, table_name, constraint_name) JOIN information_schema.columns AS c ON c.table_schema = tc.constraint_schema AND tc.table_name = c.table_name AND ccu.column_name = c.column_name WHERE constraint_type IN ('PRIMARY KEY', 'UNIQUE') AND c.table_catalog = 'postgres' AND c.table_schema = CURRENT_SCHEMA() AND c.table_name = 'invitations' AND constraint_type = 'UNIQUE'

2025/12/24 04:19:39 [32m/Users/louislawrence/Music/apps/stack/lazervault-golang/database/migrations.go:164
[0m[33m[2.309ms] [34;1m[rows:-][0m SELECT c.column_name, constraint_name, constraint_type FROM information_schema.table_constraints tc JOIN information_schema.constraint_column_usage AS ccu USING (constraint_schema, constraint_catalog, table_name, constraint_name) JOIN information_schema.columns AS c ON c.table_schema = tc.constraint_schema AND tc.table_name = c.table_name AND ccu.column_name = c.column_name WHERE constraint_type IN ('PRIMARY KEY', 'UNIQUE') AND c.table_catalog = 'postgres' AND c.table_schema = CURRENT_SCHEMA() AND c.table_name = 'invitations'

2025/12/24 04:19:39 [32m/Users/louislawrence/Music/apps/stack/lazervault-golang/database/migrations.go:164
[0m[33m[0.132ms] [34;1m[rows:-][0m SELECT a.attname as column_name, format_type(a.atttypid, a.atttypmod) AS data_type
		FROM pg_attribute a JOIN pg_class b ON a.attrelid = b.oid AND relnamespace = (SELECT oid FROM pg_catalog.pg_namespace WHERE nspname = CURRENT_SCHEMA())
		WHERE a.attnum > 0 -- hide internal columns
		AND NOT a.attisdropped -- hide deleted columns
		AND b.relname = 'invitations'

2025/12/24 04:19:39 [32m/Users/louislawrence/Music/apps/stack/lazervault-golang/database/migrations.go:164
[0m[33m[0.192ms] [34;1m[rows:0][0m SELECT description FROM pg_catalog.pg_description WHERE objsubid = (SELECT ordinal_position FROM information_schema.columns WHERE table_schema = CURRENT_SCHEMA() AND table_name = 'invitations' AND column_name = 'id') AND objoid = (SELECT oid FROM pg_catalog.pg_class WHERE relname = 'invitations' AND relnamespace = (SELECT oid FROM pg_catalog.pg_namespace WHERE nspname = CURRENT_SCHEMA()))

2025/12/24 04:19:39 [32m/Users/louislawrence/Music/apps/stack/lazervault-golang/database/migrations.go:164
[0m[33m[0.164ms] [34;1m[rows:0][0m SELECT description FROM pg_catalog.pg_description WHERE objsubid = (SELECT ordinal_position FROM information_schema.columns WHERE table_schema = CURRENT_SCHEMA() AND table_name = 'invitations' AND column_name = 'created_at') AND objoid = (SELECT oid FROM pg_catalog.pg_class WHERE relname = 'invitations' AND relnamespace = (SELECT oid FROM pg_catalog.pg_namespace WHERE nspname = CURRENT_SCHEMA()))

2025/12/24 04:19:39 [32m/Users/louislawrence/Music/apps/stack/lazervault-golang/database/migrations.go:164
[0m[33m[0.188ms] [34;1m[rows:0][0m SELECT description FROM pg_catalog.pg_description WHERE objsubid = (SELECT ordinal_position FROM information_schema.columns WHERE table_schema = CURRENT_SCHEMA() AND table_name = 'invitations' AND column_name = 'updated_at') AND objoid = (SELECT oid FROM pg_catalog.pg_class WHERE relname = 'invitations' AND relnamespace = (SELECT oid FROM pg_catalog.pg_namespace WHERE nspname = CURRENT_SCHEMA()))

2025/12/24 04:19:39 [32m/Users/louislawrence/Music/apps/stack/lazervault-golang/database/migrations.go:164
[0m[33m[0.332ms] [34;1m[rows:0][0m SELECT description FROM pg_catalog.pg_description WHERE objsubid = (SELECT ordinal_position FROM information_schema.columns WHERE table_schema = CURRENT_SCHEMA() AND table_name = 'invitations' AND column_name = 'deleted_at') AND objoid = (SELECT oid FROM pg_catalog.pg_class WHERE relname = 'invitations' AND relnamespace = (SELECT oid FROM pg_catalog.pg_namespace WHERE nspname = CURRENT_SCHEMA()))

2025/12/24 04:19:39 [32m/Users/louislawrence/Music/apps/stack/lazervault-golang/database/migrations.go:164
[0m[33m[0.368ms] [34;1m[rows:0][0m SELECT description FROM pg_catalog.pg_description WHERE objsubid = (SELECT ordinal_position FROM information_schema.columns WHERE table_schema = CURRENT_SCHEMA() AND table_name = 'invitations' AND column_name = 'inviter_id') AND objoid = (SELECT oid FROM pg_catalog.pg_class WHERE relname = 'invitations' AND relnamespace = (SELECT oid FROM pg_catalog.pg_namespace WHERE nspname = CURRENT_SCHEMA()))

2025/12/24 04:19:39 [32m/Users/louislawrence/Music/apps/stack/lazervault-golang/database/migrations.go:164
[0m[33m[0.241ms] [34;1m[rows:0][0m SELECT description FROM pg_catalog.pg_description WHERE objsubid = (SELECT ordinal_position FROM information_schema.columns WHERE table_schema = CURRENT_SCHEMA() AND table_name = 'invitations' AND column_name = 'invitee_id') AND objoid = (SELECT oid FROM pg_catalog.pg_class WHERE relname = 'invitations' AND relnamespace = (SELECT oid FROM pg_catalog.pg_namespace WHERE nspname = CURRENT_SCHEMA()))

2025/12/24 04:19:39 [32m/Users/louislawrence/Music/apps/stack/lazervault-golang/database/migrations.go:164
[0m[33m[0.237ms] [34;1m[rows:0][0m SELECT description FROM pg_catalog.pg_description WHERE objsubid = (SELECT ordinal_position FROM information_schema.columns WHERE table_schema = CURRENT_SCHEMA() AND table_name = 'invitations' AND column_name = 'type') AND objoid = (SELECT oid FROM pg_catalog.pg_class WHERE relname = 'invitations' AND relnamespace = (SELECT oid FROM pg_catalog.pg_namespace WHERE nspname = CURRENT_SCHEMA()))

2025/12/24 04:19:39 [32m/Users/louislawrence/Music/apps/stack/lazervault-golang/database/migrations.go:164
[0m[33m[0.231ms] [34;1m[rows:0][0m SELECT description FROM pg_catalog.pg_description WHERE objsubid = (SELECT ordinal_position FROM information_schema.columns WHERE table_schema = CURRENT_SCHEMA() AND table_name = 'invitations' AND column_name = 'status') AND objoid = (SELECT oid FROM pg_catalog.pg_class WHERE relname = 'invitations' AND relnamespace = (SELECT oid FROM pg_catalog.pg_namespace WHERE nspname = CURRENT_SCHEMA()))

2025/12/24 04:19:39 [32m/Users/louislawrence/Music/apps/stack/lazervault-golang/database/migrations.go:164
[0m[33m[0.294ms] [34;1m[rows:0][0m SELECT description FROM pg_catalog.pg_description WHERE objsubid = (SELECT ordinal_position FROM information_schema.columns WHERE table_schema = CURRENT_SCHEMA() AND table_name = 'invitations' AND column_name = 'email') AND objoid = (SELECT oid FROM pg_catalog.pg_class WHERE relname = 'invitations' AND relnamespace = (SELECT oid FROM pg_catalog.pg_namespace WHERE nspname = CURRENT_SCHEMA()))

2025/12/24 04:19:39 [32m/Users/louislawrence/Music/apps/stack/lazervault-golang/database/migrations.go:164
[0m[33m[0.534ms] [34;1m[rows:0][0m SELECT description FROM pg_catalog.pg_description WHERE objsubid = (SELECT ordinal_position FROM information_schema.columns WHERE table_schema = CURRENT_SCHEMA() AND table_name = 'invitations' AND column_name = 'phone_number') AND objoid = (SELECT oid FROM pg_catalog.pg_class WHERE relname = 'invitations' AND relnamespace = (SELECT oid FROM pg_catalog.pg_namespace WHERE nspname = CURRENT_SCHEMA()))

2025/12/24 04:19:39 [32m/Users/louislawrence/Music/apps/stack/lazervault-golang/database/migrations.go:164
[0m[33m[0.230ms] [34;1m[rows:0][0m SELECT description FROM pg_catalog.pg_description WHERE objsubid = (SELECT ordinal_position FROM information_schema.columns WHERE table_schema = CURRENT_SCHEMA() AND table_name = 'invitations' AND column_name = 'group_id') AND objoid = (SELECT oid FROM pg_catalog.pg_class WHERE relname = 'invitations' AND relnamespace = (SELECT oid FROM pg_catalog.pg_namespace WHERE nspname = CURRENT_SCHEMA()))

2025/12/24 04:19:39 [32m/Users/louislawrence/Music/apps/stack/lazervault-golang/database/migrations.go:164
[0m[33m[0.200ms] [34;1m[rows:0][0m SELECT description FROM pg_catalog.pg_description WHERE objsubid = (SELECT ordinal_position FROM information_schema.columns WHERE table_schema = CURRENT_SCHEMA() AND table_name = 'invitations' AND column_name = 'message') AND objoid = (SELECT oid FROM pg_catalog.pg_class WHERE relname = 'invitations' AND relnamespace = (SELECT oid FROM pg_catalog.pg_namespace WHERE nspname = CURRENT_SCHEMA()))

2025/12/24 04:19:39 [32m/Users/louislawrence/Music/apps/stack/lazervault-golang/database/migrations.go:164
[0m[33m[0.181ms] [34;1m[rows:0][0m SELECT description FROM pg_catalog.pg_description WHERE objsubid = (SELECT ordinal_position FROM information_schema.columns WHERE table_schema = CURRENT_SCHEMA() AND table_name = 'invitations' AND column_name = 'sent_at') AND objoid = (SELECT oid FROM pg_catalog.pg_class WHERE relname = 'invitations' AND relnamespace = (SELECT oid FROM pg_catalog.pg_namespace WHERE nspname = CURRENT_SCHEMA()))

2025/12/24 04:19:39 [32m/Users/louislawrence/Music/apps/stack/lazervault-golang/database/migrations.go:164
[0m[33m[0.182ms] [34;1m[rows:0][0m SELECT description FROM pg_catalog.pg_description WHERE objsubid = (SELECT ordinal_position FROM information_schema.columns WHERE table_schema = CURRENT_SCHEMA() AND table_name = 'invitations' AND column_name = 'accepted_at') AND objoid = (SELECT oid FROM pg_catalog.pg_class WHERE relname = 'invitations' AND relnamespace = (SELECT oid FROM pg_catalog.pg_namespace WHERE nspname = CURRENT_SCHEMA()))

2025/12/24 04:19:39 [32m/Users/louislawrence/Music/apps/stack/lazervault-golang/database/migrations.go:164
[0m[33m[0.175ms] [34;1m[rows:0][0m SELECT description FROM pg_catalog.pg_description WHERE objsubid = (SELECT ordinal_position FROM information_schema.columns WHERE table_schema = CURRENT_SCHEMA() AND table_name = 'invitations' AND column_name = 'expires_at') AND objoid = (SELECT oid FROM pg_catalog.pg_class WHERE relname = 'invitations' AND relnamespace = (SELECT oid FROM pg_catalog.pg_namespace WHERE nspname = CURRENT_SCHEMA()))

2025/12/24 04:19:39 [32m/Users/louislawrence/Music/apps/stack/lazervault-golang/database/migrations.go:164
[0m[33m[0.314ms] [34;1m[rows:1][0m SELECT count(*) FROM INFORMATION_SCHEMA.table_constraints WHERE table_schema = CURRENT_SCHEMA() AND table_name = 'invitations' AND constraint_name = 'fk_invitations_inviter'

2025/12/24 04:19:39 [32m/Users/louislawrence/Music/apps/stack/lazervault-golang/database/migrations.go:164
[0m[33m[0.391ms] [34;1m[rows:1][0m SELECT count(*) FROM INFORMATION_SCHEMA.table_constraints WHERE table_schema = CURRENT_SCHEMA() AND table_name = 'invitations' AND constraint_name = 'fk_invitations_invitee'

2025/12/24 04:19:39 [32m/Users/louislawrence/Music/apps/stack/lazervault-golang/database/migrations.go:164
[0m[33m[0.246ms] [34;1m[rows:1][0m SELECT count(*) FROM INFORMATION_SCHEMA.table_constraints WHERE table_schema = CURRENT_SCHEMA() AND table_name = 'invitations' AND constraint_name = 'fk_invitations_group'

2025/12/24 04:19:39 [32m/Users/louislawrence/Music/apps/stack/lazervault-golang/database/migrations.go:164
[0m[33m[0.200ms] [34;1m[rows:1][0m SELECT count(*) FROM pg_indexes WHERE tablename = 'invitations' AND indexname = 'idx_invitations_phone_number' AND schemaname = CURRENT_SCHEMA()

2025/12/24 04:19:39 [32m/Users/louislawrence/Music/apps/stack/lazervault-golang/database/migrations.go:164
[0m[33m[0.165ms] [34;1m[rows:1][0m SELECT count(*) FROM pg_indexes WHERE tablename = 'invitations' AND indexname = 'idx_invitations_group_id' AND schemaname = CURRENT_SCHEMA()

2025/12/24 04:19:39 [32m/Users/louislawrence/Music/apps/stack/lazervault-golang/database/migrations.go:164
[0m[33m[0.239ms] [34;1m[rows:1][0m SELECT count(*) FROM pg_indexes WHERE tablename = 'invitations' AND indexname = 'idx_invitations_expires_at' AND schemaname = CURRENT_SCHEMA()

2025/12/24 04:19:39 [32m/Users/louislawrence/Music/apps/stack/lazervault-golang/database/migrations.go:164
[0m[33m[0.269ms] [34;1m[rows:1][0m SELECT count(*) FROM pg_indexes WHERE tablename = 'invitations' AND indexname = 'idx_invitations_deleted_at' AND schemaname = CURRENT_SCHEMA()

2025/12/24 04:19:39 [32m/Users/louislawrence/Music/apps/stack/lazervault-golang/database/migrations.go:164
[0m[33m[0.194ms] [34;1m[rows:1][0m SELECT count(*) FROM pg_indexes WHERE tablename = 'invitations' AND indexname = 'idx_invitations_inviter_id' AND schemaname = CURRENT_SCHEMA()

2025/12/24 04:19:39 [32m/Users/louislawrence/Music/apps/stack/lazervault-golang/database/migrations.go:164
[0m[33m[0.168ms] [34;1m[rows:1][0m SELECT count(*) FROM pg_indexes WHERE tablename = 'invitations' AND indexname = 'idx_invitations_invitee_id' AND schemaname = CURRENT_SCHEMA()

2025/12/24 04:19:39 [32m/Users/louislawrence/Music/apps/stack/lazervault-golang/database/migrations.go:164
[0m[33m[0.155ms] [34;1m[rows:1][0m SELECT count(*) FROM pg_indexes WHERE tablename = 'invitations' AND indexname = 'idx_invitations_status' AND schemaname = CURRENT_SCHEMA()

2025/12/24 04:19:39 [32m/Users/louislawrence/Music/apps/stack/lazervault-golang/database/migrations.go:164
[0m[33m[0.156ms] [34;1m[rows:1][0m SELECT count(*) FROM pg_indexes WHERE tablename = 'invitations' AND indexname = 'idx_invitations_email' AND schemaname = CURRENT_SCHEMA()

2025/12/24 04:19:39 [32m/Users/louislawrence/Music/apps/stack/lazervault-golang/database/migrations.go:164
[0m[33m[0.153ms] [34;1m[rows:1][0m SELECT count(*) FROM information_schema.tables WHERE table_schema = CURRENT_SCHEMA() AND table_name = 'tag_pays' AND table_type = 'BASE TABLE'

2025/12/24 04:19:39 [32m/Users/louislawrence/Music/apps/stack/lazervault-golang/database/migrations.go:164
[0m[33m[0.103ms] [34;1m[rows:1][0m SELECT CURRENT_DATABASE()

2025/12/24 04:19:39 [32m/Users/louislawrence/Music/apps/stack/lazervault-golang/database/migrations.go:164
[0m[33m[1.292ms] [34;1m[rows:-][0m SELECT c.column_name, c.is_nullable = 'YES', c.udt_name, c.character_maximum_length, c.numeric_precision, c.numeric_precision_radix, c.numeric_scale, c.datetime_precision, 8 * typlen, c.column_default, pd.description, c.identity_increment FROM information_schema.columns AS c JOIN pg_type AS pgt ON c.udt_name = pgt.typname LEFT JOIN pg_catalog.pg_description as pd ON pd.objsubid = c.ordinal_position AND pd.objoid = (SELECT oid FROM pg_catalog.pg_class WHERE relname = c.table_name AND relnamespace = (SELECT oid FROM pg_catalog.pg_namespace WHERE nspname = c.table_schema)) where table_catalog = 'postgres' AND table_schema = CURRENT_SCHEMA() AND table_name = 'tag_pays'

2025/12/24 04:19:39 [32m/Users/louislawrence/Music/apps/stack/lazervault-golang/database/migrations.go:164
[0m[33m[1.013ms] [34;1m[rows:-][0m SELECT * FROM "tag_pays" LIMIT 5

2025/12/24 04:19:39 [32m/Users/louislawrence/Music/apps/stack/lazervault-golang/database/migrations.go:164
[0m[33m[1.383ms] [34;1m[rows:-][0m SELECT constraint_name FROM information_schema.table_constraints tc JOIN information_schema.constraint_column_usage AS ccu USING (constraint_schema, constraint_catalog, table_name, constraint_name) JOIN information_schema.columns AS c ON c.table_schema = tc.constraint_schema AND tc.table_name = c.table_name AND ccu.column_name = c.column_name WHERE constraint_type IN ('PRIMARY KEY', 'UNIQUE') AND c.table_catalog = 'postgres' AND c.table_schema = CURRENT_SCHEMA() AND c.table_name = 'tag_pays' AND constraint_type = 'UNIQUE'

2025/12/24 04:19:39 [32m/Users/louislawrence/Music/apps/stack/lazervault-golang/database/migrations.go:164
[0m[33m[1.355ms] [34;1m[rows:-][0m SELECT c.column_name, constraint_name, constraint_type FROM information_schema.table_constraints tc JOIN information_schema.constraint_column_usage AS ccu USING (constraint_schema, constraint_catalog, table_name, constraint_name) JOIN information_schema.columns AS c ON c.table_schema = tc.constraint_schema AND tc.table_name = c.table_name AND ccu.column_name = c.column_name WHERE constraint_type IN ('PRIMARY KEY', 'UNIQUE') AND c.table_catalog = 'postgres' AND c.table_schema = CURRENT_SCHEMA() AND c.table_name = 'tag_pays'

2025/12/24 04:19:39 [32m/Users/louislawrence/Music/apps/stack/lazervault-golang/database/migrations.go:164
[0m[33m[0.234ms] [34;1m[rows:-][0m SELECT a.attname as column_name, format_type(a.atttypid, a.atttypmod) AS data_type
		FROM pg_attribute a JOIN pg_class b ON a.attrelid = b.oid AND relnamespace = (SELECT oid FROM pg_catalog.pg_namespace WHERE nspname = CURRENT_SCHEMA())
		WHERE a.attnum > 0 -- hide internal columns
		AND NOT a.attisdropped -- hide deleted columns
		AND b.relname = 'tag_pays'

2025/12/24 04:19:39 [32m/Users/louislawrence/Music/apps/stack/lazervault-golang/database/migrations.go:164
[0m[33m[0.447ms] [34;1m[rows:0][0m SELECT description FROM pg_catalog.pg_description WHERE objsubid = (SELECT ordinal_position FROM information_schema.columns WHERE table_schema = CURRENT_SCHEMA() AND table_name = 'tag_pays' AND column_name = 'id') AND objoid = (SELECT oid FROM pg_catalog.pg_class WHERE relname = 'tag_pays' AND relnamespace = (SELECT oid FROM pg_catalog.pg_namespace WHERE nspname = CURRENT_SCHEMA()))

2025/12/24 04:19:39 [32m/Users/louislawrence/Music/apps/stack/lazervault-golang/database/migrations.go:164
[0m[33m[0.342ms] [34;1m[rows:0][0m SELECT description FROM pg_catalog.pg_description WHERE objsubid = (SELECT ordinal_position FROM information_schema.columns WHERE table_schema = CURRENT_SCHEMA() AND table_name = 'tag_pays' AND column_name = 'user_id') AND objoid = (SELECT oid FROM pg_catalog.pg_class WHERE relname = 'tag_pays' AND relnamespace = (SELECT oid FROM pg_catalog.pg_namespace WHERE nspname = CURRENT_SCHEMA()))

2025/12/24 04:19:39 [32m/Users/louislawrence/Music/apps/stack/lazervault-golang/database/migrations.go:164
[0m[33m[0.304ms] [34;1m[rows:0][0m SELECT description FROM pg_catalog.pg_description WHERE objsubid = (SELECT ordinal_position FROM information_schema.columns WHERE table_schema = CURRENT_SCHEMA() AND table_name = 'tag_pays' AND column_name = 'tag_pay') AND objoid = (SELECT oid FROM pg_catalog.pg_class WHERE relname = 'tag_pays' AND relnamespace = (SELECT oid FROM pg_catalog.pg_namespace WHERE nspname = CURRENT_SCHEMA()))

2025/12/24 04:19:39 [32m/Users/louislawrence/Music/apps/stack/lazervault-golang/database/migrations.go:164
[0m[33m[0.356ms] [34;1m[rows:0][0m SELECT description FROM pg_catalog.pg_description WHERE objsubid = (SELECT ordinal_position FROM information_schema.columns WHERE table_schema = CURRENT_SCHEMA() AND table_name = 'tag_pays' AND column_name = 'display_name') AND objoid = (SELECT oid FROM pg_catalog.pg_class WHERE relname = 'tag_pays' AND relnamespace = (SELECT oid FROM pg_catalog.pg_namespace WHERE nspname = CURRENT_SCHEMA()))

2025/12/24 04:19:39 [32m/Users/louislawrence/Music/apps/stack/lazervault-golang/database/migrations.go:164
[0m[33m[0.286ms] [34;1m[rows:0][0m SELECT description FROM pg_catalog.pg_description WHERE objsubid = (SELECT ordinal_position FROM information_schema.columns WHERE table_schema = CURRENT_SCHEMA() AND table_name = 'tag_pays' AND column_name = 'avatar_url') AND objoid = (SELECT oid FROM pg_catalog.pg_class WHERE relname = 'tag_pays' AND relnamespace = (SELECT oid FROM pg_catalog.pg_namespace WHERE nspname = CURRENT_SCHEMA()))

2025/12/24 04:19:39 [32m/Users/louislawrence/Music/apps/stack/lazervault-golang/database/migrations.go:164
[0m[33m[0.235ms] [34;1m[rows:0][0m SELECT description FROM pg_catalog.pg_description WHERE objsubid = (SELECT ordinal_position FROM information_schema.columns WHERE table_schema = CURRENT_SCHEMA() AND table_name = 'tag_pays' AND column_name = 'is_active') AND objoid = (SELECT oid FROM pg_catalog.pg_class WHERE relname = 'tag_pays' AND relnamespace = (SELECT oid FROM pg_catalog.pg_namespace WHERE nspname = CURRENT_SCHEMA()))

2025/12/24 04:19:39 [32m/Users/louislawrence/Music/apps/stack/lazervault-golang/database/migrations.go:164
[0m[33m[0.258ms] [34;1m[rows:0][0m SELECT description FROM pg_catalog.pg_description WHERE objsubid = (SELECT ordinal_position FROM information_schema.columns WHERE table_schema = CURRENT_SCHEMA() AND table_name = 'tag_pays' AND column_name = 'created_at') AND objoid = (SELECT oid FROM pg_catalog.pg_class WHERE relname = 'tag_pays' AND relnamespace = (SELECT oid FROM pg_catalog.pg_namespace WHERE nspname = CURRENT_SCHEMA()))

2025/12/24 04:19:39 [32m/Users/louislawrence/Music/apps/stack/lazervault-golang/database/migrations.go:164
[0m[33m[0.227ms] [34;1m[rows:0][0m SELECT description FROM pg_catalog.pg_description WHERE objsubid = (SELECT ordinal_position FROM information_schema.columns WHERE table_schema = CURRENT_SCHEMA() AND table_name = 'tag_pays' AND column_name = 'updated_at') AND objoid = (SELECT oid FROM pg_catalog.pg_class WHERE relname = 'tag_pays' AND relnamespace = (SELECT oid FROM pg_catalog.pg_namespace WHERE nspname = CURRENT_SCHEMA()))

2025/12/24 04:19:39 [32m/Users/louislawrence/Music/apps/stack/lazervault-golang/database/migrations.go:164
[0m[33m[0.138ms] [34;1m[rows:1][0m SELECT count(*) FROM pg_indexes WHERE tablename = 'tag_pays' AND indexname = 'idx_tag_pays_user_id' AND schemaname = CURRENT_SCHEMA()

2025/12/24 04:19:39 [32m/Users/louislawrence/Music/apps/stack/lazervault-golang/database/migrations.go:164
[0m[33m[0.107ms] [34;1m[rows:1][0m SELECT count(*) FROM pg_indexes WHERE tablename = 'tag_pays' AND indexname = 'idx_tag_pays_tag_pay' AND schemaname = CURRENT_SCHEMA()

2025/12/24 04:19:39 [32m/Users/louislawrence/Music/apps/stack/lazervault-golang/database/migrations.go:164
[0m[33m[0.110ms] [34;1m[rows:1][0m SELECT count(*) FROM information_schema.tables WHERE table_schema = CURRENT_SCHEMA() AND table_name = 'tag_pay_transactions' AND table_type = 'BASE TABLE'

2025/12/24 04:19:39 [32m/Users/louislawrence/Music/apps/stack/lazervault-golang/database/migrations.go:164
[0m[33m[0.080ms] [34;1m[rows:1][0m SELECT CURRENT_DATABASE()

2025/12/24 04:19:39 [32m/Users/louislawrence/Music/apps/stack/lazervault-golang/database/migrations.go:164
[0m[33m[1.676ms] [34;1m[rows:-][0m SELECT c.column_name, c.is_nullable = 'YES', c.udt_name, c.character_maximum_length, c.numeric_precision, c.numeric_precision_radix, c.numeric_scale, c.datetime_precision, 8 * typlen, c.column_default, pd.description, c.identity_increment FROM information_schema.columns AS c JOIN pg_type AS pgt ON c.udt_name = pgt.typname LEFT JOIN pg_catalog.pg_description as pd ON pd.objsubid = c.ordinal_position AND pd.objoid = (SELECT oid FROM pg_catalog.pg_class WHERE relname = c.table_name AND relnamespace = (SELECT oid FROM pg_catalog.pg_namespace WHERE nspname = c.table_schema)) where table_catalog = 'postgres' AND table_schema = CURRENT_SCHEMA() AND table_name = 'tag_pay_transactions'

2025/12/24 04:19:39 [32m/Users/louislawrence/Music/apps/stack/lazervault-golang/database/migrations.go:164
[0m[33m[1.584ms] [34;1m[rows:-][0m SELECT * FROM "tag_pay_transactions" LIMIT 5

2025/12/24 04:19:39 [32m/Users/louislawrence/Music/apps/stack/lazervault-golang/database/migrations.go:164
[0m[33m[3.118ms] [34;1m[rows:-][0m SELECT constraint_name FROM information_schema.table_constraints tc JOIN information_schema.constraint_column_usage AS ccu USING (constraint_schema, constraint_catalog, table_name, constraint_name) JOIN information_schema.columns AS c ON c.table_schema = tc.constraint_schema AND tc.table_name = c.table_name AND ccu.column_name = c.column_name WHERE constraint_type IN ('PRIMARY KEY', 'UNIQUE') AND c.table_catalog = 'postgres' AND c.table_schema = CURRENT_SCHEMA() AND c.table_name = 'tag_pay_transactions' AND constraint_type = 'UNIQUE'

2025/12/24 04:19:39 [32m/Users/louislawrence/Music/apps/stack/lazervault-golang/database/migrations.go:164
[0m[33m[2.338ms] [34;1m[rows:-][0m SELECT c.column_name, constraint_name, constraint_type FROM information_schema.table_constraints tc JOIN information_schema.constraint_column_usage AS ccu USING (constraint_schema, constraint_catalog, table_name, constraint_name) JOIN information_schema.columns AS c ON c.table_schema = tc.constraint_schema AND tc.table_name = c.table_name AND ccu.column_name = c.column_name WHERE constraint_type IN ('PRIMARY KEY', 'UNIQUE') AND c.table_catalog = 'postgres' AND c.table_schema = CURRENT_SCHEMA() AND c.table_name = 'tag_pay_transactions'

2025/12/24 04:19:39 [32m/Users/louislawrence/Music/apps/stack/lazervault-golang/database/migrations.go:164
[0m[33m[0.121ms] [34;1m[rows:-][0m SELECT a.attname as column_name, format_type(a.atttypid, a.atttypmod) AS data_type
		FROM pg_attribute a JOIN pg_class b ON a.attrelid = b.oid AND relnamespace = (SELECT oid FROM pg_catalog.pg_namespace WHERE nspname = CURRENT_SCHEMA())
		WHERE a.attnum > 0 -- hide internal columns
		AND NOT a.attisdropped -- hide deleted columns
		AND b.relname = 'tag_pay_transactions'

2025/12/24 04:19:39 [32m/Users/louislawrence/Music/apps/stack/lazervault-golang/database/migrations.go:164
[0m[33m[0.181ms] [34;1m[rows:0][0m SELECT description FROM pg_catalog.pg_description WHERE objsubid = (SELECT ordinal_position FROM information_schema.columns WHERE table_schema = CURRENT_SCHEMA() AND table_name = 'tag_pay_transactions' AND column_name = 'id') AND objoid = (SELECT oid FROM pg_catalog.pg_class WHERE relname = 'tag_pay_transactions' AND relnamespace = (SELECT oid FROM pg_catalog.pg_namespace WHERE nspname = CURRENT_SCHEMA()))

2025/12/24 04:19:39 [32m/Users/louislawrence/Music/apps/stack/lazervault-golang/database/migrations.go:164
[0m[33m[0.152ms] [34;1m[rows:0][0m SELECT description FROM pg_catalog.pg_description WHERE objsubid = (SELECT ordinal_position FROM information_schema.columns WHERE table_schema = CURRENT_SCHEMA() AND table_name = 'tag_pay_transactions' AND column_name = 'sender_id') AND objoid = (SELECT oid FROM pg_catalog.pg_class WHERE relname = 'tag_pay_transactions' AND relnamespace = (SELECT oid FROM pg_catalog.pg_namespace WHERE nspname = CURRENT_SCHEMA()))

2025/12/24 04:19:39 [32m/Users/louislawrence/Music/apps/stack/lazervault-golang/database/migrations.go:164
[0m[33m[0.143ms] [34;1m[rows:0][0m SELECT description FROM pg_catalog.pg_description WHERE objsubid = (SELECT ordinal_position FROM information_schema.columns WHERE table_schema = CURRENT_SCHEMA() AND table_name = 'tag_pay_transactions' AND column_name = 'sender_tag_pay') AND objoid = (SELECT oid FROM pg_catalog.pg_class WHERE relname = 'tag_pay_transactions' AND relnamespace = (SELECT oid FROM pg_catalog.pg_namespace WHERE nspname = CURRENT_SCHEMA()))

2025/12/24 04:19:39 [32m/Users/louislawrence/Music/apps/stack/lazervault-golang/database/migrations.go:164
[0m[33m[0.141ms] [34;1m[rows:0][0m SELECT description FROM pg_catalog.pg_description WHERE objsubid = (SELECT ordinal_position FROM information_schema.columns WHERE table_schema = CURRENT_SCHEMA() AND table_name = 'tag_pay_transactions' AND column_name = 'sender_name') AND objoid = (SELECT oid FROM pg_catalog.pg_class WHERE relname = 'tag_pay_transactions' AND relnamespace = (SELECT oid FROM pg_catalog.pg_namespace WHERE nspname = CURRENT_SCHEMA()))

2025/12/24 04:19:39 [32m/Users/louislawrence/Music/apps/stack/lazervault-golang/database/migrations.go:164
[0m[33m[0.142ms] [34;1m[rows:0][0m SELECT description FROM pg_catalog.pg_description WHERE objsubid = (SELECT ordinal_position FROM information_schema.columns WHERE table_schema = CURRENT_SCHEMA() AND table_name = 'tag_pay_transactions' AND column_name = 'receiver_id') AND objoid = (SELECT oid FROM pg_catalog.pg_class WHERE relname = 'tag_pay_transactions' AND relnamespace = (SELECT oid FROM pg_catalog.pg_namespace WHERE nspname = CURRENT_SCHEMA()))

2025/12/24 04:19:39 [32m/Users/louislawrence/Music/apps/stack/lazervault-golang/database/migrations.go:164
[0m[33m[0.136ms] [34;1m[rows:0][0m SELECT description FROM pg_catalog.pg_description WHERE objsubid = (SELECT ordinal_position FROM information_schema.columns WHERE table_schema = CURRENT_SCHEMA() AND table_name = 'tag_pay_transactions' AND column_name = 'receiver_tag_pay') AND objoid = (SELECT oid FROM pg_catalog.pg_class WHERE relname = 'tag_pay_transactions' AND relnamespace = (SELECT oid FROM pg_catalog.pg_namespace WHERE nspname = CURRENT_SCHEMA()))

2025/12/24 04:19:39 [32m/Users/louislawrence/Music/apps/stack/lazervault-golang/database/migrations.go:164
[0m[33m[0.138ms] [34;1m[rows:0][0m SELECT description FROM pg_catalog.pg_description WHERE objsubid = (SELECT ordinal_position FROM information_schema.columns WHERE table_schema = CURRENT_SCHEMA() AND table_name = 'tag_pay_transactions' AND column_name = 'receiver_name') AND objoid = (SELECT oid FROM pg_catalog.pg_class WHERE relname = 'tag_pay_transactions' AND relnamespace = (SELECT oid FROM pg_catalog.pg_namespace WHERE nspname = CURRENT_SCHEMA()))

2025/12/24 04:19:39 [32m/Users/louislawrence/Music/apps/stack/lazervault-golang/database/migrations.go:164
[0m[33m[0.157ms] [34;1m[rows:0][0m SELECT description FROM pg_catalog.pg_description WHERE objsubid = (SELECT ordinal_position FROM information_schema.columns WHERE table_schema = CURRENT_SCHEMA() AND table_name = 'tag_pay_transactions' AND column_name = 'amount') AND objoid = (SELECT oid FROM pg_catalog.pg_class WHERE relname = 'tag_pay_transactions' AND relnamespace = (SELECT oid FROM pg_catalog.pg_namespace WHERE nspname = CURRENT_SCHEMA()))

2025/12/24 04:19:39 [32m/Users/louislawrence/Music/apps/stack/lazervault-golang/database/migrations.go:164
[0m[33m[0.137ms] [34;1m[rows:0][0m SELECT description FROM pg_catalog.pg_description WHERE objsubid = (SELECT ordinal_position FROM information_schema.columns WHERE table_schema = CURRENT_SCHEMA() AND table_name = 'tag_pay_transactions' AND column_name = 'currency') AND objoid = (SELECT oid FROM pg_catalog.pg_class WHERE relname = 'tag_pay_transactions' AND relnamespace = (SELECT oid FROM pg_catalog.pg_namespace WHERE nspname = CURRENT_SCHEMA()))

2025/12/24 04:19:39 [32m/Users/louislawrence/Music/apps/stack/lazervault-golang/database/migrations.go:164
[0m[33m[0.134ms] [34;1m[rows:0][0m SELECT description FROM pg_catalog.pg_description WHERE objsubid = (SELECT ordinal_position FROM information_schema.columns WHERE table_schema = CURRENT_SCHEMA() AND table_name = 'tag_pay_transactions' AND column_name = 'description') AND objoid = (SELECT oid FROM pg_catalog.pg_class WHERE relname = 'tag_pay_transactions' AND relnamespace = (SELECT oid FROM pg_catalog.pg_namespace WHERE nspname = CURRENT_SCHEMA()))

2025/12/24 04:19:39 [32m/Users/louislawrence/Music/apps/stack/lazervault-golang/database/migrations.go:164
[0m[33m[0.137ms] [34;1m[rows:0][0m SELECT description FROM pg_catalog.pg_description WHERE objsubid = (SELECT ordinal_position FROM information_schema.columns WHERE table_schema = CURRENT_SCHEMA() AND table_name = 'tag_pay_transactions' AND column_name = 'status') AND objoid = (SELECT oid FROM pg_catalog.pg_class WHERE relname = 'tag_pay_transactions' AND relnamespace = (SELECT oid FROM pg_catalog.pg_namespace WHERE nspname = CURRENT_SCHEMA()))

2025/12/24 04:19:39 [32m/Users/louislawrence/Music/apps/stack/lazervault-golang/database/migrations.go:164
[0m[33m[0.138ms] [34;1m[rows:0][0m SELECT description FROM pg_catalog.pg_description WHERE objsubid = (SELECT ordinal_position FROM information_schema.columns WHERE table_schema = CURRENT_SCHEMA() AND table_name = 'tag_pay_transactions' AND column_name = 'type') AND objoid = (SELECT oid FROM pg_catalog.pg_class WHERE relname = 'tag_pay_transactions' AND relnamespace = (SELECT oid FROM pg_catalog.pg_namespace WHERE nspname = CURRENT_SCHEMA()))

2025/12/24 04:19:39 [32m/Users/louislawrence/Music/apps/stack/lazervault-golang/database/migrations.go:164
[0m[33m[0.165ms] [34;1m[rows:0][0m SELECT description FROM pg_catalog.pg_description WHERE objsubid = (SELECT ordinal_position FROM information_schema.columns WHERE table_schema = CURRENT_SCHEMA() AND table_name = 'tag_pay_transactions' AND column_name = 'reference_number') AND objoid = (SELECT oid FROM pg_catalog.pg_class WHERE relname = 'tag_pay_transactions' AND relnamespace = (SELECT oid FROM pg_catalog.pg_namespace WHERE nspname = CURRENT_SCHEMA()))

2025/12/24 04:19:39 [32m/Users/louislawrence/Music/apps/stack/lazervault-golang/database/migrations.go:164
[0m[33m[0.139ms] [34;1m[rows:0][0m SELECT description FROM pg_catalog.pg_description WHERE objsubid = (SELECT ordinal_position FROM information_schema.columns WHERE table_schema = CURRENT_SCHEMA() AND table_name = 'tag_pay_transactions' AND column_name = 'account_id') AND objoid = (SELECT oid FROM pg_catalog.pg_class WHERE relname = 'tag_pay_transactions' AND relnamespace = (SELECT oid FROM pg_catalog.pg_namespace WHERE nspname = CURRENT_SCHEMA()))

2025/12/24 04:19:39 [32m/Users/louislawrence/Music/apps/stack/lazervault-golang/database/migrations.go:164
[0m[33m[0.232ms] [34;1m[rows:0][0m SELECT description FROM pg_catalog.pg_description WHERE objsubid = (SELECT ordinal_position FROM information_schema.columns WHERE table_schema = CURRENT_SCHEMA() AND table_name = 'tag_pay_transactions' AND column_name = 'created_at') AND objoid = (SELECT oid FROM pg_catalog.pg_class WHERE relname = 'tag_pay_transactions' AND relnamespace = (SELECT oid FROM pg_catalog.pg_namespace WHERE nspname = CURRENT_SCHEMA()))

2025/12/24 04:19:39 [32m/Users/louislawrence/Music/apps/stack/lazervault-golang/database/migrations.go:164
[0m[33m[0.716ms] [34;1m[rows:0][0m SELECT description FROM pg_catalog.pg_description WHERE objsubid = (SELECT ordinal_position FROM information_schema.columns WHERE table_schema = CURRENT_SCHEMA() AND table_name = 'tag_pay_transactions' AND column_name = 'completed_at') AND objoid = (SELECT oid FROM pg_catalog.pg_class WHERE relname = 'tag_pay_transactions' AND relnamespace = (SELECT oid FROM pg_catalog.pg_namespace WHERE nspname = CURRENT_SCHEMA()))

2025/12/24 04:19:39 [32m/Users/louislawrence/Music/apps/stack/lazervault-golang/database/migrations.go:164
[0m[33m[0.261ms] [34;1m[rows:1][0m SELECT count(*) FROM pg_indexes WHERE tablename = 'tag_pay_transactions' AND indexname = 'idx_tag_pay_transactions_reference_number' AND schemaname = CURRENT_SCHEMA()

2025/12/24 04:19:39 [32m/Users/louislawrence/Music/apps/stack/lazervault-golang/database/migrations.go:164
[0m[33m[0.227ms] [34;1m[rows:1][0m SELECT count(*) FROM information_schema.tables WHERE table_schema = CURRENT_SCHEMA() AND table_name = 'money_requests' AND table_type = 'BASE TABLE'

2025/12/24 04:19:39 [32m/Users/louislawrence/Music/apps/stack/lazervault-golang/database/migrations.go:164
[0m[33m[0.099ms] [34;1m[rows:1][0m SELECT CURRENT_DATABASE()

2025/12/24 04:19:39 [32m/Users/louislawrence/Music/apps/stack/lazervault-golang/database/migrations.go:164
[0m[33m[1.363ms] [34;1m[rows:-][0m SELECT c.column_name, c.is_nullable = 'YES', c.udt_name, c.character_maximum_length, c.numeric_precision, c.numeric_precision_radix, c.numeric_scale, c.datetime_precision, 8 * typlen, c.column_default, pd.description, c.identity_increment FROM information_schema.columns AS c JOIN pg_type AS pgt ON c.udt_name = pgt.typname LEFT JOIN pg_catalog.pg_description as pd ON pd.objsubid = c.ordinal_position AND pd.objoid = (SELECT oid FROM pg_catalog.pg_class WHERE relname = c.table_name AND relnamespace = (SELECT oid FROM pg_catalog.pg_namespace WHERE nspname = c.table_schema)) where table_catalog = 'postgres' AND table_schema = CURRENT_SCHEMA() AND table_name = 'money_requests'

2025/12/24 04:19:39 [32m/Users/louislawrence/Music/apps/stack/lazervault-golang/database/migrations.go:164
[0m[33m[0.931ms] [34;1m[rows:-][0m SELECT * FROM "money_requests" LIMIT 5

2025/12/24 04:19:39 [32m/Users/louislawrence/Music/apps/stack/lazervault-golang/database/migrations.go:164
[0m[33m[2.641ms] [34;1m[rows:-][0m SELECT constraint_name FROM information_schema.table_constraints tc JOIN information_schema.constraint_column_usage AS ccu USING (constraint_schema, constraint_catalog, table_name, constraint_name) JOIN information_schema.columns AS c ON c.table_schema = tc.constraint_schema AND tc.table_name = c.table_name AND ccu.column_name = c.column_name WHERE constraint_type IN ('PRIMARY KEY', 'UNIQUE') AND c.table_catalog = 'postgres' AND c.table_schema = CURRENT_SCHEMA() AND c.table_name = 'money_requests' AND constraint_type = 'UNIQUE'

2025/12/24 04:19:39 [32m/Users/louislawrence/Music/apps/stack/lazervault-golang/database/migrations.go:164
[0m[33m[2.994ms] [34;1m[rows:-][0m SELECT c.column_name, constraint_name, constraint_type FROM information_schema.table_constraints tc JOIN information_schema.constraint_column_usage AS ccu USING (constraint_schema, constraint_catalog, table_name, constraint_name) JOIN information_schema.columns AS c ON c.table_schema = tc.constraint_schema AND tc.table_name = c.table_name AND ccu.column_name = c.column_name WHERE constraint_type IN ('PRIMARY KEY', 'UNIQUE') AND c.table_catalog = 'postgres' AND c.table_schema = CURRENT_SCHEMA() AND c.table_name = 'money_requests'

2025/12/24 04:19:39 [32m/Users/louislawrence/Music/apps/stack/lazervault-golang/database/migrations.go:164
[0m[33m[0.148ms] [34;1m[rows:-][0m SELECT a.attname as column_name, format_type(a.atttypid, a.atttypmod) AS data_type
		FROM pg_attribute a JOIN pg_class b ON a.attrelid = b.oid AND relnamespace = (SELECT oid FROM pg_catalog.pg_namespace WHERE nspname = CURRENT_SCHEMA())
		WHERE a.attnum > 0 -- hide internal columns
		AND NOT a.attisdropped -- hide deleted columns
		AND b.relname = 'money_requests'

2025/12/24 04:19:39 [32m/Users/louislawrence/Music/apps/stack/lazervault-golang/database/migrations.go:164
[0m[33m[0.203ms] [34;1m[rows:0][0m SELECT description FROM pg_catalog.pg_description WHERE objsubid = (SELECT ordinal_position FROM information_schema.columns WHERE table_schema = CURRENT_SCHEMA() AND table_name = 'money_requests' AND column_name = 'id') AND objoid = (SELECT oid FROM pg_catalog.pg_class WHERE relname = 'money_requests' AND relnamespace = (SELECT oid FROM pg_catalog.pg_namespace WHERE nspname = CURRENT_SCHEMA()))

2025/12/24 04:19:39 [32m/Users/louislawrence/Music/apps/stack/lazervault-golang/database/migrations.go:164
[0m[33m[0.199ms] [34;1m[rows:0][0m SELECT description FROM pg_catalog.pg_description WHERE objsubid = (SELECT ordinal_position FROM information_schema.columns WHERE table_schema = CURRENT_SCHEMA() AND table_name = 'money_requests' AND column_name = 'requester_id') AND objoid = (SELECT oid FROM pg_catalog.pg_class WHERE relname = 'money_requests' AND relnamespace = (SELECT oid FROM pg_catalog.pg_namespace WHERE nspname = CURRENT_SCHEMA()))

2025/12/24 04:19:39 [32m/Users/louislawrence/Music/apps/stack/lazervault-golang/database/migrations.go:164
[0m[33m[0.158ms] [34;1m[rows:0][0m SELECT description FROM pg_catalog.pg_description WHERE objsubid = (SELECT ordinal_position FROM information_schema.columns WHERE table_schema = CURRENT_SCHEMA() AND table_name = 'money_requests' AND column_name = 'requester_tag_pay') AND objoid = (SELECT oid FROM pg_catalog.pg_class WHERE relname = 'money_requests' AND relnamespace = (SELECT oid FROM pg_catalog.pg_namespace WHERE nspname = CURRENT_SCHEMA()))

2025/12/24 04:19:39 [32m/Users/louislawrence/Music/apps/stack/lazervault-golang/database/migrations.go:164
[0m[33m[0.152ms] [34;1m[rows:0][0m SELECT description FROM pg_catalog.pg_description WHERE objsubid = (SELECT ordinal_position FROM information_schema.columns WHERE table_schema = CURRENT_SCHEMA() AND table_name = 'money_requests' AND column_name = 'requester_name') AND objoid = (SELECT oid FROM pg_catalog.pg_class WHERE relname = 'money_requests' AND relnamespace = (SELECT oid FROM pg_catalog.pg_namespace WHERE nspname = CURRENT_SCHEMA()))

2025/12/24 04:19:39 [32m/Users/louislawrence/Music/apps/stack/lazervault-golang/database/migrations.go:164
[0m[33m[0.153ms] [34;1m[rows:0][0m SELECT description FROM pg_catalog.pg_description WHERE objsubid = (SELECT ordinal_position FROM information_schema.columns WHERE table_schema = CURRENT_SCHEMA() AND table_name = 'money_requests' AND column_name = 'requestee_id') AND objoid = (SELECT oid FROM pg_catalog.pg_class WHERE relname = 'money_requests' AND relnamespace = (SELECT oid FROM pg_catalog.pg_namespace WHERE nspname = CURRENT_SCHEMA()))

2025/12/24 04:19:39 [32m/Users/louislawrence/Music/apps/stack/lazervault-golang/database/migrations.go:164
[0m[33m[0.145ms] [34;1m[rows:0][0m SELECT description FROM pg_catalog.pg_description WHERE objsubid = (SELECT ordinal_position FROM information_schema.columns WHERE table_schema = CURRENT_SCHEMA() AND table_name = 'money_requests' AND column_name = 'requestee_tag_pay') AND objoid = (SELECT oid FROM pg_catalog.pg_class WHERE relname = 'money_requests' AND relnamespace = (SELECT oid FROM pg_catalog.pg_namespace WHERE nspname = CURRENT_SCHEMA()))

2025/12/24 04:19:39 [32m/Users/louislawrence/Music/apps/stack/lazervault-golang/database/migrations.go:164
[0m[33m[0.150ms] [34;1m[rows:0][0m SELECT description FROM pg_catalog.pg_description WHERE objsubid = (SELECT ordinal_position FROM information_schema.columns WHERE table_schema = CURRENT_SCHEMA() AND table_name = 'money_requests' AND column_name = 'requestee_name') AND objoid = (SELECT oid FROM pg_catalog.pg_class WHERE relname = 'money_requests' AND relnamespace = (SELECT oid FROM pg_catalog.pg_namespace WHERE nspname = CURRENT_SCHEMA()))

2025/12/24 04:19:39 [32m/Users/louislawrence/Music/apps/stack/lazervault-golang/database/migrations.go:164
[0m[33m[0.146ms] [34;1m[rows:0][0m SELECT description FROM pg_catalog.pg_description WHERE objsubid = (SELECT ordinal_position FROM information_schema.columns WHERE table_schema = CURRENT_SCHEMA() AND table_name = 'money_requests' AND column_name = 'amount') AND objoid = (SELECT oid FROM pg_catalog.pg_class WHERE relname = 'money_requests' AND relnamespace = (SELECT oid FROM pg_catalog.pg_namespace WHERE nspname = CURRENT_SCHEMA()))

2025/12/24 04:19:39 [32m/Users/louislawrence/Music/apps/stack/lazervault-golang/database/migrations.go:164
[0m[33m[0.139ms] [34;1m[rows:0][0m SELECT description FROM pg_catalog.pg_description WHERE objsubid = (SELECT ordinal_position FROM information_schema.columns WHERE table_schema = CURRENT_SCHEMA() AND table_name = 'money_requests' AND column_name = 'currency') AND objoid = (SELECT oid FROM pg_catalog.pg_class WHERE relname = 'money_requests' AND relnamespace = (SELECT oid FROM pg_catalog.pg_namespace WHERE nspname = CURRENT_SCHEMA()))

2025/12/24 04:19:39 [32m/Users/louislawrence/Music/apps/stack/lazervault-golang/database/migrations.go:164
[0m[33m[0.145ms] [34;1m[rows:0][0m SELECT description FROM pg_catalog.pg_description WHERE objsubid = (SELECT ordinal_position FROM information_schema.columns WHERE table_schema = CURRENT_SCHEMA() AND table_name = 'money_requests' AND column_name = 'description') AND objoid = (SELECT oid FROM pg_catalog.pg_class WHERE relname = 'money_requests' AND relnamespace = (SELECT oid FROM pg_catalog.pg_namespace WHERE nspname = CURRENT_SCHEMA()))

2025/12/24 04:19:39 [32m/Users/louislawrence/Music/apps/stack/lazervault-golang/database/migrations.go:164
[0m[33m[0.141ms] [34;1m[rows:0][0m SELECT description FROM pg_catalog.pg_description WHERE objsubid = (SELECT ordinal_position FROM information_schema.columns WHERE table_schema = CURRENT_SCHEMA() AND table_name = 'money_requests' AND column_name = 'status') AND objoid = (SELECT oid FROM pg_catalog.pg_class WHERE relname = 'money_requests' AND relnamespace = (SELECT oid FROM pg_catalog.pg_namespace WHERE nspname = CURRENT_SCHEMA()))

2025/12/24 04:19:39 [32m/Users/louislawrence/Music/apps/stack/lazervault-golang/database/migrations.go:164
[0m[33m[0.143ms] [34;1m[rows:0][0m SELECT description FROM pg_catalog.pg_description WHERE objsubid = (SELECT ordinal_position FROM information_schema.columns WHERE table_schema = CURRENT_SCHEMA() AND table_name = 'money_requests' AND column_name = 'created_at') AND objoid = (SELECT oid FROM pg_catalog.pg_class WHERE relname = 'money_requests' AND relnamespace = (SELECT oid FROM pg_catalog.pg_namespace WHERE nspname = CURRENT_SCHEMA()))

2025/12/24 04:19:39 [32m/Users/louislawrence/Music/apps/stack/lazervault-golang/database/migrations.go:164
[0m[33m[0.141ms] [34;1m[rows:0][0m SELECT description FROM pg_catalog.pg_description WHERE objsubid = (SELECT ordinal_position FROM information_schema.columns WHERE table_schema = CURRENT_SCHEMA() AND table_name = 'money_requests' AND column_name = 'responded_at') AND objoid = (SELECT oid FROM pg_catalog.pg_class WHERE relname = 'money_requests' AND relnamespace = (SELECT oid FROM pg_catalog.pg_namespace WHERE nspname = CURRENT_SCHEMA()))

2025/12/24 04:19:39 [32m/Users/louislawrence/Music/apps/stack/lazervault-golang/database/migrations.go:164
[0m[33m[0.139ms] [34;1m[rows:0][0m SELECT description FROM pg_catalog.pg_description WHERE objsubid = (SELECT ordinal_position FROM information_schema.columns WHERE table_schema = CURRENT_SCHEMA() AND table_name = 'money_requests' AND column_name = 'expires_at') AND objoid = (SELECT oid FROM pg_catalog.pg_class WHERE relname = 'money_requests' AND relnamespace = (SELECT oid FROM pg_catalog.pg_namespace WHERE nspname = CURRENT_SCHEMA()))

2025/12/24 04:19:39 [32m/Users/louislawrence/Music/apps/stack/lazervault-golang/database/migrations.go:164
[0m[33m[0.152ms] [34;1m[rows:1][0m SELECT count(*) FROM information_schema.tables WHERE table_schema = CURRENT_SCHEMA() AND table_name = 'user_tags' AND table_type = 'BASE TABLE'

2025/12/24 04:19:39 [32m/Users/louislawrence/Music/apps/stack/lazervault-golang/database/migrations.go:164
[0m[33m[0.077ms] [34;1m[rows:1][0m SELECT CURRENT_DATABASE()

2025/12/24 04:19:39 [32m/Users/louislawrence/Music/apps/stack/lazervault-golang/database/migrations.go:164
[0m[33m[1.236ms] [34;1m[rows:-][0m SELECT c.column_name, c.is_nullable = 'YES', c.udt_name, c.character_maximum_length, c.numeric_precision, c.numeric_precision_radix, c.numeric_scale, c.datetime_precision, 8 * typlen, c.column_default, pd.description, c.identity_increment FROM information_schema.columns AS c JOIN pg_type AS pgt ON c.udt_name = pgt.typname LEFT JOIN pg_catalog.pg_description as pd ON pd.objsubid = c.ordinal_position AND pd.objoid = (SELECT oid FROM pg_catalog.pg_class WHERE relname = c.table_name AND relnamespace = (SELECT oid FROM pg_catalog.pg_namespace WHERE nspname = c.table_schema)) where table_catalog = 'postgres' AND table_schema = CURRENT_SCHEMA() AND table_name = 'user_tags'

2025/12/24 04:19:39 [32m/Users/louislawrence/Music/apps/stack/lazervault-golang/database/migrations.go:164
[0m[33m[1.323ms] [34;1m[rows:-][0m SELECT * FROM "user_tags" LIMIT 5

2025/12/24 04:19:39 [32m/Users/louislawrence/Music/apps/stack/lazervault-golang/database/migrations.go:164
[0m[33m[2.283ms] [34;1m[rows:-][0m SELECT constraint_name FROM information_schema.table_constraints tc JOIN information_schema.constraint_column_usage AS ccu USING (constraint_schema, constraint_catalog, table_name, constraint_name) JOIN information_schema.columns AS c ON c.table_schema = tc.constraint_schema AND tc.table_name = c.table_name AND ccu.column_name = c.column_name WHERE constraint_type IN ('PRIMARY KEY', 'UNIQUE') AND c.table_catalog = 'postgres' AND c.table_schema = CURRENT_SCHEMA() AND c.table_name = 'user_tags' AND constraint_type = 'UNIQUE'

2025/12/24 04:19:39 [32m/Users/louislawrence/Music/apps/stack/lazervault-golang/database/migrations.go:164
[0m[33m[2.072ms] [34;1m[rows:-][0m SELECT c.column_name, constraint_name, constraint_type FROM information_schema.table_constraints tc JOIN information_schema.constraint_column_usage AS ccu USING (constraint_schema, constraint_catalog, table_name, constraint_name) JOIN information_schema.columns AS c ON c.table_schema = tc.constraint_schema AND tc.table_name = c.table_name AND ccu.column_name = c.column_name WHERE constraint_type IN ('PRIMARY KEY', 'UNIQUE') AND c.table_catalog = 'postgres' AND c.table_schema = CURRENT_SCHEMA() AND c.table_name = 'user_tags'

2025/12/24 04:19:39 [32m/Users/louislawrence/Music/apps/stack/lazervault-golang/database/migrations.go:164
[0m[33m[0.140ms] [34;1m[rows:-][0m SELECT a.attname as column_name, format_type(a.atttypid, a.atttypmod) AS data_type
		FROM pg_attribute a JOIN pg_class b ON a.attrelid = b.oid AND relnamespace = (SELECT oid FROM pg_catalog.pg_namespace WHERE nspname = CURRENT_SCHEMA())
		WHERE a.attnum > 0 -- hide internal columns
		AND NOT a.attisdropped -- hide deleted columns
		AND b.relname = 'user_tags'

2025/12/24 04:19:39 [32m/Users/louislawrence/Music/apps/stack/lazervault-golang/database/migrations.go:164
[0m[33m[0.226ms] [34;1m[rows:0][0m SELECT description FROM pg_catalog.pg_description WHERE objsubid = (SELECT ordinal_position FROM information_schema.columns WHERE table_schema = CURRENT_SCHEMA() AND table_name = 'user_tags' AND column_name = 'id') AND objoid = (SELECT oid FROM pg_catalog.pg_class WHERE relname = 'user_tags' AND relnamespace = (SELECT oid FROM pg_catalog.pg_namespace WHERE nspname = CURRENT_SCHEMA()))

2025/12/24 04:19:39 [32m/Users/louislawrence/Music/apps/stack/lazervault-golang/database/migrations.go:164
[0m[33m[0.164ms] [34;1m[rows:0][0m SELECT description FROM pg_catalog.pg_description WHERE objsubid = (SELECT ordinal_position FROM information_schema.columns WHERE table_schema = CURRENT_SCHEMA() AND table_name = 'user_tags' AND column_name = 'tagger_id') AND objoid = (SELECT oid FROM pg_catalog.pg_class WHERE relname = 'user_tags' AND relnamespace = (SELECT oid FROM pg_catalog.pg_namespace WHERE nspname = CURRENT_SCHEMA()))

2025/12/24 04:19:39 [32m/Users/louislawrence/Music/apps/stack/lazervault-golang/database/migrations.go:164
[0m[33m[0.155ms] [34;1m[rows:0][0m SELECT description FROM pg_catalog.pg_description WHERE objsubid = (SELECT ordinal_position FROM information_schema.columns WHERE table_schema = CURRENT_SCHEMA() AND table_name = 'user_tags' AND column_name = 'tagger_tag_pay') AND objoid = (SELECT oid FROM pg_catalog.pg_class WHERE relname = 'user_tags' AND relnamespace = (SELECT oid FROM pg_catalog.pg_namespace WHERE nspname = CURRENT_SCHEMA()))

2025/12/24 04:19:39 [32m/Users/louislawrence/Music/apps/stack/lazervault-golang/database/migrations.go:164
[0m[33m[0.160ms] [34;1m[rows:0][0m SELECT description FROM pg_catalog.pg_description WHERE objsubid = (SELECT ordinal_position FROM information_schema.columns WHERE table_schema = CURRENT_SCHEMA() AND table_name = 'user_tags' AND column_name = 'tagger_name') AND objoid = (SELECT oid FROM pg_catalog.pg_class WHERE relname = 'user_tags' AND relnamespace = (SELECT oid FROM pg_catalog.pg_namespace WHERE nspname = CURRENT_SCHEMA()))

2025/12/24 04:19:39 [32m/Users/louislawrence/Music/apps/stack/lazervault-golang/database/migrations.go:164
[0m[33m[0.197ms] [34;1m[rows:0][0m SELECT description FROM pg_catalog.pg_description WHERE objsubid = (SELECT ordinal_position FROM information_schema.columns WHERE table_schema = CURRENT_SCHEMA() AND table_name = 'user_tags' AND column_name = 'tagged_user_id') AND objoid = (SELECT oid FROM pg_catalog.pg_class WHERE relname = 'user_tags' AND relnamespace = (SELECT oid FROM pg_catalog.pg_namespace WHERE nspname = CURRENT_SCHEMA()))

2025/12/24 04:19:39 [32m/Users/louislawrence/Music/apps/stack/lazervault-golang/database/migrations.go:164
[0m[33m[0.220ms] [34;1m[rows:0][0m SELECT description FROM pg_catalog.pg_description WHERE objsubid = (SELECT ordinal_position FROM information_schema.columns WHERE table_schema = CURRENT_SCHEMA() AND table_name = 'user_tags' AND column_name = 'tagged_user_tag_pay') AND objoid = (SELECT oid FROM pg_catalog.pg_class WHERE relname = 'user_tags' AND relnamespace = (SELECT oid FROM pg_catalog.pg_namespace WHERE nspname = CURRENT_SCHEMA()))

2025/12/24 04:19:39 [32m/Users/louislawrence/Music/apps/stack/lazervault-golang/database/migrations.go:164
[0m[33m[0.161ms] [34;1m[rows:0][0m SELECT description FROM pg_catalog.pg_description WHERE objsubid = (SELECT ordinal_position FROM information_schema.columns WHERE table_schema = CURRENT_SCHEMA() AND table_name = 'user_tags' AND column_name = 'tagged_user_name') AND objoid = (SELECT oid FROM pg_catalog.pg_class WHERE relname = 'user_tags' AND relnamespace = (SELECT oid FROM pg_catalog.pg_namespace WHERE nspname = CURRENT_SCHEMA()))

2025/12/24 04:19:39 [32m/Users/louislawrence/Music/apps/stack/lazervault-golang/database/migrations.go:164
[0m[33m[0.268ms] [34;1m[rows:0][0m SELECT description FROM pg_catalog.pg_description WHERE objsubid = (SELECT ordinal_position FROM information_schema.columns WHERE table_schema = CURRENT_SCHEMA() AND table_name = 'user_tags' AND column_name = 'amount') AND objoid = (SELECT oid FROM pg_catalog.pg_class WHERE relname = 'user_tags' AND relnamespace = (SELECT oid FROM pg_catalog.pg_namespace WHERE nspname = CURRENT_SCHEMA()))

2025/12/24 04:19:39 [32m/Users/louislawrence/Music/apps/stack/lazervault-golang/database/migrations.go:164
[0m[33m[0.306ms] [34;1m[rows:0][0m SELECT description FROM pg_catalog.pg_description WHERE objsubid = (SELECT ordinal_position FROM information_schema.columns WHERE table_schema = CURRENT_SCHEMA() AND table_name = 'user_tags' AND column_name = 'currency') AND objoid = (SELECT oid FROM pg_catalog.pg_class WHERE relname = 'user_tags' AND relnamespace = (SELECT oid FROM pg_catalog.pg_namespace WHERE nspname = CURRENT_SCHEMA()))

2025/12/24 04:19:39 [32m/Users/louislawrence/Music/apps/stack/lazervault-golang/database/migrations.go:164
[0m[33m[0.328ms] [34;1m[rows:0][0m SELECT description FROM pg_catalog.pg_description WHERE objsubid = (SELECT ordinal_position FROM information_schema.columns WHERE table_schema = CURRENT_SCHEMA() AND table_name = 'user_tags' AND column_name = 'description') AND objoid = (SELECT oid FROM pg_catalog.pg_class WHERE relname = 'user_tags' AND relnamespace = (SELECT oid FROM pg_catalog.pg_namespace WHERE nspname = CURRENT_SCHEMA()))

2025/12/24 04:19:39 [32m/Users/louislawrence/Music/apps/stack/lazervault-golang/database/migrations.go:164
[0m[33m[0.163ms] [34;1m[rows:0][0m SELECT description FROM pg_catalog.pg_description WHERE objsubid = (SELECT ordinal_position FROM information_schema.columns WHERE table_schema = CURRENT_SCHEMA() AND table_name = 'user_tags' AND column_name = 'status') AND objoid = (SELECT oid FROM pg_catalog.pg_class WHERE relname = 'user_tags' AND relnamespace = (SELECT oid FROM pg_catalog.pg_namespace WHERE nspname = CURRENT_SCHEMA()))

2025/12/24 04:19:39 [32m/Users/louislawrence/Music/apps/stack/lazervault-golang/database/migrations.go:164
[0m[33m[0.275ms] [34;1m[rows:0][0m SELECT description FROM pg_catalog.pg_description WHERE objsubid = (SELECT ordinal_position FROM information_schema.columns WHERE table_schema = CURRENT_SCHEMA() AND table_name = 'user_tags' AND column_name = 'created_at') AND objoid = (SELECT oid FROM pg_catalog.pg_class WHERE relname = 'user_tags' AND relnamespace = (SELECT oid FROM pg_catalog.pg_namespace WHERE nspname = CURRENT_SCHEMA()))

2025/12/24 04:19:39 [32m/Users/louislawrence/Music/apps/stack/lazervault-golang/database/migrations.go:164
[0m[33m[0.232ms] [34;1m[rows:0][0m SELECT description FROM pg_catalog.pg_description WHERE objsubid = (SELECT ordinal_position FROM information_schema.columns WHERE table_schema = CURRENT_SCHEMA() AND table_name = 'user_tags' AND column_name = 'paid_at') AND objoid = (SELECT oid FROM pg_catalog.pg_class WHERE relname = 'user_tags' AND relnamespace = (SELECT oid FROM pg_catalog.pg_namespace WHERE nspname = CURRENT_SCHEMA()))

2025/12/24 04:19:39 [32m/Users/louislawrence/Music/apps/stack/lazervault-golang/database/migrations.go:164
[0m[33m[0.144ms] [34;1m[rows:1][0m SELECT count(*) FROM information_schema.tables WHERE table_schema = CURRENT_SCHEMA() AND table_name = 'support_tickets' AND table_type = 'BASE TABLE'

2025/12/24 04:19:39 [32m/Users/louislawrence/Music/apps/stack/lazervault-golang/database/migrations.go:164
[0m[33m[0.224ms] [34;1m[rows:1][0m SELECT CURRENT_DATABASE()

2025/12/24 04:19:39 [32m/Users/louislawrence/Music/apps/stack/lazervault-golang/database/migrations.go:164
[0m[33m[1.632ms] [34;1m[rows:-][0m SELECT c.column_name, c.is_nullable = 'YES', c.udt_name, c.character_maximum_length, c.numeric_precision, c.numeric_precision_radix, c.numeric_scale, c.datetime_precision, 8 * typlen, c.column_default, pd.description, c.identity_increment FROM information_schema.columns AS c JOIN pg_type AS pgt ON c.udt_name = pgt.typname LEFT JOIN pg_catalog.pg_description as pd ON pd.objsubid = c.ordinal_position AND pd.objoid = (SELECT oid FROM pg_catalog.pg_class WHERE relname = c.table_name AND relnamespace = (SELECT oid FROM pg_catalog.pg_namespace WHERE nspname = c.table_schema)) where table_catalog = 'postgres' AND table_schema = CURRENT_SCHEMA() AND table_name = 'support_tickets'

2025/12/24 04:19:39 [32m/Users/louislawrence/Music/apps/stack/lazervault-golang/database/migrations.go:164
[0m[33m[0.993ms] [34;1m[rows:-][0m SELECT * FROM "support_tickets" LIMIT 5

2025/12/24 04:19:39 [32m/Users/louislawrence/Music/apps/stack/lazervault-golang/database/migrations.go:164
[0m[33m[2.123ms] [34;1m[rows:-][0m SELECT constraint_name FROM information_schema.table_constraints tc JOIN information_schema.constraint_column_usage AS ccu USING (constraint_schema, constraint_catalog, table_name, constraint_name) JOIN information_schema.columns AS c ON c.table_schema = tc.constraint_schema AND tc.table_name = c.table_name AND ccu.column_name = c.column_name WHERE constraint_type IN ('PRIMARY KEY', 'UNIQUE') AND c.table_catalog = 'postgres' AND c.table_schema = CURRENT_SCHEMA() AND c.table_name = 'support_tickets' AND constraint_type = 'UNIQUE'

2025/12/24 04:19:39 [32m/Users/louislawrence/Music/apps/stack/lazervault-golang/database/migrations.go:164
[0m[33m[1.875ms] [34;1m[rows:-][0m SELECT c.column_name, constraint_name, constraint_type FROM information_schema.table_constraints tc JOIN information_schema.constraint_column_usage AS ccu USING (constraint_schema, constraint_catalog, table_name, constraint_name) JOIN information_schema.columns AS c ON c.table_schema = tc.constraint_schema AND tc.table_name = c.table_name AND ccu.column_name = c.column_name WHERE constraint_type IN ('PRIMARY KEY', 'UNIQUE') AND c.table_catalog = 'postgres' AND c.table_schema = CURRENT_SCHEMA() AND c.table_name = 'support_tickets'

2025/12/24 04:19:39 [32m/Users/louislawrence/Music/apps/stack/lazervault-golang/database/migrations.go:164
[0m[33m[0.157ms] [34;1m[rows:-][0m SELECT a.attname as column_name, format_type(a.atttypid, a.atttypmod) AS data_type
		FROM pg_attribute a JOIN pg_class b ON a.attrelid = b.oid AND relnamespace = (SELECT oid FROM pg_catalog.pg_namespace WHERE nspname = CURRENT_SCHEMA())
		WHERE a.attnum > 0 -- hide internal columns
		AND NOT a.attisdropped -- hide deleted columns
		AND b.relname = 'support_tickets'

2025/12/24 04:19:39 [32m/Users/louislawrence/Music/apps/stack/lazervault-golang/database/migrations.go:164
[0m[33m[0.182ms] [34;1m[rows:0][0m SELECT description FROM pg_catalog.pg_description WHERE objsubid = (SELECT ordinal_position FROM information_schema.columns WHERE table_schema = CURRENT_SCHEMA() AND table_name = 'support_tickets' AND column_name = 'id') AND objoid = (SELECT oid FROM pg_catalog.pg_class WHERE relname = 'support_tickets' AND relnamespace = (SELECT oid FROM pg_catalog.pg_namespace WHERE nspname = CURRENT_SCHEMA()))

2025/12/24 04:19:39 [32m/Users/louislawrence/Music/apps/stack/lazervault-golang/database/migrations.go:164
[0m[33m[0.191ms] [34;1m[rows:0][0m SELECT description FROM pg_catalog.pg_description WHERE objsubid = (SELECT ordinal_position FROM information_schema.columns WHERE table_schema = CURRENT_SCHEMA() AND table_name = 'support_tickets' AND column_name = 'user_id') AND objoid = (SELECT oid FROM pg_catalog.pg_class WHERE relname = 'support_tickets' AND relnamespace = (SELECT oid FROM pg_catalog.pg_namespace WHERE nspname = CURRENT_SCHEMA()))

2025/12/24 04:19:39 [32m/Users/louislawrence/Music/apps/stack/lazervault-golang/database/migrations.go:164
[0m[33m[0.155ms] [34;1m[rows:0][0m SELECT description FROM pg_catalog.pg_description WHERE objsubid = (SELECT ordinal_position FROM information_schema.columns WHERE table_schema = CURRENT_SCHEMA() AND table_name = 'support_tickets' AND column_name = 'ticket_number') AND objoid = (SELECT oid FROM pg_catalog.pg_class WHERE relname = 'support_tickets' AND relnamespace = (SELECT oid FROM pg_catalog.pg_namespace WHERE nspname = CURRENT_SCHEMA()))

2025/12/24 04:19:39 [32m/Users/louislawrence/Music/apps/stack/lazervault-golang/database/migrations.go:164
[0m[33m[0.178ms] [34;1m[rows:0][0m SELECT description FROM pg_catalog.pg_description WHERE objsubid = (SELECT ordinal_position FROM information_schema.columns WHERE table_schema = CURRENT_SCHEMA() AND table_name = 'support_tickets' AND column_name = 'category') AND objoid = (SELECT oid FROM pg_catalog.pg_class WHERE relname = 'support_tickets' AND relnamespace = (SELECT oid FROM pg_catalog.pg_namespace WHERE nspname = CURRENT_SCHEMA()))

2025/12/24 04:19:39 [32m/Users/louislawrence/Music/apps/stack/lazervault-golang/database/migrations.go:164
[0m[33m[0.144ms] [34;1m[rows:0][0m SELECT description FROM pg_catalog.pg_description WHERE objsubid = (SELECT ordinal_position FROM information_schema.columns WHERE table_schema = CURRENT_SCHEMA() AND table_name = 'support_tickets' AND column_name = 'subject') AND objoid = (SELECT oid FROM pg_catalog.pg_class WHERE relname = 'support_tickets' AND relnamespace = (SELECT oid FROM pg_catalog.pg_namespace WHERE nspname = CURRENT_SCHEMA()))

2025/12/24 04:19:39 [32m/Users/louislawrence/Music/apps/stack/lazervault-golang/database/migrations.go:164
[0m[33m[0.139ms] [34;1m[rows:0][0m SELECT description FROM pg_catalog.pg_description WHERE objsubid = (SELECT ordinal_position FROM information_schema.columns WHERE table_schema = CURRENT_SCHEMA() AND table_name = 'support_tickets' AND column_name = 'description') AND objoid = (SELECT oid FROM pg_catalog.pg_class WHERE relname = 'support_tickets' AND relnamespace = (SELECT oid FROM pg_catalog.pg_namespace WHERE nspname = CURRENT_SCHEMA()))

2025/12/24 04:19:39 [32m/Users/louislawrence/Music/apps/stack/lazervault-golang/database/migrations.go:164
[0m[33m[0.165ms] [34;1m[rows:0][0m SELECT description FROM pg_catalog.pg_description WHERE objsubid = (SELECT ordinal_position FROM information_schema.columns WHERE table_schema = CURRENT_SCHEMA() AND table_name = 'support_tickets' AND column_name = 'status') AND objoid = (SELECT oid FROM pg_catalog.pg_class WHERE relname = 'support_tickets' AND relnamespace = (SELECT oid FROM pg_catalog.pg_namespace WHERE nspname = CURRENT_SCHEMA()))

2025/12/24 04:19:39 [32m/Users/louislawrence/Music/apps/stack/lazervault-golang/database/migrations.go:164
[0m[33m[0.141ms] [34;1m[rows:0][0m SELECT description FROM pg_catalog.pg_description WHERE objsubid = (SELECT ordinal_position FROM information_schema.columns WHERE table_schema = CURRENT_SCHEMA() AND table_name = 'support_tickets' AND column_name = 'priority') AND objoid = (SELECT oid FROM pg_catalog.pg_class WHERE relname = 'support_tickets' AND relnamespace = (SELECT oid FROM pg_catalog.pg_namespace WHERE nspname = CURRENT_SCHEMA()))

2025/12/24 04:19:39 [32m/Users/louislawrence/Music/apps/stack/lazervault-golang/database/migrations.go:164
[0m[33m[0.138ms] [34;1m[rows:0][0m SELECT description FROM pg_catalog.pg_description WHERE objsubid = (SELECT ordinal_position FROM information_schema.columns WHERE table_schema = CURRENT_SCHEMA() AND table_name = 'support_tickets' AND column_name = 'resolved_at') AND objoid = (SELECT oid FROM pg_catalog.pg_class WHERE relname = 'support_tickets' AND relnamespace = (SELECT oid FROM pg_catalog.pg_namespace WHERE nspname = CURRENT_SCHEMA()))

2025/12/24 04:19:39 [32m/Users/louislawrence/Music/apps/stack/lazervault-golang/database/migrations.go:164
[0m[33m[0.133ms] [34;1m[rows:0][0m SELECT description FROM pg_catalog.pg_description WHERE objsubid = (SELECT ordinal_position FROM information_schema.columns WHERE table_schema = CURRENT_SCHEMA() AND table_name = 'support_tickets' AND column_name = 'created_at') AND objoid = (SELECT oid FROM pg_catalog.pg_class WHERE relname = 'support_tickets' AND relnamespace = (SELECT oid FROM pg_catalog.pg_namespace WHERE nspname = CURRENT_SCHEMA()))

2025/12/24 04:19:39 [32m/Users/louislawrence/Music/apps/stack/lazervault-golang/database/migrations.go:164
[0m[33m[0.135ms] [34;1m[rows:0][0m SELECT description FROM pg_catalog.pg_description WHERE objsubid = (SELECT ordinal_position FROM information_schema.columns WHERE table_schema = CURRENT_SCHEMA() AND table_name = 'support_tickets' AND column_name = 'updated_at') AND objoid = (SELECT oid FROM pg_catalog.pg_class WHERE relname = 'support_tickets' AND relnamespace = (SELECT oid FROM pg_catalog.pg_namespace WHERE nspname = CURRENT_SCHEMA()))

2025/12/24 04:19:39 [32m/Users/louislawrence/Music/apps/stack/lazervault-golang/database/migrations.go:164
[0m[33m[0.131ms] [34;1m[rows:0][0m SELECT description FROM pg_catalog.pg_description WHERE objsubid = (SELECT ordinal_position FROM information_schema.columns WHERE table_schema = CURRENT_SCHEMA() AND table_name = 'support_tickets' AND column_name = 'deleted_at') AND objoid = (SELECT oid FROM pg_catalog.pg_class WHERE relname = 'support_tickets' AND relnamespace = (SELECT oid FROM pg_catalog.pg_namespace WHERE nspname = CURRENT_SCHEMA()))

2025/12/24 04:19:39 [32m/Users/louislawrence/Music/apps/stack/lazervault-golang/database/migrations.go:164
[0m[33m[0.160ms] [34;1m[rows:1][0m SELECT count(*) FROM INFORMATION_SCHEMA.table_constraints WHERE table_schema = CURRENT_SCHEMA() AND table_name = 'support_tickets' AND constraint_name = 'fk_support_tickets_user'

2025/12/24 04:19:39 [32m/Users/louislawrence/Music/apps/stack/lazervault-golang/database/migrations.go:164
[0m[33m[0.208ms] [34;1m[rows:1][0m SELECT count(*) FROM pg_indexes WHERE tablename = 'support_tickets' AND indexname = 'idx_support_tickets_user_id' AND schemaname = CURRENT_SCHEMA()

2025/12/24 04:19:39 [32m/Users/louislawrence/Music/apps/stack/lazervault-golang/database/migrations.go:164
[0m[33m[0.300ms] [34;1m[rows:1][0m SELECT count(*) FROM pg_indexes WHERE tablename = 'support_tickets' AND indexname = 'idx_support_tickets_ticket_number' AND schemaname = CURRENT_SCHEMA()

2025/12/24 04:19:39 [32m/Users/louislawrence/Music/apps/stack/lazervault-golang/database/migrations.go:164
[0m[33m[0.132ms] [34;1m[rows:1][0m SELECT count(*) FROM pg_indexes WHERE tablename = 'support_tickets' AND indexname = 'idx_support_tickets_deleted_at' AND schemaname = CURRENT_SCHEMA()

2025/12/24 04:19:39 [32m/Users/louislawrence/Music/apps/stack/lazervault-golang/database/migrations.go:164
[0m[33m[0.117ms] [34;1m[rows:1][0m SELECT count(*) FROM information_schema.tables WHERE table_schema = CURRENT_SCHEMA() AND table_name = 'ticket_replies' AND table_type = 'BASE TABLE'

2025/12/24 04:19:39 [32m/Users/louislawrence/Music/apps/stack/lazervault-golang/database/migrations.go:164
[0m[33m[0.076ms] [34;1m[rows:1][0m SELECT CURRENT_DATABASE()

2025/12/24 04:19:39 [32m/Users/louislawrence/Music/apps/stack/lazervault-golang/database/migrations.go:164
[0m[33m[0.878ms] [34;1m[rows:-][0m SELECT c.column_name, c.is_nullable = 'YES', c.udt_name, c.character_maximum_length, c.numeric_precision, c.numeric_precision_radix, c.numeric_scale, c.datetime_precision, 8 * typlen, c.column_default, pd.description, c.identity_increment FROM information_schema.columns AS c JOIN pg_type AS pgt ON c.udt_name = pgt.typname LEFT JOIN pg_catalog.pg_description as pd ON pd.objsubid = c.ordinal_position AND pd.objoid = (SELECT oid FROM pg_catalog.pg_class WHERE relname = c.table_name AND relnamespace = (SELECT oid FROM pg_catalog.pg_namespace WHERE nspname = c.table_schema)) where table_catalog = 'postgres' AND table_schema = CURRENT_SCHEMA() AND table_name = 'ticket_replies'

2025/12/24 04:19:39 [32m/Users/louislawrence/Music/apps/stack/lazervault-golang/database/migrations.go:164
[0m[33m[0.540ms] [34;1m[rows:-][0m SELECT * FROM "ticket_replies" LIMIT 5

2025/12/24 04:19:39 [32m/Users/louislawrence/Music/apps/stack/lazervault-golang/database/migrations.go:164
[0m[33m[1.015ms] [34;1m[rows:-][0m SELECT constraint_name FROM information_schema.table_constraints tc JOIN information_schema.constraint_column_usage AS ccu USING (constraint_schema, constraint_catalog, table_name, constraint_name) JOIN information_schema.columns AS c ON c.table_schema = tc.constraint_schema AND tc.table_name = c.table_name AND ccu.column_name = c.column_name WHERE constraint_type IN ('PRIMARY KEY', 'UNIQUE') AND c.table_catalog = 'postgres' AND c.table_schema = CURRENT_SCHEMA() AND c.table_name = 'ticket_replies' AND constraint_type = 'UNIQUE'

2025/12/24 04:19:39 [32m/Users/louislawrence/Music/apps/stack/lazervault-golang/database/migrations.go:164
[0m[33m[1.009ms] [34;1m[rows:-][0m SELECT c.column_name, constraint_name, constraint_type FROM information_schema.table_constraints tc JOIN information_schema.constraint_column_usage AS ccu USING (constraint_schema, constraint_catalog, table_name, constraint_name) JOIN information_schema.columns AS c ON c.table_schema = tc.constraint_schema AND tc.table_name = c.table_name AND ccu.column_name = c.column_name WHERE constraint_type IN ('PRIMARY KEY', 'UNIQUE') AND c.table_catalog = 'postgres' AND c.table_schema = CURRENT_SCHEMA() AND c.table_name = 'ticket_replies'

2025/12/24 04:19:39 [32m/Users/louislawrence/Music/apps/stack/lazervault-golang/database/migrations.go:164
[0m[33m[0.213ms] [34;1m[rows:-][0m SELECT a.attname as column_name, format_type(a.atttypid, a.atttypmod) AS data_type
		FROM pg_attribute a JOIN pg_class b ON a.attrelid = b.oid AND relnamespace = (SELECT oid FROM pg_catalog.pg_namespace WHERE nspname = CURRENT_SCHEMA())
		WHERE a.attnum > 0 -- hide internal columns
		AND NOT a.attisdropped -- hide deleted columns
		AND b.relname = 'ticket_replies'

2025/12/24 04:19:39 [32m/Users/louislawrence/Music/apps/stack/lazervault-golang/database/migrations.go:164
[0m[33m[0.240ms] [34;1m[rows:0][0m SELECT description FROM pg_catalog.pg_description WHERE objsubid = (SELECT ordinal_position FROM information_schema.columns WHERE table_schema = CURRENT_SCHEMA() AND table_name = 'ticket_replies' AND column_name = 'id') AND objoid = (SELECT oid FROM pg_catalog.pg_class WHERE relname = 'ticket_replies' AND relnamespace = (SELECT oid FROM pg_catalog.pg_namespace WHERE nspname = CURRENT_SCHEMA()))

2025/12/24 04:19:39 [32m/Users/louislawrence/Music/apps/stack/lazervault-golang/database/migrations.go:164
[0m[33m[0.159ms] [34;1m[rows:0][0m SELECT description FROM pg_catalog.pg_description WHERE objsubid = (SELECT ordinal_position FROM information_schema.columns WHERE table_schema = CURRENT_SCHEMA() AND table_name = 'ticket_replies' AND column_name = 'ticket_id') AND objoid = (SELECT oid FROM pg_catalog.pg_class WHERE relname = 'ticket_replies' AND relnamespace = (SELECT oid FROM pg_catalog.pg_namespace WHERE nspname = CURRENT_SCHEMA()))

2025/12/24 04:19:39 [32m/Users/louislawrence/Music/apps/stack/lazervault-golang/database/migrations.go:164
[0m[33m[0.245ms] [34;1m[rows:0][0m SELECT description FROM pg_catalog.pg_description WHERE objsubid = (SELECT ordinal_position FROM information_schema.columns WHERE table_schema = CURRENT_SCHEMA() AND table_name = 'ticket_replies' AND column_name = 'user_id') AND objoid = (SELECT oid FROM pg_catalog.pg_class WHERE relname = 'ticket_replies' AND relnamespace = (SELECT oid FROM pg_catalog.pg_namespace WHERE nspname = CURRENT_SCHEMA()))

2025/12/24 04:19:39 [32m/Users/louislawrence/Music/apps/stack/lazervault-golang/database/migrations.go:164
[0m[33m[0.146ms] [34;1m[rows:0][0m SELECT description FROM pg_catalog.pg_description WHERE objsubid = (SELECT ordinal_position FROM information_schema.columns WHERE table_schema = CURRENT_SCHEMA() AND table_name = 'ticket_replies' AND column_name = 'message') AND objoid = (SELECT oid FROM pg_catalog.pg_class WHERE relname = 'ticket_replies' AND relnamespace = (SELECT oid FROM pg_catalog.pg_namespace WHERE nspname = CURRENT_SCHEMA()))

2025/12/24 04:19:39 [32m/Users/louislawrence/Music/apps/stack/lazervault-golang/database/migrations.go:164
[0m[33m[0.333ms] [34;1m[rows:0][0m SELECT description FROM pg_catalog.pg_description WHERE objsubid = (SELECT ordinal_position FROM information_schema.columns WHERE table_schema = CURRENT_SCHEMA() AND table_name = 'ticket_replies' AND column_name = 'is_staff') AND objoid = (SELECT oid FROM pg_catalog.pg_class WHERE relname = 'ticket_replies' AND relnamespace = (SELECT oid FROM pg_catalog.pg_namespace WHERE nspname = CURRENT_SCHEMA()))

2025/12/24 04:19:39 [32m/Users/louislawrence/Music/apps/stack/lazervault-golang/database/migrations.go:164
[0m[33m[0.269ms] [34;1m[rows:0][0m SELECT description FROM pg_catalog.pg_description WHERE objsubid = (SELECT ordinal_position FROM information_schema.columns WHERE table_schema = CURRENT_SCHEMA() AND table_name = 'ticket_replies' AND column_name = 'created_at') AND objoid = (SELECT oid FROM pg_catalog.pg_class WHERE relname = 'ticket_replies' AND relnamespace = (SELECT oid FROM pg_catalog.pg_namespace WHERE nspname = CURRENT_SCHEMA()))

2025/12/24 04:19:39 [32m/Users/louislawrence/Music/apps/stack/lazervault-golang/database/migrations.go:164
[0m[33m[0.247ms] [34;1m[rows:1][0m SELECT count(*) FROM INFORMATION_SCHEMA.table_constraints WHERE table_schema = CURRENT_SCHEMA() AND table_name = 'ticket_replies' AND constraint_name = 'fk_ticket_replies_user'

2025/12/24 04:19:39 [32m/Users/louislawrence/Music/apps/stack/lazervault-golang/database/migrations.go:164
[0m[33m[0.155ms] [34;1m[rows:1][0m SELECT count(*) FROM INFORMATION_SCHEMA.table_constraints WHERE table_schema = CURRENT_SCHEMA() AND table_name = 'ticket_replies' AND constraint_name = 'fk_support_tickets_replies'

2025/12/24 04:19:39 [32m/Users/louislawrence/Music/apps/stack/lazervault-golang/database/migrations.go:164
[0m[33m[0.214ms] [34;1m[rows:1][0m SELECT count(*) FROM pg_indexes WHERE tablename = 'ticket_replies' AND indexname = 'idx_ticket_replies_ticket_id' AND schemaname = CURRENT_SCHEMA()

2025/12/24 04:19:39 [32m/Users/louislawrence/Music/apps/stack/lazervault-golang/database/migrations.go:164
[0m[33m[0.199ms] [34;1m[rows:1][0m SELECT count(*) FROM information_schema.tables WHERE table_schema = CURRENT_SCHEMA() AND table_name = 'contact_messages' AND table_type = 'BASE TABLE'

2025/12/24 04:19:39 [32m/Users/louislawrence/Music/apps/stack/lazervault-golang/database/migrations.go:164
[0m[33m[0.149ms] [34;1m[rows:1][0m SELECT CURRENT_DATABASE()

2025/12/24 04:19:39 [32m/Users/louislawrence/Music/apps/stack/lazervault-golang/database/migrations.go:164
[0m[33m[1.065ms] [34;1m[rows:-][0m SELECT c.column_name, c.is_nullable = 'YES', c.udt_name, c.character_maximum_length, c.numeric_precision, c.numeric_precision_radix, c.numeric_scale, c.datetime_precision, 8 * typlen, c.column_default, pd.description, c.identity_increment FROM information_schema.columns AS c JOIN pg_type AS pgt ON c.udt_name = pgt.typname LEFT JOIN pg_catalog.pg_description as pd ON pd.objsubid = c.ordinal_position AND pd.objoid = (SELECT oid FROM pg_catalog.pg_class WHERE relname = c.table_name AND relnamespace = (SELECT oid FROM pg_catalog.pg_namespace WHERE nspname = c.table_schema)) where table_catalog = 'postgres' AND table_schema = CURRENT_SCHEMA() AND table_name = 'contact_messages'

2025/12/24 04:19:39 [32m/Users/louislawrence/Music/apps/stack/lazervault-golang/database/migrations.go:164
[0m[33m[0.731ms] [34;1m[rows:-][0m SELECT * FROM "contact_messages" LIMIT 5

2025/12/24 04:19:39 [32m/Users/louislawrence/Music/apps/stack/lazervault-golang/database/migrations.go:164
[0m[33m[1.548ms] [34;1m[rows:-][0m SELECT constraint_name FROM information_schema.table_constraints tc JOIN information_schema.constraint_column_usage AS ccu USING (constraint_schema, constraint_catalog, table_name, constraint_name) JOIN information_schema.columns AS c ON c.table_schema = tc.constraint_schema AND tc.table_name = c.table_name AND ccu.column_name = c.column_name WHERE constraint_type IN ('PRIMARY KEY', 'UNIQUE') AND c.table_catalog = 'postgres' AND c.table_schema = CURRENT_SCHEMA() AND c.table_name = 'contact_messages' AND constraint_type = 'UNIQUE'

2025/12/24 04:19:39 [32m/Users/louislawrence/Music/apps/stack/lazervault-golang/database/migrations.go:164
[0m[33m[1.473ms] [34;1m[rows:-][0m SELECT c.column_name, constraint_name, constraint_type FROM information_schema.table_constraints tc JOIN information_schema.constraint_column_usage AS ccu USING (constraint_schema, constraint_catalog, table_name, constraint_name) JOIN information_schema.columns AS c ON c.table_schema = tc.constraint_schema AND tc.table_name = c.table_name AND ccu.column_name = c.column_name WHERE constraint_type IN ('PRIMARY KEY', 'UNIQUE') AND c.table_catalog = 'postgres' AND c.table_schema = CURRENT_SCHEMA() AND c.table_name = 'contact_messages'

2025/12/24 04:19:39 [32m/Users/louislawrence/Music/apps/stack/lazervault-golang/database/migrations.go:164
[0m[33m[0.107ms] [34;1m[rows:-][0m SELECT a.attname as column_name, format_type(a.atttypid, a.atttypmod) AS data_type
		FROM pg_attribute a JOIN pg_class b ON a.attrelid = b.oid AND relnamespace = (SELECT oid FROM pg_catalog.pg_namespace WHERE nspname = CURRENT_SCHEMA())
		WHERE a.attnum > 0 -- hide internal columns
		AND NOT a.attisdropped -- hide deleted columns
		AND b.relname = 'contact_messages'

2025/12/24 04:19:39 [32m/Users/louislawrence/Music/apps/stack/lazervault-golang/database/migrations.go:164
[0m[33m[0.172ms] [34;1m[rows:0][0m SELECT description FROM pg_catalog.pg_description WHERE objsubid = (SELECT ordinal_position FROM information_schema.columns WHERE table_schema = CURRENT_SCHEMA() AND table_name = 'contact_messages' AND column_name = 'id') AND objoid = (SELECT oid FROM pg_catalog.pg_class WHERE relname = 'contact_messages' AND relnamespace = (SELECT oid FROM pg_catalog.pg_namespace WHERE nspname = CURRENT_SCHEMA()))

2025/12/24 04:19:39 [32m/Users/louislawrence/Music/apps/stack/lazervault-golang/database/migrations.go:164
[0m[33m[0.145ms] [34;1m[rows:0][0m SELECT description FROM pg_catalog.pg_description WHERE objsubid = (SELECT ordinal_position FROM information_schema.columns WHERE table_schema = CURRENT_SCHEMA() AND table_name = 'contact_messages' AND column_name = 'name') AND objoid = (SELECT oid FROM pg_catalog.pg_class WHERE relname = 'contact_messages' AND relnamespace = (SELECT oid FROM pg_catalog.pg_namespace WHERE nspname = CURRENT_SCHEMA()))

2025/12/24 04:19:39 [32m/Users/louislawrence/Music/apps/stack/lazervault-golang/database/migrations.go:164
[0m[33m[0.155ms] [34;1m[rows:0][0m SELECT description FROM pg_catalog.pg_description WHERE objsubid = (SELECT ordinal_position FROM information_schema.columns WHERE table_schema = CURRENT_SCHEMA() AND table_name = 'contact_messages' AND column_name = 'email') AND objoid = (SELECT oid FROM pg_catalog.pg_class WHERE relname = 'contact_messages' AND relnamespace = (SELECT oid FROM pg_catalog.pg_namespace WHERE nspname = CURRENT_SCHEMA()))

2025/12/24 04:19:39 [32m/Users/louislawrence/Music/apps/stack/lazervault-golang/database/migrations.go:164
[0m[33m[0.147ms] [34;1m[rows:0][0m SELECT description FROM pg_catalog.pg_description WHERE objsubid = (SELECT ordinal_position FROM information_schema.columns WHERE table_schema = CURRENT_SCHEMA() AND table_name = 'contact_messages' AND column_name = 'topic') AND objoid = (SELECT oid FROM pg_catalog.pg_class WHERE relname = 'contact_messages' AND relnamespace = (SELECT oid FROM pg_catalog.pg_namespace WHERE nspname = CURRENT_SCHEMA()))

2025/12/24 04:19:39 [32m/Users/louislawrence/Music/apps/stack/lazervault-golang/database/migrations.go:164
[0m[33m[0.141ms] [34;1m[rows:0][0m SELECT description FROM pg_catalog.pg_description WHERE objsubid = (SELECT ordinal_position FROM information_schema.columns WHERE table_schema = CURRENT_SCHEMA() AND table_name = 'contact_messages' AND column_name = 'subject') AND objoid = (SELECT oid FROM pg_catalog.pg_class WHERE relname = 'contact_messages' AND relnamespace = (SELECT oid FROM pg_catalog.pg_namespace WHERE nspname = CURRENT_SCHEMA()))

2025/12/24 04:19:39 [32m/Users/louislawrence/Music/apps/stack/lazervault-golang/database/migrations.go:164
[0m[33m[0.140ms] [34;1m[rows:0][0m SELECT description FROM pg_catalog.pg_description WHERE objsubid = (SELECT ordinal_position FROM information_schema.columns WHERE table_schema = CURRENT_SCHEMA() AND table_name = 'contact_messages' AND column_name = 'message') AND objoid = (SELECT oid FROM pg_catalog.pg_class WHERE relname = 'contact_messages' AND relnamespace = (SELECT oid FROM pg_catalog.pg_namespace WHERE nspname = CURRENT_SCHEMA()))

2025/12/24 04:19:39 [32m/Users/louislawrence/Music/apps/stack/lazervault-golang/database/migrations.go:164
[0m[33m[0.139ms] [34;1m[rows:0][0m SELECT description FROM pg_catalog.pg_description WHERE objsubid = (SELECT ordinal_position FROM information_schema.columns WHERE table_schema = CURRENT_SCHEMA() AND table_name = 'contact_messages' AND column_name = 'user_id') AND objoid = (SELECT oid FROM pg_catalog.pg_class WHERE relname = 'contact_messages' AND relnamespace = (SELECT oid FROM pg_catalog.pg_namespace WHERE nspname = CURRENT_SCHEMA()))

2025/12/24 04:19:39 [32m/Users/louislawrence/Music/apps/stack/lazervault-golang/database/migrations.go:164
[0m[33m[0.139ms] [34;1m[rows:0][0m SELECT description FROM pg_catalog.pg_description WHERE objsubid = (SELECT ordinal_position FROM information_schema.columns WHERE table_schema = CURRENT_SCHEMA() AND table_name = 'contact_messages' AND column_name = 'is_read') AND objoid = (SELECT oid FROM pg_catalog.pg_class WHERE relname = 'contact_messages' AND relnamespace = (SELECT oid FROM pg_catalog.pg_namespace WHERE nspname = CURRENT_SCHEMA()))

2025/12/24 04:19:39 [32m/Users/louislawrence/Music/apps/stack/lazervault-golang/database/migrations.go:164
[0m[33m[0.138ms] [34;1m[rows:0][0m SELECT description FROM pg_catalog.pg_description WHERE objsubid = (SELECT ordinal_position FROM information_schema.columns WHERE table_schema = CURRENT_SCHEMA() AND table_name = 'contact_messages' AND column_name = 'created_at') AND objoid = (SELECT oid FROM pg_catalog.pg_class WHERE relname = 'contact_messages' AND relnamespace = (SELECT oid FROM pg_catalog.pg_namespace WHERE nspname = CURRENT_SCHEMA()))

2025/12/24 04:19:39 [32m/Users/louislawrence/Music/apps/stack/lazervault-golang/database/migrations.go:164
[0m[33m[0.138ms] [34;1m[rows:0][0m SELECT description FROM pg_catalog.pg_description WHERE objsubid = (SELECT ordinal_position FROM information_schema.columns WHERE table_schema = CURRENT_SCHEMA() AND table_name = 'contact_messages' AND column_name = 'deleted_at') AND objoid = (SELECT oid FROM pg_catalog.pg_class WHERE relname = 'contact_messages' AND relnamespace = (SELECT oid FROM pg_catalog.pg_namespace WHERE nspname = CURRENT_SCHEMA()))

2025/12/24 04:19:39 [32m/Users/louislawrence/Music/apps/stack/lazervault-golang/database/migrations.go:164
[0m[33m[0.156ms] [34;1m[rows:1][0m SELECT count(*) FROM INFORMATION_SCHEMA.table_constraints WHERE table_schema = CURRENT_SCHEMA() AND table_name = 'contact_messages' AND constraint_name = 'fk_contact_messages_user'

2025/12/24 04:19:39 [32m/Users/louislawrence/Music/apps/stack/lazervault-golang/database/migrations.go:164
[0m[33m[0.110ms] [34;1m[rows:1][0m SELECT count(*) FROM pg_indexes WHERE tablename = 'contact_messages' AND indexname = 'idx_contact_messages_user_id' AND schemaname = CURRENT_SCHEMA()

2025/12/24 04:19:39 [32m/Users/louislawrence/Music/apps/stack/lazervault-golang/database/migrations.go:164
[0m[33m[0.102ms] [34;1m[rows:1][0m SELECT count(*) FROM pg_indexes WHERE tablename = 'contact_messages' AND indexname = 'idx_contact_messages_deleted_at' AND schemaname = CURRENT_SCHEMA()

2025/12/24 04:19:39 [32m/Users/louislawrence/Music/apps/stack/lazervault-golang/database/migrations.go:164
[0m[33m[0.105ms] [34;1m[rows:1][0m SELECT count(*) FROM information_schema.tables WHERE table_schema = CURRENT_SCHEMA() AND table_name = 'id_documents' AND table_type = 'BASE TABLE'

2025/12/24 04:19:39 [32m/Users/louislawrence/Music/apps/stack/lazervault-golang/database/migrations.go:164
[0m[33m[0.069ms] [34;1m[rows:1][0m SELECT CURRENT_DATABASE()

2025/12/24 04:19:39 [32m/Users/louislawrence/Music/apps/stack/lazervault-golang/database/migrations.go:164
[0m[33m[1.390ms] [34;1m[rows:-][0m SELECT c.column_name, c.is_nullable = 'YES', c.udt_name, c.character_maximum_length, c.numeric_precision, c.numeric_precision_radix, c.numeric_scale, c.datetime_precision, 8 * typlen, c.column_default, pd.description, c.identity_increment FROM information_schema.columns AS c JOIN pg_type AS pgt ON c.udt_name = pgt.typname LEFT JOIN pg_catalog.pg_description as pd ON pd.objsubid = c.ordinal_position AND pd.objoid = (SELECT oid FROM pg_catalog.pg_class WHERE relname = c.table_name AND relnamespace = (SELECT oid FROM pg_catalog.pg_namespace WHERE nspname = c.table_schema)) where table_catalog = 'postgres' AND table_schema = CURRENT_SCHEMA() AND table_name = 'id_documents'

2025/12/24 04:19:39 [32m/Users/louislawrence/Music/apps/stack/lazervault-golang/database/migrations.go:164
[0m[33m[0.767ms] [34;1m[rows:-][0m SELECT * FROM "id_documents" LIMIT 5

2025/12/24 04:19:39 [32m/Users/louislawrence/Music/apps/stack/lazervault-golang/database/migrations.go:164
[0m[33m[2.583ms] [34;1m[rows:-][0m SELECT constraint_name FROM information_schema.table_constraints tc JOIN information_schema.constraint_column_usage AS ccu USING (constraint_schema, constraint_catalog, table_name, constraint_name) JOIN information_schema.columns AS c ON c.table_schema = tc.constraint_schema AND tc.table_name = c.table_name AND ccu.column_name = c.column_name WHERE constraint_type IN ('PRIMARY KEY', 'UNIQUE') AND c.table_catalog = 'postgres' AND c.table_schema = CURRENT_SCHEMA() AND c.table_name = 'id_documents' AND constraint_type = 'UNIQUE'

2025/12/24 04:19:39 [32m/Users/louislawrence/Music/apps/stack/lazervault-golang/database/migrations.go:164
[0m[33m[2.640ms] [34;1m[rows:-][0m SELECT c.column_name, constraint_name, constraint_type FROM information_schema.table_constraints tc JOIN information_schema.constraint_column_usage AS ccu USING (constraint_schema, constraint_catalog, table_name, constraint_name) JOIN information_schema.columns AS c ON c.table_schema = tc.constraint_schema AND tc.table_name = c.table_name AND ccu.column_name = c.column_name WHERE constraint_type IN ('PRIMARY KEY', 'UNIQUE') AND c.table_catalog = 'postgres' AND c.table_schema = CURRENT_SCHEMA() AND c.table_name = 'id_documents'

2025/12/24 04:19:39 [32m/Users/louislawrence/Music/apps/stack/lazervault-golang/database/migrations.go:164
[0m[33m[0.304ms] [34;1m[rows:-][0m SELECT a.attname as column_name, format_type(a.atttypid, a.atttypmod) AS data_type
		FROM pg_attribute a JOIN pg_class b ON a.attrelid = b.oid AND relnamespace = (SELECT oid FROM pg_catalog.pg_namespace WHERE nspname = CURRENT_SCHEMA())
		WHERE a.attnum > 0 -- hide internal columns
		AND NOT a.attisdropped -- hide deleted columns
		AND b.relname = 'id_documents'

2025/12/24 04:19:39 [32m/Users/louislawrence/Music/apps/stack/lazervault-golang/database/migrations.go:164
[0m[33m[0.374ms] [34;1m[rows:0][0m SELECT description FROM pg_catalog.pg_description WHERE objsubid = (SELECT ordinal_position FROM information_schema.columns WHERE table_schema = CURRENT_SCHEMA() AND table_name = 'id_documents' AND column_name = 'id') AND objoid = (SELECT oid FROM pg_catalog.pg_class WHERE relname = 'id_documents' AND relnamespace = (SELECT oid FROM pg_catalog.pg_namespace WHERE nspname = CURRENT_SCHEMA()))

2025/12/24 04:19:39 [32m/Users/louislawrence/Music/apps/stack/lazervault-golang/database/migrations.go:164
[0m[33m[0.189ms] [34;1m[rows:0][0m SELECT description FROM pg_catalog.pg_description WHERE objsubid = (SELECT ordinal_position FROM information_schema.columns WHERE table_schema = CURRENT_SCHEMA() AND table_name = 'id_documents' AND column_name = 'user_id') AND objoid = (SELECT oid FROM pg_catalog.pg_class WHERE relname = 'id_documents' AND relnamespace = (SELECT oid FROM pg_catalog.pg_namespace WHERE nspname = CURRENT_SCHEMA()))

2025/12/24 04:19:39 [32m/Users/louislawrence/Music/apps/stack/lazervault-golang/database/migrations.go:164
[0m[33m[0.200ms] [34;1m[rows:0][0m SELECT description FROM pg_catalog.pg_description WHERE objsubid = (SELECT ordinal_position FROM information_schema.columns WHERE table_schema = CURRENT_SCHEMA() AND table_name = 'id_documents' AND column_name = 'document_type') AND objoid = (SELECT oid FROM pg_catalog.pg_class WHERE relname = 'id_documents' AND relnamespace = (SELECT oid FROM pg_catalog.pg_namespace WHERE nspname = CURRENT_SCHEMA()))

2025/12/24 04:19:39 [32m/Users/louislawrence/Music/apps/stack/lazervault-golang/database/migrations.go:164
[0m[33m[0.165ms] [34;1m[rows:0][0m SELECT description FROM pg_catalog.pg_description WHERE objsubid = (SELECT ordinal_position FROM information_schema.columns WHERE table_schema = CURRENT_SCHEMA() AND table_name = 'id_documents' AND column_name = 'document_number') AND objoid = (SELECT oid FROM pg_catalog.pg_class WHERE relname = 'id_documents' AND relnamespace = (SELECT oid FROM pg_catalog.pg_namespace WHERE nspname = CURRENT_SCHEMA()))

2025/12/24 04:19:39 [32m/Users/louislawrence/Music/apps/stack/lazervault-golang/database/migrations.go:164
[0m[33m[0.162ms] [34;1m[rows:0][0m SELECT description FROM pg_catalog.pg_description WHERE objsubid = (SELECT ordinal_position FROM information_schema.columns WHERE table_schema = CURRENT_SCHEMA() AND table_name = 'id_documents' AND column_name = 'full_name') AND objoid = (SELECT oid FROM pg_catalog.pg_class WHERE relname = 'id_documents' AND relnamespace = (SELECT oid FROM pg_catalog.pg_namespace WHERE nspname = CURRENT_SCHEMA()))

2025/12/24 04:19:39 [32m/Users/louislawrence/Music/apps/stack/lazervault-golang/database/migrations.go:164
[0m[33m[0.140ms] [34;1m[rows:0][0m SELECT description FROM pg_catalog.pg_description WHERE objsubid = (SELECT ordinal_position FROM information_schema.columns WHERE table_schema = CURRENT_SCHEMA() AND table_name = 'id_documents' AND column_name = 'date_of_birth') AND objoid = (SELECT oid FROM pg_catalog.pg_class WHERE relname = 'id_documents' AND relnamespace = (SELECT oid FROM pg_catalog.pg_namespace WHERE nspname = CURRENT_SCHEMA()))

2025/12/24 04:19:39 [32m/Users/louislawrence/Music/apps/stack/lazervault-golang/database/migrations.go:164
[0m[33m[0.134ms] [34;1m[rows:0][0m SELECT description FROM pg_catalog.pg_description WHERE objsubid = (SELECT ordinal_position FROM information_schema.columns WHERE table_schema = CURRENT_SCHEMA() AND table_name = 'id_documents' AND column_name = 'issue_date') AND objoid = (SELECT oid FROM pg_catalog.pg_class WHERE relname = 'id_documents' AND relnamespace = (SELECT oid FROM pg_catalog.pg_namespace WHERE nspname = CURRENT_SCHEMA()))

2025/12/24 04:19:39 [32m/Users/louislawrence/Music/apps/stack/lazervault-golang/database/migrations.go:164
[0m[33m[0.133ms] [34;1m[rows:0][0m SELECT description FROM pg_catalog.pg_description WHERE objsubid = (SELECT ordinal_position FROM information_schema.columns WHERE table_schema = CURRENT_SCHEMA() AND table_name = 'id_documents' AND column_name = 'expiry_date') AND objoid = (SELECT oid FROM pg_catalog.pg_class WHERE relname = 'id_documents' AND relnamespace = (SELECT oid FROM pg_catalog.pg_namespace WHERE nspname = CURRENT_SCHEMA()))

2025/12/24 04:19:39 [32m/Users/louislawrence/Music/apps/stack/lazervault-golang/database/migrations.go:164
[0m[33m[0.131ms] [34;1m[rows:0][0m SELECT description FROM pg_catalog.pg_description WHERE objsubid = (SELECT ordinal_position FROM information_schema.columns WHERE table_schema = CURRENT_SCHEMA() AND table_name = 'id_documents' AND column_name = 'issuing_country') AND objoid = (SELECT oid FROM pg_catalog.pg_class WHERE relname = 'id_documents' AND relnamespace = (SELECT oid FROM pg_catalog.pg_namespace WHERE nspname = CURRENT_SCHEMA()))

2025/12/24 04:19:39 [32m/Users/louislawrence/Music/apps/stack/lazervault-golang/database/migrations.go:164
[0m[33m[1.846ms] [34;1m[rows:0][0m SELECT description FROM pg_catalog.pg_description WHERE objsubid = (SELECT ordinal_position FROM information_schema.columns WHERE table_schema = CURRENT_SCHEMA() AND table_name = 'id_documents' AND column_name = 'document_front_url') AND objoid = (SELECT oid FROM pg_catalog.pg_class WHERE relname = 'id_documents' AND relnamespace = (SELECT oid FROM pg_catalog.pg_namespace WHERE nspname = CURRENT_SCHEMA()))

2025/12/24 04:19:39 [32m/Users/louislawrence/Music/apps/stack/lazervault-golang/database/migrations.go:164
[0m[33m[0.328ms] [34;1m[rows:0][0m SELECT description FROM pg_catalog.pg_description WHERE objsubid = (SELECT ordinal_position FROM information_schema.columns WHERE table_schema = CURRENT_SCHEMA() AND table_name = 'id_documents' AND column_name = 'document_back_url') AND objoid = (SELECT oid FROM pg_catalog.pg_class WHERE relname = 'id_documents' AND relnamespace = (SELECT oid FROM pg_catalog.pg_namespace WHERE nspname = CURRENT_SCHEMA()))

2025/12/24 04:19:39 [32m/Users/louislawrence/Music/apps/stack/lazervault-golang/database/migrations.go:164
[0m[33m[0.208ms] [34;1m[rows:0][0m SELECT description FROM pg_catalog.pg_description WHERE objsubid = (SELECT ordinal_position FROM information_schema.columns WHERE table_schema = CURRENT_SCHEMA() AND table_name = 'id_documents' AND column_name = 'verification_status') AND objoid = (SELECT oid FROM pg_catalog.pg_class WHERE relname = 'id_documents' AND relnamespace = (SELECT oid FROM pg_catalog.pg_namespace WHERE nspname = CURRENT_SCHEMA()))

2025/12/24 04:19:39 [32m/Users/louislawrence/Music/apps/stack/lazervault-golang/database/migrations.go:164
[0m[33m[0.201ms] [34;1m[rows:0][0m SELECT description FROM pg_catalog.pg_description WHERE objsubid = (SELECT ordinal_position FROM information_schema.columns WHERE table_schema = CURRENT_SCHEMA() AND table_name = 'id_documents' AND column_name = 'rejection_reason') AND objoid = (SELECT oid FROM pg_catalog.pg_class WHERE relname = 'id_documents' AND relnamespace = (SELECT oid FROM pg_catalog.pg_namespace WHERE nspname = CURRENT_SCHEMA()))

2025/12/24 04:19:39 [32m/Users/louislawrence/Music/apps/stack/lazervault-golang/database/migrations.go:164
[0m[33m[0.154ms] [34;1m[rows:0][0m SELECT description FROM pg_catalog.pg_description WHERE objsubid = (SELECT ordinal_position FROM information_schema.columns WHERE table_schema = CURRENT_SCHEMA() AND table_name = 'id_documents' AND column_name = 'created_at') AND objoid = (SELECT oid FROM pg_catalog.pg_class WHERE relname = 'id_documents' AND relnamespace = (SELECT oid FROM pg_catalog.pg_namespace WHERE nspname = CURRENT_SCHEMA()))

2025/12/24 04:19:39 [32m/Users/louislawrence/Music/apps/stack/lazervault-golang/database/migrations.go:164
[0m[33m[0.200ms] [34;1m[rows:0][0m SELECT description FROM pg_catalog.pg_description WHERE objsubid = (SELECT ordinal_position FROM information_schema.columns WHERE table_schema = CURRENT_SCHEMA() AND table_name = 'id_documents' AND column_name = 'verified_at') AND objoid = (SELECT oid FROM pg_catalog.pg_class WHERE relname = 'id_documents' AND relnamespace = (SELECT oid FROM pg_catalog.pg_namespace WHERE nspname = CURRENT_SCHEMA()))

2025/12/24 04:19:39 [32m/Users/louislawrence/Music/apps/stack/lazervault-golang/database/migrations.go:164
[0m[33m[0.169ms] [34;1m[rows:0][0m SELECT description FROM pg_catalog.pg_description WHERE objsubid = (SELECT ordinal_position FROM information_schema.columns WHERE table_schema = CURRENT_SCHEMA() AND table_name = 'id_documents' AND column_name = 'updated_at') AND objoid = (SELECT oid FROM pg_catalog.pg_class WHERE relname = 'id_documents' AND relnamespace = (SELECT oid FROM pg_catalog.pg_namespace WHERE nspname = CURRENT_SCHEMA()))

2025/12/24 04:19:39 [32m/Users/louislawrence/Music/apps/stack/lazervault-golang/database/migrations.go:164
[0m[33m[0.184ms] [34;1m[rows:0][0m SELECT description FROM pg_catalog.pg_description WHERE objsubid = (SELECT ordinal_position FROM information_schema.columns WHERE table_schema = CURRENT_SCHEMA() AND table_name = 'id_documents' AND column_name = 'deleted_at') AND objoid = (SELECT oid FROM pg_catalog.pg_class WHERE relname = 'id_documents' AND relnamespace = (SELECT oid FROM pg_catalog.pg_namespace WHERE nspname = CURRENT_SCHEMA()))

2025/12/24 04:19:39 [32m/Users/louislawrence/Music/apps/stack/lazervault-golang/database/migrations.go:164
[0m[33m[0.189ms] [34;1m[rows:1][0m SELECT count(*) FROM INFORMATION_SCHEMA.table_constraints WHERE table_schema = CURRENT_SCHEMA() AND table_name = 'id_documents' AND constraint_name = 'fk_id_documents_user'

2025/12/24 04:19:39 [32m/Users/louislawrence/Music/apps/stack/lazervault-golang/database/migrations.go:164
[0m[33m[0.129ms] [34;1m[rows:1][0m SELECT count(*) FROM pg_indexes WHERE tablename = 'id_documents' AND indexname = 'idx_id_documents_user_id' AND schemaname = CURRENT_SCHEMA()

2025/12/24 04:19:39 [32m/Users/louislawrence/Music/apps/stack/lazervault-golang/database/migrations.go:164
[0m[33m[0.133ms] [34;1m[rows:1][0m SELECT count(*) FROM pg_indexes WHERE tablename = 'id_documents' AND indexname = 'idx_id_documents_document_number' AND schemaname = CURRENT_SCHEMA()

2025/12/24 04:19:39 [32m/Users/louislawrence/Music/apps/stack/lazervault-golang/database/migrations.go:164
[0m[33m[0.121ms] [34;1m[rows:1][0m SELECT count(*) FROM pg_indexes WHERE tablename = 'id_documents' AND indexname = 'idx_id_documents_deleted_at' AND schemaname = CURRENT_SCHEMA()

2025/12/24 04:19:39 [32m/Users/louislawrence/Music/apps/stack/lazervault-golang/database/migrations.go:164
[0m[33m[0.114ms] [34;1m[rows:1][0m SELECT count(*) FROM information_schema.tables WHERE table_schema = CURRENT_SCHEMA() AND table_name = 'facial_data' AND table_type = 'BASE TABLE'

2025/12/24 04:19:39 [32m/Users/louislawrence/Music/apps/stack/lazervault-golang/database/migrations.go:164
[0m[33m[0.068ms] [34;1m[rows:1][0m SELECT CURRENT_DATABASE()

2025/12/24 04:19:39 [32m/Users/louislawrence/Music/apps/stack/lazervault-golang/database/migrations.go:164
[0m[33m[1.416ms] [34;1m[rows:-][0m SELECT c.column_name, c.is_nullable = 'YES', c.udt_name, c.character_maximum_length, c.numeric_precision, c.numeric_precision_radix, c.numeric_scale, c.datetime_precision, 8 * typlen, c.column_default, pd.description, c.identity_increment FROM information_schema.columns AS c JOIN pg_type AS pgt ON c.udt_name = pgt.typname LEFT JOIN pg_catalog.pg_description as pd ON pd.objsubid = c.ordinal_position AND pd.objoid = (SELECT oid FROM pg_catalog.pg_class WHERE relname = c.table_name AND relnamespace = (SELECT oid FROM pg_catalog.pg_namespace WHERE nspname = c.table_schema)) where table_catalog = 'postgres' AND table_schema = CURRENT_SCHEMA() AND table_name = 'facial_data'

2025/12/24 04:19:39 [32m/Users/louislawrence/Music/apps/stack/lazervault-golang/database/migrations.go:164
[0m[33m[0.991ms] [34;1m[rows:-][0m SELECT * FROM "facial_data" LIMIT 5

2025/12/24 04:19:39 [32m/Users/louislawrence/Music/apps/stack/lazervault-golang/database/migrations.go:164
[0m[33m[1.603ms] [34;1m[rows:-][0m SELECT constraint_name FROM information_schema.table_constraints tc JOIN information_schema.constraint_column_usage AS ccu USING (constraint_schema, constraint_catalog, table_name, constraint_name) JOIN information_schema.columns AS c ON c.table_schema = tc.constraint_schema AND tc.table_name = c.table_name AND ccu.column_name = c.column_name WHERE constraint_type IN ('PRIMARY KEY', 'UNIQUE') AND c.table_catalog = 'postgres' AND c.table_schema = CURRENT_SCHEMA() AND c.table_name = 'facial_data' AND constraint_type = 'UNIQUE'

2025/12/24 04:19:39 [32m/Users/louislawrence/Music/apps/stack/lazervault-golang/database/migrations.go:164
[0m[33m[1.790ms] [34;1m[rows:-][0m SELECT c.column_name, constraint_name, constraint_type FROM information_schema.table_constraints tc JOIN information_schema.constraint_column_usage AS ccu USING (constraint_schema, constraint_catalog, table_name, constraint_name) JOIN information_schema.columns AS c ON c.table_schema = tc.constraint_schema AND tc.table_name = c.table_name AND ccu.column_name = c.column_name WHERE constraint_type IN ('PRIMARY KEY', 'UNIQUE') AND c.table_catalog = 'postgres' AND c.table_schema = CURRENT_SCHEMA() AND c.table_name = 'facial_data'

2025/12/24 04:19:39 [32m/Users/louislawrence/Music/apps/stack/lazervault-golang/database/migrations.go:164
[0m[33m[0.136ms] [34;1m[rows:-][0m SELECT a.attname as column_name, format_type(a.atttypid, a.atttypmod) AS data_type
		FROM pg_attribute a JOIN pg_class b ON a.attrelid = b.oid AND relnamespace = (SELECT oid FROM pg_catalog.pg_namespace WHERE nspname = CURRENT_SCHEMA())
		WHERE a.attnum > 0 -- hide internal columns
		AND NOT a.attisdropped -- hide deleted columns
		AND b.relname = 'facial_data'

2025/12/24 04:19:39 [32m/Users/louislawrence/Music/apps/stack/lazervault-golang/database/migrations.go:164
[0m[33m[0.234ms] [34;1m[rows:0][0m SELECT description FROM pg_catalog.pg_description WHERE objsubid = (SELECT ordinal_position FROM information_schema.columns WHERE table_schema = CURRENT_SCHEMA() AND table_name = 'facial_data' AND column_name = 'id') AND objoid = (SELECT oid FROM pg_catalog.pg_class WHERE relname = 'facial_data' AND relnamespace = (SELECT oid FROM pg_catalog.pg_namespace WHERE nspname = CURRENT_SCHEMA()))

2025/12/24 04:19:39 [32m/Users/louislawrence/Music/apps/stack/lazervault-golang/database/migrations.go:164
[0m[33m[0.166ms] [34;1m[rows:0][0m SELECT description FROM pg_catalog.pg_description WHERE objsubid = (SELECT ordinal_position FROM information_schema.columns WHERE table_schema = CURRENT_SCHEMA() AND table_name = 'facial_data' AND column_name = 'user_id') AND objoid = (SELECT oid FROM pg_catalog.pg_class WHERE relname = 'facial_data' AND relnamespace = (SELECT oid FROM pg_catalog.pg_namespace WHERE nspname = CURRENT_SCHEMA()))

2025/12/24 04:19:39 [32m/Users/louislawrence/Music/apps/stack/lazervault-golang/database/migrations.go:164
[0m[33m[0.178ms] [34;1m[rows:0][0m SELECT description FROM pg_catalog.pg_description WHERE objsubid = (SELECT ordinal_position FROM information_schema.columns WHERE table_schema = CURRENT_SCHEMA() AND table_name = 'facial_data' AND column_name = 'face_id') AND objoid = (SELECT oid FROM pg_catalog.pg_class WHERE relname = 'facial_data' AND relnamespace = (SELECT oid FROM pg_catalog.pg_namespace WHERE nspname = CURRENT_SCHEMA()))

2025/12/24 04:19:39 [32m/Users/louislawrence/Music/apps/stack/lazervault-golang/database/migrations.go:164
[0m[33m[0.148ms] [34;1m[rows:0][0m SELECT description FROM pg_catalog.pg_description WHERE objsubid = (SELECT ordinal_position FROM information_schema.columns WHERE table_schema = CURRENT_SCHEMA() AND table_name = 'facial_data' AND column_name = 'face_encoding') AND objoid = (SELECT oid FROM pg_catalog.pg_class WHERE relname = 'facial_data' AND relnamespace = (SELECT oid FROM pg_catalog.pg_namespace WHERE nspname = CURRENT_SCHEMA()))

2025/12/24 04:19:39 [32m/Users/louislawrence/Music/apps/stack/lazervault-golang/database/migrations.go:164
[0m[33m[0.138ms] [34;1m[rows:0][0m SELECT description FROM pg_catalog.pg_description WHERE objsubid = (SELECT ordinal_position FROM information_schema.columns WHERE table_schema = CURRENT_SCHEMA() AND table_name = 'facial_data' AND column_name = 'image_url') AND objoid = (SELECT oid FROM pg_catalog.pg_class WHERE relname = 'facial_data' AND relnamespace = (SELECT oid FROM pg_catalog.pg_namespace WHERE nspname = CURRENT_SCHEMA()))

2025/12/24 04:19:39 [32m/Users/louislawrence/Music/apps/stack/lazervault-golang/database/migrations.go:164
[0m[33m[0.141ms] [34;1m[rows:0][0m SELECT description FROM pg_catalog.pg_description WHERE objsubid = (SELECT ordinal_position FROM information_schema.columns WHERE table_schema = CURRENT_SCHEMA() AND table_name = 'facial_data' AND column_name = 'is_verified') AND objoid = (SELECT oid FROM pg_catalog.pg_class WHERE relname = 'facial_data' AND relnamespace = (SELECT oid FROM pg_catalog.pg_namespace WHERE nspname = CURRENT_SCHEMA()))

2025/12/24 04:19:39 [32m/Users/louislawrence/Music/apps/stack/lazervault-golang/database/migrations.go:164
[0m[33m[0.141ms] [34;1m[rows:0][0m SELECT description FROM pg_catalog.pg_description WHERE objsubid = (SELECT ordinal_position FROM information_schema.columns WHERE table_schema = CURRENT_SCHEMA() AND table_name = 'facial_data' AND column_name = 'created_at') AND objoid = (SELECT oid FROM pg_catalog.pg_class WHERE relname = 'facial_data' AND relnamespace = (SELECT oid FROM pg_catalog.pg_namespace WHERE nspname = CURRENT_SCHEMA()))

2025/12/24 04:19:39 [32m/Users/louislawrence/Music/apps/stack/lazervault-golang/database/migrations.go:164
[0m[33m[0.140ms] [34;1m[rows:0][0m SELECT description FROM pg_catalog.pg_description WHERE objsubid = (SELECT ordinal_position FROM information_schema.columns WHERE table_schema = CURRENT_SCHEMA() AND table_name = 'facial_data' AND column_name = 'last_verified_at') AND objoid = (SELECT oid FROM pg_catalog.pg_class WHERE relname = 'facial_data' AND relnamespace = (SELECT oid FROM pg_catalog.pg_namespace WHERE nspname = CURRENT_SCHEMA()))

2025/12/24 04:19:39 [32m/Users/louislawrence/Music/apps/stack/lazervault-golang/database/migrations.go:164
[0m[33m[0.135ms] [34;1m[rows:0][0m SELECT description FROM pg_catalog.pg_description WHERE objsubid = (SELECT ordinal_position FROM information_schema.columns WHERE table_schema = CURRENT_SCHEMA() AND table_name = 'facial_data' AND column_name = 'updated_at') AND objoid = (SELECT oid FROM pg_catalog.pg_class WHERE relname = 'facial_data' AND relnamespace = (SELECT oid FROM pg_catalog.pg_namespace WHERE nspname = CURRENT_SCHEMA()))

2025/12/24 04:19:39 [32m/Users/louislawrence/Music/apps/stack/lazervault-golang/database/migrations.go:164
[0m[33m[0.142ms] [34;1m[rows:0][0m SELECT description FROM pg_catalog.pg_description WHERE objsubid = (SELECT ordinal_position FROM information_schema.columns WHERE table_schema = CURRENT_SCHEMA() AND table_name = 'facial_data' AND column_name = 'deleted_at') AND objoid = (SELECT oid FROM pg_catalog.pg_class WHERE relname = 'facial_data' AND relnamespace = (SELECT oid FROM pg_catalog.pg_namespace WHERE nspname = CURRENT_SCHEMA()))

2025/12/24 04:19:39 [32m/Users/louislawrence/Music/apps/stack/lazervault-golang/database/migrations.go:164
[0m[33m[0.319ms] [34;1m[rows:1][0m SELECT count(*) FROM INFORMATION_SCHEMA.table_constraints WHERE table_schema = CURRENT_SCHEMA() AND table_name = 'facial_data' AND constraint_name = 'fk_facial_data_user'

2025/12/24 04:19:39 [32m/Users/louislawrence/Music/apps/stack/lazervault-golang/database/migrations.go:164
[0m[33m[0.237ms] [34;1m[rows:1][0m SELECT count(*) FROM pg_indexes WHERE tablename = 'facial_data' AND indexname = 'idx_facial_data_deleted_at' AND schemaname = CURRENT_SCHEMA()

2025/12/24 04:19:39 [32m/Users/louislawrence/Music/apps/stack/lazervault-golang/database/migrations.go:164
[0m[33m[0.570ms] [34;1m[rows:1][0m SELECT count(*) FROM pg_indexes WHERE tablename = 'facial_data' AND indexname = 'idx_facial_data_user_id' AND schemaname = CURRENT_SCHEMA()

2025/12/24 04:19:39 [32m/Users/louislawrence/Music/apps/stack/lazervault-golang/database/migrations.go:164
[0m[33m[0.291ms] [34;1m[rows:1][0m SELECT count(*) FROM pg_indexes WHERE tablename = 'facial_data' AND indexname = 'idx_facial_data_face_id' AND schemaname = CURRENT_SCHEMA()

2025/12/24 04:19:39 [32m/Users/louislawrence/Music/apps/stack/lazervault-golang/database/migrations.go:164
[0m[33m[0.191ms] [34;1m[rows:1][0m SELECT count(*) FROM information_schema.tables WHERE table_schema = CURRENT_SCHEMA() AND table_name = 'device_permissions' AND table_type = 'BASE TABLE'

2025/12/24 04:19:39 [32m/Users/louislawrence/Music/apps/stack/lazervault-golang/database/migrations.go:164
[0m[33m[0.129ms] [34;1m[rows:1][0m SELECT CURRENT_DATABASE()

2025/12/24 04:19:39 [32m/Users/louislawrence/Music/apps/stack/lazervault-golang/database/migrations.go:164
[0m[33m[1.176ms] [34;1m[rows:-][0m SELECT c.column_name, c.is_nullable = 'YES', c.udt_name, c.character_maximum_length, c.numeric_precision, c.numeric_precision_radix, c.numeric_scale, c.datetime_precision, 8 * typlen, c.column_default, pd.description, c.identity_increment FROM information_schema.columns AS c JOIN pg_type AS pgt ON c.udt_name = pgt.typname LEFT JOIN pg_catalog.pg_description as pd ON pd.objsubid = c.ordinal_position AND pd.objoid = (SELECT oid FROM pg_catalog.pg_class WHERE relname = c.table_name AND relnamespace = (SELECT oid FROM pg_catalog.pg_namespace WHERE nspname = c.table_schema)) where table_catalog = 'postgres' AND table_schema = CURRENT_SCHEMA() AND table_name = 'device_permissions'

2025/12/24 04:19:39 [32m/Users/louislawrence/Music/apps/stack/lazervault-golang/database/migrations.go:164
[0m[33m[0.525ms] [34;1m[rows:-][0m SELECT * FROM "device_permissions" LIMIT 5

2025/12/24 04:19:39 [32m/Users/louislawrence/Music/apps/stack/lazervault-golang/database/migrations.go:164
[0m[33m[1.326ms] [34;1m[rows:-][0m SELECT constraint_name FROM information_schema.table_constraints tc JOIN information_schema.constraint_column_usage AS ccu USING (constraint_schema, constraint_catalog, table_name, constraint_name) JOIN information_schema.columns AS c ON c.table_schema = tc.constraint_schema AND tc.table_name = c.table_name AND ccu.column_name = c.column_name WHERE constraint_type IN ('PRIMARY KEY', 'UNIQUE') AND c.table_catalog = 'postgres' AND c.table_schema = CURRENT_SCHEMA() AND c.table_name = 'device_permissions' AND constraint_type = 'UNIQUE'

2025/12/24 04:19:39 [32m/Users/louislawrence/Music/apps/stack/lazervault-golang/database/migrations.go:164
[0m[33m[1.286ms] [34;1m[rows:-][0m SELECT c.column_name, constraint_name, constraint_type FROM information_schema.table_constraints tc JOIN information_schema.constraint_column_usage AS ccu USING (constraint_schema, constraint_catalog, table_name, constraint_name) JOIN information_schema.columns AS c ON c.table_schema = tc.constraint_schema AND tc.table_name = c.table_name AND ccu.column_name = c.column_name WHERE constraint_type IN ('PRIMARY KEY', 'UNIQUE') AND c.table_catalog = 'postgres' AND c.table_schema = CURRENT_SCHEMA() AND c.table_name = 'device_permissions'

2025/12/24 04:19:39 [32m/Users/louislawrence/Music/apps/stack/lazervault-golang/database/migrations.go:164
[0m[33m[0.157ms] [34;1m[rows:-][0m SELECT a.attname as column_name, format_type(a.atttypid, a.atttypmod) AS data_type
		FROM pg_attribute a JOIN pg_class b ON a.attrelid = b.oid AND relnamespace = (SELECT oid FROM pg_catalog.pg_namespace WHERE nspname = CURRENT_SCHEMA())
		WHERE a.attnum > 0 -- hide internal columns
		AND NOT a.attisdropped -- hide deleted columns
		AND b.relname = 'device_permissions'

2025/12/24 04:19:39 [32m/Users/louislawrence/Music/apps/stack/lazervault-golang/database/migrations.go:164
[0m[33m[0.235ms] [34;1m[rows:0][0m SELECT description FROM pg_catalog.pg_description WHERE objsubid = (SELECT ordinal_position FROM information_schema.columns WHERE table_schema = CURRENT_SCHEMA() AND table_name = 'device_permissions' AND column_name = 'id') AND objoid = (SELECT oid FROM pg_catalog.pg_class WHERE relname = 'device_permissions' AND relnamespace = (SELECT oid FROM pg_catalog.pg_namespace WHERE nspname = CURRENT_SCHEMA()))

2025/12/24 04:19:39 [32m/Users/louislawrence/Music/apps/stack/lazervault-golang/database/migrations.go:164
[0m[33m[0.199ms] [34;1m[rows:0][0m SELECT description FROM pg_catalog.pg_description WHERE objsubid = (SELECT ordinal_position FROM information_schema.columns WHERE table_schema = CURRENT_SCHEMA() AND table_name = 'device_permissions' AND column_name = 'user_id') AND objoid = (SELECT oid FROM pg_catalog.pg_class WHERE relname = 'device_permissions' AND relnamespace = (SELECT oid FROM pg_catalog.pg_namespace WHERE nspname = CURRENT_SCHEMA()))

2025/12/24 04:19:39 [32m/Users/louislawrence/Music/apps/stack/lazervault-golang/database/migrations.go:164
[0m[33m[0.174ms] [34;1m[rows:0][0m SELECT description FROM pg_catalog.pg_description WHERE objsubid = (SELECT ordinal_position FROM information_schema.columns WHERE table_schema = CURRENT_SCHEMA() AND table_name = 'device_permissions' AND column_name = 'permission_type') AND objoid = (SELECT oid FROM pg_catalog.pg_class WHERE relname = 'device_permissions' AND relnamespace = (SELECT oid FROM pg_catalog.pg_namespace WHERE nspname = CURRENT_SCHEMA()))

2025/12/24 04:19:39 [32m/Users/louislawrence/Music/apps/stack/lazervault-golang/database/migrations.go:164
[0m[33m[0.171ms] [34;1m[rows:0][0m SELECT description FROM pg_catalog.pg_description WHERE objsubid = (SELECT ordinal_position FROM information_schema.columns WHERE table_schema = CURRENT_SCHEMA() AND table_name = 'device_permissions' AND column_name = 'is_granted') AND objoid = (SELECT oid FROM pg_catalog.pg_class WHERE relname = 'device_permissions' AND relnamespace = (SELECT oid FROM pg_catalog.pg_namespace WHERE nspname = CURRENT_SCHEMA()))

2025/12/24 04:19:39 [32m/Users/louislawrence/Music/apps/stack/lazervault-golang/database/migrations.go:164
[0m[33m[0.166ms] [34;1m[rows:0][0m SELECT description FROM pg_catalog.pg_description WHERE objsubid = (SELECT ordinal_position FROM information_schema.columns WHERE table_schema = CURRENT_SCHEMA() AND table_name = 'device_permissions' AND column_name = 'granted_at') AND objoid = (SELECT oid FROM pg_catalog.pg_class WHERE relname = 'device_permissions' AND relnamespace = (SELECT oid FROM pg_catalog.pg_namespace WHERE nspname = CURRENT_SCHEMA()))

2025/12/24 04:19:39 [32m/Users/louislawrence/Music/apps/stack/lazervault-golang/database/migrations.go:164
[0m[33m[0.173ms] [34;1m[rows:0][0m SELECT description FROM pg_catalog.pg_description WHERE objsubid = (SELECT ordinal_position FROM information_schema.columns WHERE table_schema = CURRENT_SCHEMA() AND table_name = 'device_permissions' AND column_name = 'created_at') AND objoid = (SELECT oid FROM pg_catalog.pg_class WHERE relname = 'device_permissions' AND relnamespace = (SELECT oid FROM pg_catalog.pg_namespace WHERE nspname = CURRENT_SCHEMA()))

2025/12/24 04:19:39 [32m/Users/louislawrence/Music/apps/stack/lazervault-golang/database/migrations.go:164
[0m[33m[0.191ms] [34;1m[rows:0][0m SELECT description FROM pg_catalog.pg_description WHERE objsubid = (SELECT ordinal_position FROM information_schema.columns WHERE table_schema = CURRENT_SCHEMA() AND table_name = 'device_permissions' AND column_name = 'updated_at') AND objoid = (SELECT oid FROM pg_catalog.pg_class WHERE relname = 'device_permissions' AND relnamespace = (SELECT oid FROM pg_catalog.pg_namespace WHERE nspname = CURRENT_SCHEMA()))

2025/12/24 04:19:39 [32m/Users/louislawrence/Music/apps/stack/lazervault-golang/database/migrations.go:164
[0m[33m[0.190ms] [34;1m[rows:0][0m SELECT description FROM pg_catalog.pg_description WHERE objsubid = (SELECT ordinal_position FROM information_schema.columns WHERE table_schema = CURRENT_SCHEMA() AND table_name = 'device_permissions' AND column_name = 'deleted_at') AND objoid = (SELECT oid FROM pg_catalog.pg_class WHERE relname = 'device_permissions' AND relnamespace = (SELECT oid FROM pg_catalog.pg_namespace WHERE nspname = CURRENT_SCHEMA()))

2025/12/24 04:19:39 [32m/Users/louislawrence/Music/apps/stack/lazervault-golang/database/migrations.go:164
[0m[33m[0.174ms] [34;1m[rows:1][0m SELECT count(*) FROM INFORMATION_SCHEMA.table_constraints WHERE table_schema = CURRENT_SCHEMA() AND table_name = 'device_permissions' AND constraint_name = 'fk_device_permissions_user'

2025/12/24 04:19:39 [32m/Users/louislawrence/Music/apps/stack/lazervault-golang/database/migrations.go:164
[0m[33m[0.137ms] [34;1m[rows:1][0m SELECT count(*) FROM pg_indexes WHERE tablename = 'device_permissions' AND indexname = 'idx_user_permission' AND schemaname = CURRENT_SCHEMA()

2025/12/24 04:19:39 [32m/Users/louislawrence/Music/apps/stack/lazervault-golang/database/migrations.go:164
[0m[33m[0.119ms] [34;1m[rows:1][0m SELECT count(*) FROM pg_indexes WHERE tablename = 'device_permissions' AND indexname = 'idx_device_permissions_deleted_at' AND schemaname = CURRENT_SCHEMA()

2025/12/24 04:19:39 [32m/Users/louislawrence/Music/apps/stack/lazervault-golang/database/migrations.go:164
[0m[33m[0.172ms] [34;1m[rows:1][0m SELECT count(*) FROM information_schema.tables WHERE table_schema = CURRENT_SCHEMA() AND table_name = 'autosave_rules' AND table_type = 'BASE TABLE'

2025/12/24 04:19:39 [32m/Users/louislawrence/Music/apps/stack/lazervault-golang/database/migrations.go:164
[0m[33m[0.157ms] [34;1m[rows:1][0m SELECT CURRENT_DATABASE()

2025/12/24 04:19:39 [32m/Users/louislawrence/Music/apps/stack/lazervault-golang/database/migrations.go:164
[0m[33m[1.732ms] [34;1m[rows:-][0m SELECT c.column_name, c.is_nullable = 'YES', c.udt_name, c.character_maximum_length, c.numeric_precision, c.numeric_precision_radix, c.numeric_scale, c.datetime_precision, 8 * typlen, c.column_default, pd.description, c.identity_increment FROM information_schema.columns AS c JOIN pg_type AS pgt ON c.udt_name = pgt.typname LEFT JOIN pg_catalog.pg_description as pd ON pd.objsubid = c.ordinal_position AND pd.objoid = (SELECT oid FROM pg_catalog.pg_class WHERE relname = c.table_name AND relnamespace = (SELECT oid FROM pg_catalog.pg_namespace WHERE nspname = c.table_schema)) where table_catalog = 'postgres' AND table_schema = CURRENT_SCHEMA() AND table_name = 'autosave_rules'

2025/12/24 04:19:39 [32m/Users/louislawrence/Music/apps/stack/lazervault-golang/database/migrations.go:164
[0m[33m[1.606ms] [34;1m[rows:-][0m SELECT * FROM "autosave_rules" LIMIT 5

2025/12/24 04:19:39 [32m/Users/louislawrence/Music/apps/stack/lazervault-golang/database/migrations.go:164
[0m[33m[3.378ms] [34;1m[rows:-][0m SELECT constraint_name FROM information_schema.table_constraints tc JOIN information_schema.constraint_column_usage AS ccu USING (constraint_schema, constraint_catalog, table_name, constraint_name) JOIN information_schema.columns AS c ON c.table_schema = tc.constraint_schema AND tc.table_name = c.table_name AND ccu.column_name = c.column_name WHERE constraint_type IN ('PRIMARY KEY', 'UNIQUE') AND c.table_catalog = 'postgres' AND c.table_schema = CURRENT_SCHEMA() AND c.table_name = 'autosave_rules' AND constraint_type = 'UNIQUE'

2025/12/24 04:19:39 [32m/Users/louislawrence/Music/apps/stack/lazervault-golang/database/migrations.go:164
[0m[33m[3.889ms] [34;1m[rows:-][0m SELECT c.column_name, constraint_name, constraint_type FROM information_schema.table_constraints tc JOIN information_schema.constraint_column_usage AS ccu USING (constraint_schema, constraint_catalog, table_name, constraint_name) JOIN information_schema.columns AS c ON c.table_schema = tc.constraint_schema AND tc.table_name = c.table_name AND ccu.column_name = c.column_name WHERE constraint_type IN ('PRIMARY KEY', 'UNIQUE') AND c.table_catalog = 'postgres' AND c.table_schema = CURRENT_SCHEMA() AND c.table_name = 'autosave_rules'

2025/12/24 04:19:39 [32m/Users/louislawrence/Music/apps/stack/lazervault-golang/database/migrations.go:164
[0m[33m[0.200ms] [34;1m[rows:-][0m SELECT a.attname as column_name, format_type(a.atttypid, a.atttypmod) AS data_type
		FROM pg_attribute a JOIN pg_class b ON a.attrelid = b.oid AND relnamespace = (SELECT oid FROM pg_catalog.pg_namespace WHERE nspname = CURRENT_SCHEMA())
		WHERE a.attnum > 0 -- hide internal columns
		AND NOT a.attisdropped -- hide deleted columns
		AND b.relname = 'autosave_rules'

2025/12/24 04:19:39 [32m/Users/louislawrence/Music/apps/stack/lazervault-golang/database/migrations.go:164
[0m[33m[0.213ms] [34;1m[rows:0][0m SELECT description FROM pg_catalog.pg_description WHERE objsubid = (SELECT ordinal_position FROM information_schema.columns WHERE table_schema = CURRENT_SCHEMA() AND table_name = 'autosave_rules' AND column_name = 'id') AND objoid = (SELECT oid FROM pg_catalog.pg_class WHERE relname = 'autosave_rules' AND relnamespace = (SELECT oid FROM pg_catalog.pg_namespace WHERE nspname = CURRENT_SCHEMA()))

2025/12/24 04:19:39 [32m/Users/louislawrence/Music/apps/stack/lazervault-golang/database/migrations.go:164
[0m[33m[0.199ms] [34;1m[rows:0][0m SELECT description FROM pg_catalog.pg_description WHERE objsubid = (SELECT ordinal_position FROM information_schema.columns WHERE table_schema = CURRENT_SCHEMA() AND table_name = 'autosave_rules' AND column_name = 'created_at') AND objoid = (SELECT oid FROM pg_catalog.pg_class WHERE relname = 'autosave_rules' AND relnamespace = (SELECT oid FROM pg_catalog.pg_namespace WHERE nspname = CURRENT_SCHEMA()))

2025/12/24 04:19:39 [32m/Users/louislawrence/Music/apps/stack/lazervault-golang/database/migrations.go:164
[0m[33m[0.159ms] [34;1m[rows:0][0m SELECT description FROM pg_catalog.pg_description WHERE objsubid = (SELECT ordinal_position FROM information_schema.columns WHERE table_schema = CURRENT_SCHEMA() AND table_name = 'autosave_rules' AND column_name = 'updated_at') AND objoid = (SELECT oid FROM pg_catalog.pg_class WHERE relname = 'autosave_rules' AND relnamespace = (SELECT oid FROM pg_catalog.pg_namespace WHERE nspname = CURRENT_SCHEMA()))

2025/12/24 04:19:39 [32m/Users/louislawrence/Music/apps/stack/lazervault-golang/database/migrations.go:164
[0m[33m[0.166ms] [34;1m[rows:0][0m SELECT description FROM pg_catalog.pg_description WHERE objsubid = (SELECT ordinal_position FROM information_schema.columns WHERE table_schema = CURRENT_SCHEMA() AND table_name = 'autosave_rules' AND column_name = 'deleted_at') AND objoid = (SELECT oid FROM pg_catalog.pg_class WHERE relname = 'autosave_rules' AND relnamespace = (SELECT oid FROM pg_catalog.pg_namespace WHERE nspname = CURRENT_SCHEMA()))

2025/12/24 04:19:39 [32m/Users/louislawrence/Music/apps/stack/lazervault-golang/database/migrations.go:164
[0m[33m[0.147ms] [34;1m[rows:0][0m SELECT description FROM pg_catalog.pg_description WHERE objsubid = (SELECT ordinal_position FROM information_schema.columns WHERE table_schema = CURRENT_SCHEMA() AND table_name = 'autosave_rules' AND column_name = 'user_id') AND objoid = (SELECT oid FROM pg_catalog.pg_class WHERE relname = 'autosave_rules' AND relnamespace = (SELECT oid FROM pg_catalog.pg_namespace WHERE nspname = CURRENT_SCHEMA()))

2025/12/24 04:19:39 [32m/Users/louislawrence/Music/apps/stack/lazervault-golang/database/migrations.go:164
[0m[33m[0.142ms] [34;1m[rows:0][0m SELECT description FROM pg_catalog.pg_description WHERE objsubid = (SELECT ordinal_position FROM information_schema.columns WHERE table_schema = CURRENT_SCHEMA() AND table_name = 'autosave_rules' AND column_name = 'name') AND objoid = (SELECT oid FROM pg_catalog.pg_class WHERE relname = 'autosave_rules' AND relnamespace = (SELECT oid FROM pg_catalog.pg_namespace WHERE nspname = CURRENT_SCHEMA()))

2025/12/24 04:19:39 [32m/Users/louislawrence/Music/apps/stack/lazervault-golang/database/migrations.go:164
[0m[33m[0.148ms] [34;1m[rows:0][0m SELECT description FROM pg_catalog.pg_description WHERE objsubid = (SELECT ordinal_position FROM information_schema.columns WHERE table_schema = CURRENT_SCHEMA() AND table_name = 'autosave_rules' AND column_name = 'description') AND objoid = (SELECT oid FROM pg_catalog.pg_class WHERE relname = 'autosave_rules' AND relnamespace = (SELECT oid FROM pg_catalog.pg_namespace WHERE nspname = CURRENT_SCHEMA()))

2025/12/24 04:19:39 [32m/Users/louislawrence/Music/apps/stack/lazervault-golang/database/migrations.go:164
[0m[33m[0.136ms] [34;1m[rows:0][0m SELECT description FROM pg_catalog.pg_description WHERE objsubid = (SELECT ordinal_position FROM information_schema.columns WHERE table_schema = CURRENT_SCHEMA() AND table_name = 'autosave_rules' AND column_name = 'trigger_type') AND objoid = (SELECT oid FROM pg_catalog.pg_class WHERE relname = 'autosave_rules' AND relnamespace = (SELECT oid FROM pg_catalog.pg_namespace WHERE nspname = CURRENT_SCHEMA()))

2025/12/24 04:19:39 [32m/Users/louislawrence/Music/apps/stack/lazervault-golang/database/migrations.go:164
[0m[33m[0.134ms] [34;1m[rows:0][0m SELECT description FROM pg_catalog.pg_description WHERE objsubid = (SELECT ordinal_position FROM information_schema.columns WHERE table_schema = CURRENT_SCHEMA() AND table_name = 'autosave_rules' AND column_name = 'amount_type') AND objoid = (SELECT oid FROM pg_catalog.pg_class WHERE relname = 'autosave_rules' AND relnamespace = (SELECT oid FROM pg_catalog.pg_namespace WHERE nspname = CURRENT_SCHEMA()))

2025/12/24 04:19:39 [32m/Users/louislawrence/Music/apps/stack/lazervault-golang/database/migrations.go:164
[0m[33m[0.133ms] [34;1m[rows:0][0m SELECT description FROM pg_catalog.pg_description WHERE objsubid = (SELECT ordinal_position FROM information_schema.columns WHERE table_schema = CURRENT_SCHEMA() AND table_name = 'autosave_rules' AND column_name = 'amount_value') AND objoid = (SELECT oid FROM pg_catalog.pg_class WHERE relname = 'autosave_rules' AND relnamespace = (SELECT oid FROM pg_catalog.pg_namespace WHERE nspname = CURRENT_SCHEMA()))

2025/12/24 04:19:39 [32m/Users/louislawrence/Music/apps/stack/lazervault-golang/database/migrations.go:164
[0m[33m[0.148ms] [34;1m[rows:0][0m SELECT description FROM pg_catalog.pg_description WHERE objsubid = (SELECT ordinal_position FROM information_schema.columns WHERE table_schema = CURRENT_SCHEMA() AND table_name = 'autosave_rules' AND column_name = 'source_account_id') AND objoid = (SELECT oid FROM pg_catalog.pg_class WHERE relname = 'autosave_rules' AND relnamespace = (SELECT oid FROM pg_catalog.pg_namespace WHERE nspname = CURRENT_SCHEMA()))

2025/12/24 04:19:39 [32m/Users/louislawrence/Music/apps/stack/lazervault-golang/database/migrations.go:164
[0m[33m[0.133ms] [34;1m[rows:0][0m SELECT description FROM pg_catalog.pg_description WHERE objsubid = (SELECT ordinal_position FROM information_schema.columns WHERE table_schema = CURRENT_SCHEMA() AND table_name = 'autosave_rules' AND column_name = 'destination_account_id') AND objoid = (SELECT oid FROM pg_catalog.pg_class WHERE relname = 'autosave_rules' AND relnamespace = (SELECT oid FROM pg_catalog.pg_namespace WHERE nspname = CURRENT_SCHEMA()))

2025/12/24 04:19:39 [32m/Users/louislawrence/Music/apps/stack/lazervault-golang/database/migrations.go:164
[0m[33m[0.131ms] [34;1m[rows:0][0m SELECT description FROM pg_catalog.pg_description WHERE objsubid = (SELECT ordinal_position FROM information_schema.columns WHERE table_schema = CURRENT_SCHEMA() AND table_name = 'autosave_rules' AND column_name = 'status') AND objoid = (SELECT oid FROM pg_catalog.pg_class WHERE relname = 'autosave_rules' AND relnamespace = (SELECT oid FROM pg_catalog.pg_namespace WHERE nspname = CURRENT_SCHEMA()))

2025/12/24 04:19:39 [32m/Users/louislawrence/Music/apps/stack/lazervault-golang/database/migrations.go:164
[0m[33m[0.133ms] [34;1m[rows:0][0m SELECT description FROM pg_catalog.pg_description WHERE objsubid = (SELECT ordinal_position FROM information_schema.columns WHERE table_schema = CURRENT_SCHEMA() AND table_name = 'autosave_rules' AND column_name = 'frequency') AND objoid = (SELECT oid FROM pg_catalog.pg_class WHERE relname = 'autosave_rules' AND relnamespace = (SELECT oid FROM pg_catalog.pg_namespace WHERE nspname = CURRENT_SCHEMA()))

2025/12/24 04:19:39 [32m/Users/louislawrence/Music/apps/stack/lazervault-golang/database/migrations.go:164
[0m[33m[0.152ms] [34;1m[rows:0][0m SELECT description FROM pg_catalog.pg_description WHERE objsubid = (SELECT ordinal_position FROM information_schema.columns WHERE table_schema = CURRENT_SCHEMA() AND table_name = 'autosave_rules' AND column_name = 'schedule_time') AND objoid = (SELECT oid FROM pg_catalog.pg_class WHERE relname = 'autosave_rules' AND relnamespace = (SELECT oid FROM pg_catalog.pg_namespace WHERE nspname = CURRENT_SCHEMA()))

2025/12/24 04:19:39 [32m/Users/louislawrence/Music/apps/stack/lazervault-golang/database/migrations.go:164
[0m[33m[0.160ms] [34;1m[rows:0][0m SELECT description FROM pg_catalog.pg_description WHERE objsubid = (SELECT ordinal_position FROM information_schema.columns WHERE table_schema = CURRENT_SCHEMA() AND table_name = 'autosave_rules' AND column_name = 'schedule_day') AND objoid = (SELECT oid FROM pg_catalog.pg_class WHERE relname = 'autosave_rules' AND relnamespace = (SELECT oid FROM pg_catalog.pg_namespace WHERE nspname = CURRENT_SCHEMA()))

2025/12/24 04:19:39 [32m/Users/louislawrence/Music/apps/stack/lazervault-golang/database/migrations.go:164
[0m[33m[0.141ms] [34;1m[rows:0][0m SELECT description FROM pg_catalog.pg_description WHERE objsubid = (SELECT ordinal_position FROM information_schema.columns WHERE table_schema = CURRENT_SCHEMA() AND table_name = 'autosave_rules' AND column_name = 'round_up_to') AND objoid = (SELECT oid FROM pg_catalog.pg_class WHERE relname = 'autosave_rules' AND relnamespace = (SELECT oid FROM pg_catalog.pg_namespace WHERE nspname = CURRENT_SCHEMA()))

2025/12/24 04:19:39 [32m/Users/louislawrence/Music/apps/stack/lazervault-golang/database/migrations.go:164
[0m[33m[0.150ms] [34;1m[rows:0][0m SELECT description FROM pg_catalog.pg_description WHERE objsubid = (SELECT ordinal_position FROM information_schema.columns WHERE table_schema = CURRENT_SCHEMA() AND table_name = 'autosave_rules' AND column_name = 'target_amount') AND objoid = (SELECT oid FROM pg_catalog.pg_class WHERE relname = 'autosave_rules' AND relnamespace = (SELECT oid FROM pg_catalog.pg_namespace WHERE nspname = CURRENT_SCHEMA()))

2025/12/24 04:19:39 [32m/Users/louislawrence/Music/apps/stack/lazervault-golang/database/migrations.go:164
[0m[33m[0.198ms] [34;1m[rows:0][0m SELECT description FROM pg_catalog.pg_description WHERE objsubid = (SELECT ordinal_position FROM information_schema.columns WHERE table_schema = CURRENT_SCHEMA() AND table_name = 'autosave_rules' AND column_name = 'minimum_balance') AND objoid = (SELECT oid FROM pg_catalog.pg_class WHERE relname = 'autosave_rules' AND relnamespace = (SELECT oid FROM pg_catalog.pg_namespace WHERE nspname = CURRENT_SCHEMA()))

2025/12/24 04:19:39 [32m/Users/louislawrence/Music/apps/stack/lazervault-golang/database/migrations.go:164
[0m[33m[0.137ms] [34;1m[rows:0][0m SELECT description FROM pg_catalog.pg_description WHERE objsubid = (SELECT ordinal_position FROM information_schema.columns WHERE table_schema = CURRENT_SCHEMA() AND table_name = 'autosave_rules' AND column_name = 'maximum_per_save') AND objoid = (SELECT oid FROM pg_catalog.pg_class WHERE relname = 'autosave_rules' AND relnamespace = (SELECT oid FROM pg_catalog.pg_namespace WHERE nspname = CURRENT_SCHEMA()))

2025/12/24 04:19:39 [32m/Users/louislawrence/Music/apps/stack/lazervault-golang/database/migrations.go:164
[0m[33m[0.149ms] [34;1m[rows:0][0m SELECT description FROM pg_catalog.pg_description WHERE objsubid = (SELECT ordinal_position FROM information_schema.columns WHERE table_schema = CURRENT_SCHEMA() AND table_name = 'autosave_rules' AND column_name = 'trigger_count') AND objoid = (SELECT oid FROM pg_catalog.pg_class WHERE relname = 'autosave_rules' AND relnamespace = (SELECT oid FROM pg_catalog.pg_namespace WHERE nspname = CURRENT_SCHEMA()))

2025/12/24 04:19:39 [32m/Users/louislawrence/Music/apps/stack/lazervault-golang/database/migrations.go:164
[0m[33m[0.167ms] [34;1m[rows:0][0m SELECT description FROM pg_catalog.pg_description WHERE objsubid = (SELECT ordinal_position FROM information_schema.columns WHERE table_schema = CURRENT_SCHEMA() AND table_name = 'autosave_rules' AND column_name = 'total_saved') AND objoid = (SELECT oid FROM pg_catalog.pg_class WHERE relname = 'autosave_rules' AND relnamespace = (SELECT oid FROM pg_catalog.pg_namespace WHERE nspname = CURRENT_SCHEMA()))

2025/12/24 04:19:39 [32m/Users/louislawrence/Music/apps/stack/lazervault-golang/database/migrations.go:164
[0m[33m[0.140ms] [34;1m[rows:0][0m SELECT description FROM pg_catalog.pg_description WHERE objsubid = (SELECT ordinal_position FROM information_schema.columns WHERE table_schema = CURRENT_SCHEMA() AND table_name = 'autosave_rules' AND column_name = 'last_triggered_at') AND objoid = (SELECT oid FROM pg_catalog.pg_class WHERE relname = 'autosave_rules' AND relnamespace = (SELECT oid FROM pg_catalog.pg_namespace WHERE nspname = CURRENT_SCHEMA()))

2025/12/24 04:19:39 [32m/Users/louislawrence/Music/apps/stack/lazervault-golang/database/migrations.go:164
[0m[33m[0.181ms] [34;1m[rows:1][0m SELECT count(*) FROM INFORMATION_SCHEMA.table_constraints WHERE table_schema = CURRENT_SCHEMA() AND table_name = 'autosave_rules' AND constraint_name = 'fk_autosave_rules_source_account'

2025/12/24 04:19:39 [32m/Users/louislawrence/Music/apps/stack/lazervault-golang/database/migrations.go:164
[0m[33m[0.165ms] [34;1m[rows:1][0m SELECT count(*) FROM INFORMATION_SCHEMA.table_constraints WHERE table_schema = CURRENT_SCHEMA() AND table_name = 'autosave_rules' AND constraint_name = 'fk_autosave_rules_destination_account'

2025/12/24 04:19:39 [32m/Users/louislawrence/Music/apps/stack/lazervault-golang/database/migrations.go:164
[0m[33m[0.140ms] [34;1m[rows:1][0m SELECT count(*) FROM INFORMATION_SCHEMA.table_constraints WHERE table_schema = CURRENT_SCHEMA() AND table_name = 'autosave_rules' AND constraint_name = 'fk_autosave_rules_user'

2025/12/24 04:19:39 [32m/Users/louislawrence/Music/apps/stack/lazervault-golang/database/migrations.go:164
[0m[33m[0.123ms] [34;1m[rows:1][0m SELECT count(*) FROM pg_indexes WHERE tablename = 'autosave_rules' AND indexname = 'idx_autosave_rules_source_account_id' AND schemaname = CURRENT_SCHEMA()

2025/12/24 04:19:39 [32m/Users/louislawrence/Music/apps/stack/lazervault-golang/database/migrations.go:164
[0m[33m[0.107ms] [34;1m[rows:1][0m SELECT count(*) FROM pg_indexes WHERE tablename = 'autosave_rules' AND indexname = 'idx_autosave_rules_destination_account_id' AND schemaname = CURRENT_SCHEMA()

2025/12/24 04:19:39 [32m/Users/louislawrence/Music/apps/stack/lazervault-golang/database/migrations.go:164
[0m[33m[0.106ms] [34;1m[rows:1][0m SELECT count(*) FROM pg_indexes WHERE tablename = 'autosave_rules' AND indexname = 'idx_autosave_rules_deleted_at' AND schemaname = CURRENT_SCHEMA()

2025/12/24 04:19:39 [32m/Users/louislawrence/Music/apps/stack/lazervault-golang/database/migrations.go:164
[0m[33m[0.118ms] [34;1m[rows:1][0m SELECT count(*) FROM pg_indexes WHERE tablename = 'autosave_rules' AND indexname = 'idx_autosave_rules_user_id' AND schemaname = CURRENT_SCHEMA()

2025/12/24 04:19:39 [32m/Users/louislawrence/Music/apps/stack/lazervault-golang/database/migrations.go:164
[0m[33m[0.108ms] [34;1m[rows:1][0m SELECT count(*) FROM information_schema.tables WHERE table_schema = CURRENT_SCHEMA() AND table_name = 'autosave_transactions' AND table_type = 'BASE TABLE'

2025/12/24 04:19:39 [32m/Users/louislawrence/Music/apps/stack/lazervault-golang/database/migrations.go:164
[0m[33m[0.068ms] [34;1m[rows:1][0m SELECT CURRENT_DATABASE()

2025/12/24 04:19:39 [32m/Users/louislawrence/Music/apps/stack/lazervault-golang/database/migrations.go:164
[0m[33m[1.192ms] [34;1m[rows:-][0m SELECT c.column_name, c.is_nullable = 'YES', c.udt_name, c.character_maximum_length, c.numeric_precision, c.numeric_precision_radix, c.numeric_scale, c.datetime_precision, 8 * typlen, c.column_default, pd.description, c.identity_increment FROM information_schema.columns AS c JOIN pg_type AS pgt ON c.udt_name = pgt.typname LEFT JOIN pg_catalog.pg_description as pd ON pd.objsubid = c.ordinal_position AND pd.objoid = (SELECT oid FROM pg_catalog.pg_class WHERE relname = c.table_name AND relnamespace = (SELECT oid FROM pg_catalog.pg_namespace WHERE nspname = c.table_schema)) where table_catalog = 'postgres' AND table_schema = CURRENT_SCHEMA() AND table_name = 'autosave_transactions'

2025/12/24 04:19:39 [32m/Users/louislawrence/Music/apps/stack/lazervault-golang/database/migrations.go:164
[0m[33m[1.017ms] [34;1m[rows:-][0m SELECT * FROM "autosave_transactions" LIMIT 5

2025/12/24 04:19:39 [32m/Users/louislawrence/Music/apps/stack/lazervault-golang/database/migrations.go:164
[0m[33m[1.915ms] [34;1m[rows:-][0m SELECT constraint_name FROM information_schema.table_constraints tc JOIN information_schema.constraint_column_usage AS ccu USING (constraint_schema, constraint_catalog, table_name, constraint_name) JOIN information_schema.columns AS c ON c.table_schema = tc.constraint_schema AND tc.table_name = c.table_name AND ccu.column_name = c.column_name WHERE constraint_type IN ('PRIMARY KEY', 'UNIQUE') AND c.table_catalog = 'postgres' AND c.table_schema = CURRENT_SCHEMA() AND c.table_name = 'autosave_transactions' AND constraint_type = 'UNIQUE'

2025/12/24 04:19:39 [32m/Users/louislawrence/Music/apps/stack/lazervault-golang/database/migrations.go:164
[0m[33m[1.892ms] [34;1m[rows:-][0m SELECT c.column_name, constraint_name, constraint_type FROM information_schema.table_constraints tc JOIN information_schema.constraint_column_usage AS ccu USING (constraint_schema, constraint_catalog, table_name, constraint_name) JOIN information_schema.columns AS c ON c.table_schema = tc.constraint_schema AND tc.table_name = c.table_name AND ccu.column_name = c.column_name WHERE constraint_type IN ('PRIMARY KEY', 'UNIQUE') AND c.table_catalog = 'postgres' AND c.table_schema = CURRENT_SCHEMA() AND c.table_name = 'autosave_transactions'

2025/12/24 04:19:39 [32m/Users/louislawrence/Music/apps/stack/lazervault-golang/database/migrations.go:164
[0m[33m[0.167ms] [34;1m[rows:-][0m SELECT a.attname as column_name, format_type(a.atttypid, a.atttypmod) AS data_type
		FROM pg_attribute a JOIN pg_class b ON a.attrelid = b.oid AND relnamespace = (SELECT oid FROM pg_catalog.pg_namespace WHERE nspname = CURRENT_SCHEMA())
		WHERE a.attnum > 0 -- hide internal columns
		AND NOT a.attisdropped -- hide deleted columns
		AND b.relname = 'autosave_transactions'

2025/12/24 04:19:39 [32m/Users/louislawrence/Music/apps/stack/lazervault-golang/database/migrations.go:164
[0m[33m[0.221ms] [34;1m[rows:0][0m SELECT description FROM pg_catalog.pg_description WHERE objsubid = (SELECT ordinal_position FROM information_schema.columns WHERE table_schema = CURRENT_SCHEMA() AND table_name = 'autosave_transactions' AND column_name = 'id') AND objoid = (SELECT oid FROM pg_catalog.pg_class WHERE relname = 'autosave_transactions' AND relnamespace = (SELECT oid FROM pg_catalog.pg_namespace WHERE nspname = CURRENT_SCHEMA()))

2025/12/24 04:19:39 [32m/Users/louislawrence/Music/apps/stack/lazervault-golang/database/migrations.go:164
[0m[33m[0.199ms] [34;1m[rows:0][0m SELECT description FROM pg_catalog.pg_description WHERE objsubid = (SELECT ordinal_position FROM information_schema.columns WHERE table_schema = CURRENT_SCHEMA() AND table_name = 'autosave_transactions' AND column_name = 'created_at') AND objoid = (SELECT oid FROM pg_catalog.pg_class WHERE relname = 'autosave_transactions' AND relnamespace = (SELECT oid FROM pg_catalog.pg_namespace WHERE nspname = CURRENT_SCHEMA()))

2025/12/24 04:19:39 [32m/Users/louislawrence/Music/apps/stack/lazervault-golang/database/migrations.go:164
[0m[33m[0.174ms] [34;1m[rows:0][0m SELECT description FROM pg_catalog.pg_description WHERE objsubid = (SELECT ordinal_position FROM information_schema.columns WHERE table_schema = CURRENT_SCHEMA() AND table_name = 'autosave_transactions' AND column_name = 'updated_at') AND objoid = (SELECT oid FROM pg_catalog.pg_class WHERE relname = 'autosave_transactions' AND relnamespace = (SELECT oid FROM pg_catalog.pg_namespace WHERE nspname = CURRENT_SCHEMA()))

2025/12/24 04:19:39 [32m/Users/louislawrence/Music/apps/stack/lazervault-golang/database/migrations.go:164
[0m[33m[0.161ms] [34;1m[rows:0][0m SELECT description FROM pg_catalog.pg_description WHERE objsubid = (SELECT ordinal_position FROM information_schema.columns WHERE table_schema = CURRENT_SCHEMA() AND table_name = 'autosave_transactions' AND column_name = 'deleted_at') AND objoid = (SELECT oid FROM pg_catalog.pg_class WHERE relname = 'autosave_transactions' AND relnamespace = (SELECT oid FROM pg_catalog.pg_namespace WHERE nspname = CURRENT_SCHEMA()))

2025/12/24 04:19:39 [32m/Users/louislawrence/Music/apps/stack/lazervault-golang/database/migrations.go:164
[0m[33m[0.180ms] [34;1m[rows:0][0m SELECT description FROM pg_catalog.pg_description WHERE objsubid = (SELECT ordinal_position FROM information_schema.columns WHERE table_schema = CURRENT_SCHEMA() AND table_name = 'autosave_transactions' AND column_name = 'rule_id') AND objoid = (SELECT oid FROM pg_catalog.pg_class WHERE relname = 'autosave_transactions' AND relnamespace = (SELECT oid FROM pg_catalog.pg_namespace WHERE nspname = CURRENT_SCHEMA()))

2025/12/24 04:19:39 [32m/Users/louislawrence/Music/apps/stack/lazervault-golang/database/migrations.go:164
[0m[33m[0.236ms] [34;1m[rows:0][0m SELECT description FROM pg_catalog.pg_description WHERE objsubid = (SELECT ordinal_position FROM information_schema.columns WHERE table_schema = CURRENT_SCHEMA() AND table_name = 'autosave_transactions' AND column_name = 'user_id') AND objoid = (SELECT oid FROM pg_catalog.pg_class WHERE relname = 'autosave_transactions' AND relnamespace = (SELECT oid FROM pg_catalog.pg_namespace WHERE nspname = CURRENT_SCHEMA()))

2025/12/24 04:19:39 [32m/Users/louislawrence/Music/apps/stack/lazervault-golang/database/migrations.go:164
[0m[33m[0.346ms] [34;1m[rows:0][0m SELECT description FROM pg_catalog.pg_description WHERE objsubid = (SELECT ordinal_position FROM information_schema.columns WHERE table_schema = CURRENT_SCHEMA() AND table_name = 'autosave_transactions' AND column_name = 'source_account_id') AND objoid = (SELECT oid FROM pg_catalog.pg_class WHERE relname = 'autosave_transactions' AND relnamespace = (SELECT oid FROM pg_catalog.pg_namespace WHERE nspname = CURRENT_SCHEMA()))

2025/12/24 04:19:39 [32m/Users/louislawrence/Music/apps/stack/lazervault-golang/database/migrations.go:164
[0m[33m[0.242ms] [34;1m[rows:0][0m SELECT description FROM pg_catalog.pg_description WHERE objsubid = (SELECT ordinal_position FROM information_schema.columns WHERE table_schema = CURRENT_SCHEMA() AND table_name = 'autosave_transactions' AND column_name = 'destination_account_id') AND objoid = (SELECT oid FROM pg_catalog.pg_class WHERE relname = 'autosave_transactions' AND relnamespace = (SELECT oid FROM pg_catalog.pg_namespace WHERE nspname = CURRENT_SCHEMA()))

2025/12/24 04:19:39 [32m/Users/louislawrence/Music/apps/stack/lazervault-golang/database/migrations.go:164
[0m[33m[0.224ms] [34;1m[rows:0][0m SELECT description FROM pg_catalog.pg_description WHERE objsubid = (SELECT ordinal_position FROM information_schema.columns WHERE table_schema = CURRENT_SCHEMA() AND table_name = 'autosave_transactions' AND column_name = 'amount') AND objoid = (SELECT oid FROM pg_catalog.pg_class WHERE relname = 'autosave_transactions' AND relnamespace = (SELECT oid FROM pg_catalog.pg_namespace WHERE nspname = CURRENT_SCHEMA()))

2025/12/24 04:19:39 [32m/Users/louislawrence/Music/apps/stack/lazervault-golang/database/migrations.go:164
[0m[33m[0.252ms] [34;1m[rows:0][0m SELECT description FROM pg_catalog.pg_description WHERE objsubid = (SELECT ordinal_position FROM information_schema.columns WHERE table_schema = CURRENT_SCHEMA() AND table_name = 'autosave_transactions' AND column_name = 'trigger_type') AND objoid = (SELECT oid FROM pg_catalog.pg_class WHERE relname = 'autosave_transactions' AND relnamespace = (SELECT oid FROM pg_catalog.pg_namespace WHERE nspname = CURRENT_SCHEMA()))

2025/12/24 04:19:39 [32m/Users/louislawrence/Music/apps/stack/lazervault-golang/database/migrations.go:164
[0m[33m[0.169ms] [34;1m[rows:0][0m SELECT description FROM pg_catalog.pg_description WHERE objsubid = (SELECT ordinal_position FROM information_schema.columns WHERE table_schema = CURRENT_SCHEMA() AND table_name = 'autosave_transactions' AND column_name = 'trigger_reason') AND objoid = (SELECT oid FROM pg_catalog.pg_class WHERE relname = 'autosave_transactions' AND relnamespace = (SELECT oid FROM pg_catalog.pg_namespace WHERE nspname = CURRENT_SCHEMA()))

2025/12/24 04:19:39 [32m/Users/louislawrence/Music/apps/stack/lazervault-golang/database/migrations.go:164
[0m[33m[0.146ms] [34;1m[rows:0][0m SELECT description FROM pg_catalog.pg_description WHERE objsubid = (SELECT ordinal_position FROM information_schema.columns WHERE table_schema = CURRENT_SCHEMA() AND table_name = 'autosave_transactions' AND column_name = 'success') AND objoid = (SELECT oid FROM pg_catalog.pg_class WHERE relname = 'autosave_transactions' AND relnamespace = (SELECT oid FROM pg_catalog.pg_namespace WHERE nspname = CURRENT_SCHEMA()))

2025/12/24 04:19:39 [32m/Users/louislawrence/Music/apps/stack/lazervault-golang/database/migrations.go:164
[0m[33m[0.161ms] [34;1m[rows:0][0m SELECT description FROM pg_catalog.pg_description WHERE objsubid = (SELECT ordinal_position FROM information_schema.columns WHERE table_schema = CURRENT_SCHEMA() AND table_name = 'autosave_transactions' AND column_name = 'error_message') AND objoid = (SELECT oid FROM pg_catalog.pg_class WHERE relname = 'autosave_transactions' AND relnamespace = (SELECT oid FROM pg_catalog.pg_namespace WHERE nspname = CURRENT_SCHEMA()))

2025/12/24 04:19:39 [32m/Users/louislawrence/Music/apps/stack/lazervault-golang/database/migrations.go:164
[0m[33m[0.168ms] [34;1m[rows:1][0m SELECT count(*) FROM INFORMATION_SCHEMA.table_constraints WHERE table_schema = CURRENT_SCHEMA() AND table_name = 'autosave_transactions' AND constraint_name = 'fk_autosave_transactions_rule'

2025/12/24 04:19:39 [32m/Users/louislawrence/Music/apps/stack/lazervault-golang/database/migrations.go:164
[0m[33m[0.175ms] [34;1m[rows:1][0m SELECT count(*) FROM INFORMATION_SCHEMA.table_constraints WHERE table_schema = CURRENT_SCHEMA() AND table_name = 'autosave_transactions' AND constraint_name = 'fk_autosave_transactions_user'

2025/12/24 04:19:39 [32m/Users/louislawrence/Music/apps/stack/lazervault-golang/database/migrations.go:164
[0m[33m[0.157ms] [34;1m[rows:1][0m SELECT count(*) FROM INFORMATION_SCHEMA.table_constraints WHERE table_schema = CURRENT_SCHEMA() AND table_name = 'autosave_transactions' AND constraint_name = 'fk_autosave_transactions_source_account'

2025/12/24 04:19:39 [32m/Users/louislawrence/Music/apps/stack/lazervault-golang/database/migrations.go:164
[0m[33m[0.158ms] [34;1m[rows:1][0m SELECT count(*) FROM INFORMATION_SCHEMA.table_constraints WHERE table_schema = CURRENT_SCHEMA() AND table_name = 'autosave_transactions' AND constraint_name = 'fk_autosave_transactions_destination_account'

2025/12/24 04:19:39 [32m/Users/louislawrence/Music/apps/stack/lazervault-golang/database/migrations.go:164
[0m[33m[0.132ms] [34;1m[rows:1][0m SELECT count(*) FROM pg_indexes WHERE tablename = 'autosave_transactions' AND indexname = 'idx_autosave_transactions_deleted_at' AND schemaname = CURRENT_SCHEMA()

2025/12/24 04:19:39 [32m/Users/louislawrence/Music/apps/stack/lazervault-golang/database/migrations.go:164
[0m[33m[0.108ms] [34;1m[rows:1][0m SELECT count(*) FROM pg_indexes WHERE tablename = 'autosave_transactions' AND indexname = 'idx_autosave_transactions_rule_id' AND schemaname = CURRENT_SCHEMA()

2025/12/24 04:19:39 [32m/Users/louislawrence/Music/apps/stack/lazervault-golang/database/migrations.go:164
[0m[33m[0.120ms] [34;1m[rows:1][0m SELECT count(*) FROM pg_indexes WHERE tablename = 'autosave_transactions' AND indexname = 'idx_autosave_transactions_user_id' AND schemaname = CURRENT_SCHEMA()

2025/12/24 04:19:39 [32m/Users/louislawrence/Music/apps/stack/lazervault-golang/database/migrations.go:73
[0m[33m[0.311ms] [34;1m[rows:0][0m 
		ALTER TABLE user_preferences
		ADD COLUMN IF NOT EXISTS preferred_countries text[] DEFAULT '{}',
		ADD COLUMN IF NOT EXISTS active_country varchar(10) DEFAULT '';
	

2025/12/24 04:19:39 [32m/Users/louislawrence/Music/apps/stack/lazervault-golang/database/migrations.go:83
[0m[33m[0.217ms] [34;1m[rows:0][0m 
		ALTER TABLE recipients
		ADD COLUMN IF NOT EXISTS email varchar(255) DEFAULT '',
		ADD COLUMN IF NOT EXISTS phone_number varchar(50) DEFAULT '',
		ADD COLUMN IF NOT EXISTS currency varchar(10) DEFAULT '',
		ADD COLUMN IF NOT EXISTS swift_code varchar(20) DEFAULT '',
		ADD COLUMN IF NOT EXISTS iban varchar(50) DEFAULT '';
	

2025/12/24 04:19:39 [32m/Users/louislawrence/Music/apps/stack/lazervault-golang/database/migrations.go:96
[0m[33m[0.175ms] [34;1m[rows:0][0m 
		ALTER TABLE accounts
		ADD COLUMN IF NOT EXISTS country varchar(10) NOT NULL DEFAULT 'US';
	

2025/12/24 04:19:39 [32m/Users/louislawrence/Music/apps/stack/lazervault-golang/database/migrations.go:105
[0m[33m[0.167ms] [34;1m[rows:0][0m 
		CREATE INDEX IF NOT EXISTS idx_accounts_country ON accounts(country);
	

2025/12/24 04:19:39 [32m/Users/louislawrence/Music/apps/stack/lazervault-golang/database/migrations.go:113
[0m[33m[0.858ms] [34;1m[rows:7][0m 
		UPDATE accounts SET country =
		CASE
			WHEN currency = 'USD' THEN 'US'
			WHEN currency = 'GBP' THEN 'GB'
			WHEN currency = 'NGN' THEN 'NG'
			WHEN currency = 'EUR' THEN 'EU'
			WHEN currency = 'CAD' THEN 'CA'
			WHEN currency = 'AUD' THEN 'AU'
			WHEN currency = 'INR' THEN 'IN'
			WHEN currency = 'CNY' THEN 'CN'
			WHEN currency = 'JPY' THEN 'JP'
			WHEN currency = 'KES' THEN 'KE'
			WHEN currency = 'ZAR' THEN 'ZA'
			ELSE 'US'
		END
		WHERE country = 'US';
	

2025/12/24 04:19:39 [32m/Users/louislawrence/Music/apps/stack/lazervault-golang/database/migrations.go:136
[0m[33m[0.142ms] [34;1m[rows:0][0m 
		CREATE INDEX IF NOT EXISTS idx_accounts_owner_country ON accounts(owner_user_id, country);
	
{"level":"info","time":"2025-12-24T04:19:39Z","message":"task processor started"}
{"level":"info","time":"2025-12-24T04:19:39Z","message":"Starting scheduled transfer processor"}
{"level":"info","time":"2025-12-24T04:19:39Z","message":"starting task processor server"}
{"level":"info","time":"2025-12-24T04:19:39Z","message":"Starting processing"}
{"level":"info","type":"scheduled:transfer:check","payload":"{\"checked_at\":\"2025-12-24T04:19:39Z\"}","queue":"default","max_retry":3,"time":"2025-12-24T04:19:39Z","message":"enqueued task"}
{"level":"info","interval":60000,"time":"2025-12-24T04:19:39Z","message":"Scheduled next transfer check"}
{"level":"info","time":"2025-12-24T04:19:39Z","message":"Scheduled transfer processor started successfully"}
{"level":"info","time":"2025-12-24T04:19:39Z","message":"Starting scheduled auto-save processor"}
{"level":"info","type":"scheduled:autosave:check","payload":"{\"checked_at\":\"2025-12-24T04:19:39Z\"}","queue":"default","max_retry":3,"time":"2025-12-24T04:19:39Z","message":"enqueued task"}
{"level":"info","interval":60000,"time":"2025-12-24T04:19:39Z","message":"Scheduled next auto-save check"}
{"level":"info","time":"2025-12-24T04:19:39Z","message":"Scheduled auto-save processor started successfully"}
{"level":"fatal","error":"failed to listen on gRPC port 7007: listen tcp :7007: bind: address already in use","time":"2025-12-24T04:19:39Z","message":"cannot start server"}
